WIDTH=8;
DEPTH=65536;
ADDRESS_RADIX=HEX;
DATA_RADIX=HEX;
CONTENT BEGIN
	0000 : 00;
	0001 : 01;
	0002 : 02;
	0003 : 03;
	0004 : 04;
	0005 : 05;
	0006 : 06;
	0007 : 07;
	0008 : 08;
	0009 : 09;
	000A : 0A;
	000B : 0B;
	000C : 0C;
	000D : 0D;
	000E : 0E;
	000F : 0F;
	0010 : 10;
	0011 : 11;
	0012 : 12;
	0013 : 13;
	0014 : 14;
	0015 : 15;
	0016 : 16;
	0017 : 17;
	0018 : 18;
	0019 : 19;
	001A : 1A;
	001B : 1B;
	001C : 1C;
	001D : 1D;
	001E : 1E;
	001F : 1F;
	0020 : 20;
	0021 : 21;
	0022 : 22;
	0023 : 23;
	0024 : 24;
	0025 : 25;
	0026 : 26;
	0027 : 27;
	0028 : 28;
	0029 : 29;
	002A : 2A;
	002B : 2B;
	002C : 2C;
	002D : 2D;
	002E : 2E;
	002F : 2F;
	0030 : 30;
	0031 : 31;
	0032 : 32;
	0033 : 33;
	0034 : 34;
	0035 : 35;
	0036 : 36;
	0037 : 37;
	0038 : 38;
	0039 : 39;
	003A : 3A;
	003B : 3B;
	003C : 3C;
	003D : 3D;
	003E : 3E;
	003F : 3F;
	0040 : 40;
	0041 : 41;
	0042 : 42;
	0043 : 43;
	0044 : 44;
	0045 : 45;
	0046 : 46;
	0047 : 47;
	0048 : 48;
	0049 : 49;
	004A : 4A;
	004B : 4B;
	004C : 4C;
	004D : 4D;
	004E : 4E;
	004F : 4F;
	0050 : 50;
	0051 : 51;
	0052 : 52;
	0053 : 53;
	0054 : 54;
	0055 : 55;
	0056 : 56;
	0057 : 57;
	0058 : 58;
	0059 : 59;
	005A : 5A;
	005B : 5B;
	005C : 5C;
	005D : 5D;
	005E : 5E;
	005F : 5F;
	0060 : 60;
	0061 : 61;
	0062 : 62;
	0063 : 63;
	0064 : 64;
	0065 : 65;
	0066 : 66;
	0067 : 67;
	0068 : 68;
	0069 : 69;
	006A : 6A;
	006B : 6B;
	006C : 6C;
	006D : 6D;
	006E : 6E;
	006F : 6F;
	0070 : 70;
	0071 : 71;
	0072 : 72;
	0073 : 73;
	0074 : 74;
	0075 : 75;
	0076 : 76;
	0077 : 77;
	0078 : 78;
	0079 : 79;
	007A : 7A;
	007B : 7B;
	007C : 7C;
	007D : 7D;
	007E : 7E;
	007F : 7F;
	0080 : 00;
	0081 : 81;
	0082 : 82;
	0083 : 83;
	0084 : 84;
	0085 : 85;
	0086 : 86;
	0087 : 87;
	0088 : 88;
	0089 : 89;
	008A : 8A;
	008B : 8B;
	008C : 8C;
	008D : 8D;
	008E : 8E;
	008F : 8F;
	0090 : 90;
	0091 : 91;
	0092 : 92;
	0093 : 93;
	0094 : 94;
	0095 : 95;
	0096 : 96;
	0097 : 97;
	0098 : 98;
	0099 : 99;
	009A : 9A;
	009B : 9B;
	009C : 9C;
	009D : 9D;
	009E : 9E;
	009F : 9F;
	00A0 : A0;
	00A1 : A1;
	00A2 : A2;
	00A3 : A3;
	00A4 : A4;
	00A5 : A5;
	00A6 : A6;
	00A7 : A7;
	00A8 : A8;
	00A9 : A9;
	00AA : AA;
	00AB : AB;
	00AC : AC;
	00AD : AD;
	00AE : AE;
	00AF : AF;
	00B0 : B0;
	00B1 : B1;
	00B2 : B2;
	00B3 : B3;
	00B4 : B4;
	00B5 : B5;
	00B6 : B6;
	00B7 : B7;
	00B8 : B8;
	00B9 : B9;
	00BA : BA;
	00BB : BB;
	00BC : BC;
	00BD : BD;
	00BE : BE;
	00BF : BF;
	00C0 : C0;
	00C1 : C1;
	00C2 : C2;
	00C3 : C3;
	00C4 : C4;
	00C5 : C5;
	00C6 : C6;
	00C7 : C7;
	00C8 : C8;
	00C9 : C9;
	00CA : CA;
	00CB : CB;
	00CC : CC;
	00CD : CD;
	00CE : CE;
	00CF : CF;
	00D0 : D0;
	00D1 : D1;
	00D2 : D2;
	00D3 : D3;
	00D4 : D4;
	00D5 : D5;
	00D6 : D6;
	00D7 : D7;
	00D8 : D8;
	00D9 : D9;
	00DA : DA;
	00DB : DB;
	00DC : DC;
	00DD : DD;
	00DE : DE;
	00DF : DF;
	00E0 : E0;
	00E1 : E1;
	00E2 : E2;
	00E3 : E3;
	00E4 : E4;
	00E5 : E5;
	00E6 : E6;
	00E7 : E7;
	00E8 : E8;
	00E9 : E9;
	00EA : EA;
	00EB : EB;
	00EC : EC;
	00ED : ED;
	00EE : EE;
	00EF : EF;
	00F0 : F0;
	00F1 : F1;
	00F2 : F2;
	00F3 : F3;
	00F4 : F4;
	00F5 : F5;
	00F6 : F6;
	00F7 : F7;
	00F8 : F8;
	00F9 : F9;
	00FA : FA;
	00FB : FB;
	00FC : FC;
	00FD : FD;
	00FE : FE;
	00FF : 7F;
	0100 : 01;
	0101 : 02;
	0102 : 03;
	0103 : 04;
	0104 : 05;
	0105 : 06;
	0106 : 07;
	0107 : 08;
	0108 : 09;
	0109 : 0A;
	010A : 0B;
	010B : 0C;
	010C : 0D;
	010D : 0E;
	010E : 0F;
	010F : 10;
	0110 : 10;
	0111 : 12;
	0112 : 12;
	0113 : 14;
	0114 : 14;
	0115 : 16;
	0116 : 16;
	0117 : 18;
	0118 : 18;
	0119 : 19;
	011A : 1A;
	011B : 1B;
	011C : 1C;
	011D : 1D;
	011E : 1E;
	011F : 1F;
	0120 : 20;
	0121 : 21;
	0122 : 22;
	0123 : 23;
	0124 : 24;
	0125 : 25;
	0126 : 26;
	0127 : 27;
	0128 : 28;
	0129 : 29;
	012A : 2A;
	012B : 2B;
	012C : 2C;
	012D : 2D;
	012E : 2E;
	012F : 2F;
	0130 : 30;
	0131 : 31;
	0132 : 32;
	0133 : 33;
	0134 : 34;
	0135 : 35;
	0136 : 36;
	0137 : 37;
	0138 : 38;
	0139 : 39;
	013A : 3A;
	013B : 3B;
	013C : 3C;
	013D : 3D;
	013E : 3E;
	013F : 3F;
	0140 : 40;
	0141 : 41;
	0142 : 42;
	0143 : 43;
	0144 : 44;
	0145 : 45;
	0146 : 46;
	0147 : 47;
	0148 : 48;
	0149 : 49;
	014A : 4A;
	014B : 4B;
	014C : 4C;
	014D : 4D;
	014E : 4E;
	014F : 4F;
	0150 : 50;
	0151 : 51;
	0152 : 52;
	0153 : 53;
	0154 : 54;
	0155 : 55;
	0156 : 56;
	0157 : 57;
	0158 : 58;
	0159 : 59;
	015A : 5A;
	015B : 5B;
	015C : 5C;
	015D : 5D;
	015E : 5E;
	015F : 5F;
	0160 : 60;
	0161 : 61;
	0162 : 62;
	0163 : 63;
	0164 : 64;
	0165 : 65;
	0166 : 66;
	0167 : 67;
	0168 : 68;
	0169 : 69;
	016A : 6A;
	016B : 6B;
	016C : 6C;
	016D : 6D;
	016E : 6E;
	016F : 6F;
	0170 : 70;
	0171 : 71;
	0172 : 72;
	0173 : 73;
	0174 : 74;
	0175 : 75;
	0176 : 76;
	0177 : 77;
	0178 : 78;
	0179 : 79;
	017A : 7A;
	017B : 7B;
	017C : 7C;
	017D : 7D;
	017E : 7E;
	017F : 7F;
	0180 : 01;
	0181 : 00;
	0182 : 81;
	0183 : 82;
	0184 : 83;
	0185 : 84;
	0186 : 85;
	0187 : 86;
	0188 : 87;
	0189 : 88;
	018A : 89;
	018B : 8A;
	018C : 8B;
	018D : 8C;
	018E : 8D;
	018F : 8E;
	0190 : 8F;
	0191 : 90;
	0192 : 92;
	0193 : 92;
	0194 : 94;
	0195 : 94;
	0196 : 96;
	0197 : 96;
	0198 : 98;
	0199 : 99;
	019A : 9A;
	019B : 9B;
	019C : 9C;
	019D : 9D;
	019E : 9E;
	019F : 9F;
	01A0 : A0;
	01A1 : A1;
	01A2 : A2;
	01A3 : A3;
	01A4 : A4;
	01A5 : A5;
	01A6 : A6;
	01A7 : A7;
	01A8 : A8;
	01A9 : A9;
	01AA : AA;
	01AB : AB;
	01AC : AC;
	01AD : AD;
	01AE : AE;
	01AF : AF;
	01B0 : B0;
	01B1 : B1;
	01B2 : B2;
	01B3 : B3;
	01B4 : B4;
	01B5 : B5;
	01B6 : B6;
	01B7 : B7;
	01B8 : B8;
	01B9 : B9;
	01BA : BA;
	01BB : BB;
	01BC : BC;
	01BD : BD;
	01BE : BE;
	01BF : BF;
	01C0 : C0;
	01C1 : C1;
	01C2 : C2;
	01C3 : C3;
	01C4 : C4;
	01C5 : C5;
	01C6 : C6;
	01C7 : C7;
	01C8 : C8;
	01C9 : C9;
	01CA : CA;
	01CB : CB;
	01CC : CC;
	01CD : CD;
	01CE : CE;
	01CF : CF;
	01D0 : D0;
	01D1 : D1;
	01D2 : D2;
	01D3 : D3;
	01D4 : D4;
	01D5 : D5;
	01D6 : D6;
	01D7 : D7;
	01D8 : D8;
	01D9 : D9;
	01DA : DA;
	01DB : DB;
	01DC : DC;
	01DD : DD;
	01DE : DE;
	01DF : DF;
	01E0 : E0;
	01E1 : E1;
	01E2 : E2;
	01E3 : E3;
	01E4 : E4;
	01E5 : E5;
	01E6 : E6;
	01E7 : E7;
	01E8 : E8;
	01E9 : E9;
	01EA : EA;
	01EB : EB;
	01EC : EC;
	01ED : ED;
	01EE : EE;
	01EF : EF;
	01F0 : F0;
	01F1 : F1;
	01F2 : F2;
	01F3 : F3;
	01F4 : F4;
	01F5 : F5;
	01F6 : F6;
	01F7 : F7;
	01F8 : F8;
	01F9 : F9;
	01FA : FA;
	01FB : FB;
	01FC : FC;
	01FD : FD;
	01FE : FE;
	01FF : 7F;
	0200 : 02;
	0201 : 03;
	0202 : 04;
	0203 : 05;
	0204 : 06;
	0205 : 07;
	0206 : 08;
	0207 : 09;
	0208 : 0A;
	0209 : 0B;
	020A : 0C;
	020B : 0D;
	020C : 0E;
	020D : 0F;
	020E : 10;
	020F : 10;
	0210 : 11;
	0211 : 12;
	0212 : 13;
	0213 : 14;
	0214 : 15;
	0215 : 16;
	0216 : 17;
	0217 : 18;
	0218 : 18;
	0219 : 1A;
	021A : 1A;
	021B : 1C;
	021C : 1C;
	021D : 1E;
	021E : 1E;
	021F : 20;
	0220 : 20;
	0221 : 21;
	0222 : 22;
	0223 : 23;
	0224 : 24;
	0225 : 25;
	0226 : 26;
	0227 : 27;
	0228 : 28;
	0229 : 29;
	022A : 2A;
	022B : 2B;
	022C : 2C;
	022D : 2D;
	022E : 2E;
	022F : 2F;
	0230 : 30;
	0231 : 31;
	0232 : 32;
	0233 : 33;
	0234 : 34;
	0235 : 35;
	0236 : 36;
	0237 : 37;
	0238 : 38;
	0239 : 39;
	023A : 3A;
	023B : 3B;
	023C : 3C;
	023D : 3D;
	023E : 3E;
	023F : 3F;
	0240 : 40;
	0241 : 41;
	0242 : 42;
	0243 : 43;
	0244 : 44;
	0245 : 45;
	0246 : 46;
	0247 : 47;
	0248 : 48;
	0249 : 49;
	024A : 4A;
	024B : 4B;
	024C : 4C;
	024D : 4D;
	024E : 4E;
	024F : 4F;
	0250 : 50;
	0251 : 51;
	0252 : 52;
	0253 : 53;
	0254 : 54;
	0255 : 55;
	0256 : 56;
	0257 : 57;
	0258 : 58;
	0259 : 59;
	025A : 5A;
	025B : 5B;
	025C : 5C;
	025D : 5D;
	025E : 5E;
	025F : 5F;
	0260 : 60;
	0261 : 61;
	0262 : 62;
	0263 : 63;
	0264 : 64;
	0265 : 65;
	0266 : 66;
	0267 : 67;
	0268 : 68;
	0269 : 69;
	026A : 6A;
	026B : 6B;
	026C : 6C;
	026D : 6D;
	026E : 6E;
	026F : 6F;
	0270 : 70;
	0271 : 71;
	0272 : 72;
	0273 : 73;
	0274 : 74;
	0275 : 75;
	0276 : 76;
	0277 : 77;
	0278 : 78;
	0279 : 79;
	027A : 7A;
	027B : 7B;
	027C : 7C;
	027D : 7D;
	027E : 7E;
	027F : 7F;
	0280 : 02;
	0281 : 01;
	0282 : 00;
	0283 : 81;
	0284 : 82;
	0285 : 83;
	0286 : 84;
	0287 : 85;
	0288 : 86;
	0289 : 87;
	028A : 88;
	028B : 89;
	028C : 8A;
	028D : 8B;
	028E : 8C;
	028F : 8D;
	0290 : 8E;
	0291 : 90;
	0292 : 91;
	0293 : 92;
	0294 : 93;
	0295 : 94;
	0296 : 95;
	0297 : 96;
	0298 : 97;
	0299 : 98;
	029A : 9A;
	029B : 9A;
	029C : 9C;
	029D : 9C;
	029E : 9E;
	029F : 9E;
	02A0 : A0;
	02A1 : A1;
	02A2 : A2;
	02A3 : A3;
	02A4 : A4;
	02A5 : A5;
	02A6 : A6;
	02A7 : A7;
	02A8 : A8;
	02A9 : A9;
	02AA : AA;
	02AB : AB;
	02AC : AC;
	02AD : AD;
	02AE : AE;
	02AF : AF;
	02B0 : B0;
	02B1 : B1;
	02B2 : B2;
	02B3 : B3;
	02B4 : B4;
	02B5 : B5;
	02B6 : B6;
	02B7 : B7;
	02B8 : B8;
	02B9 : B9;
	02BA : BA;
	02BB : BB;
	02BC : BC;
	02BD : BD;
	02BE : BE;
	02BF : BF;
	02C0 : C0;
	02C1 : C1;
	02C2 : C2;
	02C3 : C3;
	02C4 : C4;
	02C5 : C5;
	02C6 : C6;
	02C7 : C7;
	02C8 : C8;
	02C9 : C9;
	02CA : CA;
	02CB : CB;
	02CC : CC;
	02CD : CD;
	02CE : CE;
	02CF : CF;
	02D0 : D0;
	02D1 : D1;
	02D2 : D2;
	02D3 : D3;
	02D4 : D4;
	02D5 : D5;
	02D6 : D6;
	02D7 : D7;
	02D8 : D8;
	02D9 : D9;
	02DA : DA;
	02DB : DB;
	02DC : DC;
	02DD : DD;
	02DE : DE;
	02DF : DF;
	02E0 : E0;
	02E1 : E1;
	02E2 : E2;
	02E3 : E3;
	02E4 : E4;
	02E5 : E5;
	02E6 : E6;
	02E7 : E7;
	02E8 : E8;
	02E9 : E9;
	02EA : EA;
	02EB : EB;
	02EC : EC;
	02ED : ED;
	02EE : EE;
	02EF : EF;
	02F0 : F0;
	02F1 : F1;
	02F2 : F2;
	02F3 : F3;
	02F4 : F4;
	02F5 : F5;
	02F6 : F6;
	02F7 : F7;
	02F8 : F8;
	02F9 : F9;
	02FA : FA;
	02FB : FB;
	02FC : FC;
	02FD : FD;
	02FE : FE;
	02FF : 7F;
	0300 : 03;
	0301 : 04;
	0302 : 05;
	0303 : 06;
	0304 : 07;
	0305 : 08;
	0306 : 09;
	0307 : 0A;
	0308 : 0B;
	0309 : 0C;
	030A : 0D;
	030B : 0E;
	030C : 0F;
	030D : 10;
	030E : 10;
	030F : 11;
	0310 : 12;
	0311 : 12;
	0312 : 14;
	0313 : 14;
	0314 : 16;
	0315 : 16;
	0316 : 18;
	0317 : 18;
	0318 : 19;
	0319 : 1A;
	031A : 1B;
	031B : 1C;
	031C : 1D;
	031D : 1E;
	031E : 1F;
	031F : 20;
	0320 : 20;
	0321 : 21;
	0322 : 22;
	0323 : 23;
	0324 : 24;
	0325 : 25;
	0326 : 26;
	0327 : 27;
	0328 : 28;
	0329 : 29;
	032A : 2A;
	032B : 2B;
	032C : 2C;
	032D : 2D;
	032E : 2E;
	032F : 2F;
	0330 : 30;
	0331 : 31;
	0332 : 32;
	0333 : 33;
	0334 : 34;
	0335 : 35;
	0336 : 36;
	0337 : 37;
	0338 : 38;
	0339 : 39;
	033A : 3A;
	033B : 3B;
	033C : 3C;
	033D : 3D;
	033E : 3E;
	033F : 3F;
	0340 : 40;
	0341 : 41;
	0342 : 42;
	0343 : 43;
	0344 : 44;
	0345 : 45;
	0346 : 46;
	0347 : 47;
	0348 : 48;
	0349 : 49;
	034A : 4A;
	034B : 4B;
	034C : 4C;
	034D : 4D;
	034E : 4E;
	034F : 4F;
	0350 : 50;
	0351 : 51;
	0352 : 52;
	0353 : 53;
	0354 : 54;
	0355 : 55;
	0356 : 56;
	0357 : 57;
	0358 : 58;
	0359 : 59;
	035A : 5A;
	035B : 5B;
	035C : 5C;
	035D : 5D;
	035E : 5E;
	035F : 5F;
	0360 : 60;
	0361 : 61;
	0362 : 62;
	0363 : 63;
	0364 : 64;
	0365 : 65;
	0366 : 66;
	0367 : 67;
	0368 : 68;
	0369 : 69;
	036A : 6A;
	036B : 6B;
	036C : 6C;
	036D : 6D;
	036E : 6E;
	036F : 6F;
	0370 : 70;
	0371 : 71;
	0372 : 72;
	0373 : 73;
	0374 : 74;
	0375 : 75;
	0376 : 76;
	0377 : 77;
	0378 : 78;
	0379 : 79;
	037A : 7A;
	037B : 7B;
	037C : 7C;
	037D : 7D;
	037E : 7E;
	037F : 7F;
	0380 : 03;
	0381 : 02;
	0382 : 01;
	0383 : 00;
	0384 : 81;
	0385 : 82;
	0386 : 83;
	0387 : 84;
	0388 : 85;
	0389 : 86;
	038A : 87;
	038B : 88;
	038C : 89;
	038D : 8A;
	038E : 8B;
	038F : 8C;
	0390 : 8D;
	0391 : 8F;
	0392 : 90;
	0393 : 92;
	0394 : 92;
	0395 : 94;
	0396 : 94;
	0397 : 96;
	0398 : 96;
	0399 : 98;
	039A : 99;
	039B : 9A;
	039C : 9B;
	039D : 9C;
	039E : 9D;
	039F : 9E;
	03A0 : 9F;
	03A1 : A1;
	03A2 : A2;
	03A3 : A3;
	03A4 : A4;
	03A5 : A5;
	03A6 : A6;
	03A7 : A7;
	03A8 : A8;
	03A9 : A9;
	03AA : AA;
	03AB : AB;
	03AC : AC;
	03AD : AD;
	03AE : AE;
	03AF : AF;
	03B0 : B0;
	03B1 : B1;
	03B2 : B2;
	03B3 : B3;
	03B4 : B4;
	03B5 : B5;
	03B6 : B6;
	03B7 : B7;
	03B8 : B8;
	03B9 : B9;
	03BA : BA;
	03BB : BB;
	03BC : BC;
	03BD : BD;
	03BE : BE;
	03BF : BF;
	03C0 : C0;
	03C1 : C1;
	03C2 : C2;
	03C3 : C3;
	03C4 : C4;
	03C5 : C5;
	03C6 : C6;
	03C7 : C7;
	03C8 : C8;
	03C9 : C9;
	03CA : CA;
	03CB : CB;
	03CC : CC;
	03CD : CD;
	03CE : CE;
	03CF : CF;
	03D0 : D0;
	03D1 : D1;
	03D2 : D2;
	03D3 : D3;
	03D4 : D4;
	03D5 : D5;
	03D6 : D6;
	03D7 : D7;
	03D8 : D8;
	03D9 : D9;
	03DA : DA;
	03DB : DB;
	03DC : DC;
	03DD : DD;
	03DE : DE;
	03DF : DF;
	03E0 : E0;
	03E1 : E1;
	03E2 : E2;
	03E3 : E3;
	03E4 : E4;
	03E5 : E5;
	03E6 : E6;
	03E7 : E7;
	03E8 : E8;
	03E9 : E9;
	03EA : EA;
	03EB : EB;
	03EC : EC;
	03ED : ED;
	03EE : EE;
	03EF : EF;
	03F0 : F0;
	03F1 : F1;
	03F2 : F2;
	03F3 : F3;
	03F4 : F4;
	03F5 : F5;
	03F6 : F6;
	03F7 : F7;
	03F8 : F8;
	03F9 : F9;
	03FA : FA;
	03FB : FB;
	03FC : FC;
	03FD : FD;
	03FE : FE;
	03FF : 7F;
	0400 : 04;
	0401 : 05;
	0402 : 06;
	0403 : 07;
	0404 : 08;
	0405 : 09;
	0406 : 0A;
	0407 : 0B;
	0408 : 0C;
	0409 : 0D;
	040A : 0E;
	040B : 0F;
	040C : 10;
	040D : 10;
	040E : 11;
	040F : 12;
	0410 : 12;
	0411 : 13;
	0412 : 14;
	0413 : 15;
	0414 : 16;
	0415 : 17;
	0416 : 18;
	0417 : 18;
	0418 : 19;
	0419 : 1A;
	041A : 1B;
	041B : 1C;
	041C : 1D;
	041D : 1E;
	041E : 1F;
	041F : 20;
	0420 : 20;
	0421 : 22;
	0422 : 22;
	0423 : 24;
	0424 : 24;
	0425 : 26;
	0426 : 26;
	0427 : 28;
	0428 : 28;
	0429 : 29;
	042A : 2A;
	042B : 2B;
	042C : 2C;
	042D : 2D;
	042E : 2E;
	042F : 2F;
	0430 : 30;
	0431 : 31;
	0432 : 32;
	0433 : 33;
	0434 : 34;
	0435 : 35;
	0436 : 36;
	0437 : 37;
	0438 : 38;
	0439 : 39;
	043A : 3A;
	043B : 3B;
	043C : 3C;
	043D : 3D;
	043E : 3E;
	043F : 3F;
	0440 : 40;
	0441 : 41;
	0442 : 42;
	0443 : 43;
	0444 : 44;
	0445 : 45;
	0446 : 46;
	0447 : 47;
	0448 : 48;
	0449 : 49;
	044A : 4A;
	044B : 4B;
	044C : 4C;
	044D : 4D;
	044E : 4E;
	044F : 4F;
	0450 : 50;
	0451 : 51;
	0452 : 52;
	0453 : 53;
	0454 : 54;
	0455 : 55;
	0456 : 56;
	0457 : 57;
	0458 : 58;
	0459 : 59;
	045A : 5A;
	045B : 5B;
	045C : 5C;
	045D : 5D;
	045E : 5E;
	045F : 5F;
	0460 : 60;
	0461 : 61;
	0462 : 62;
	0463 : 63;
	0464 : 64;
	0465 : 65;
	0466 : 66;
	0467 : 67;
	0468 : 68;
	0469 : 69;
	046A : 6A;
	046B : 6B;
	046C : 6C;
	046D : 6D;
	046E : 6E;
	046F : 6F;
	0470 : 70;
	0471 : 71;
	0472 : 72;
	0473 : 73;
	0474 : 74;
	0475 : 75;
	0476 : 76;
	0477 : 77;
	0478 : 78;
	0479 : 79;
	047A : 7A;
	047B : 7B;
	047C : 7C;
	047D : 7D;
	047E : 7E;
	047F : 7F;
	0480 : 04;
	0481 : 03;
	0482 : 02;
	0483 : 01;
	0484 : 00;
	0485 : 81;
	0486 : 82;
	0487 : 83;
	0488 : 84;
	0489 : 85;
	048A : 86;
	048B : 87;
	048C : 88;
	048D : 89;
	048E : 8A;
	048F : 8B;
	0490 : 8C;
	0491 : 8E;
	0492 : 90;
	0493 : 91;
	0494 : 92;
	0495 : 93;
	0496 : 94;
	0497 : 95;
	0498 : 96;
	0499 : 98;
	049A : 99;
	049B : 9A;
	049C : 9B;
	049D : 9C;
	049E : 9D;
	049F : 9E;
	04A0 : 9F;
	04A1 : A0;
	04A2 : A2;
	04A3 : A2;
	04A4 : A4;
	04A5 : A4;
	04A6 : A6;
	04A7 : A6;
	04A8 : A8;
	04A9 : A9;
	04AA : AA;
	04AB : AB;
	04AC : AC;
	04AD : AD;
	04AE : AE;
	04AF : AF;
	04B0 : B0;
	04B1 : B1;
	04B2 : B2;
	04B3 : B3;
	04B4 : B4;
	04B5 : B5;
	04B6 : B6;
	04B7 : B7;
	04B8 : B8;
	04B9 : B9;
	04BA : BA;
	04BB : BB;
	04BC : BC;
	04BD : BD;
	04BE : BE;
	04BF : BF;
	04C0 : C0;
	04C1 : C1;
	04C2 : C2;
	04C3 : C3;
	04C4 : C4;
	04C5 : C5;
	04C6 : C6;
	04C7 : C7;
	04C8 : C8;
	04C9 : C9;
	04CA : CA;
	04CB : CB;
	04CC : CC;
	04CD : CD;
	04CE : CE;
	04CF : CF;
	04D0 : D0;
	04D1 : D1;
	04D2 : D2;
	04D3 : D3;
	04D4 : D4;
	04D5 : D5;
	04D6 : D6;
	04D7 : D7;
	04D8 : D8;
	04D9 : D9;
	04DA : DA;
	04DB : DB;
	04DC : DC;
	04DD : DD;
	04DE : DE;
	04DF : DF;
	04E0 : E0;
	04E1 : E1;
	04E2 : E2;
	04E3 : E3;
	04E4 : E4;
	04E5 : E5;
	04E6 : E6;
	04E7 : E7;
	04E8 : E8;
	04E9 : E9;
	04EA : EA;
	04EB : EB;
	04EC : EC;
	04ED : ED;
	04EE : EE;
	04EF : EF;
	04F0 : F0;
	04F1 : F1;
	04F2 : F2;
	04F3 : F3;
	04F4 : F4;
	04F5 : F5;
	04F6 : F6;
	04F7 : F7;
	04F8 : F8;
	04F9 : F9;
	04FA : FA;
	04FB : FB;
	04FC : FC;
	04FD : FD;
	04FE : FE;
	04FF : 7F;
	0500 : 05;
	0501 : 06;
	0502 : 07;
	0503 : 08;
	0504 : 09;
	0505 : 0A;
	0506 : 0B;
	0507 : 0C;
	0508 : 0D;
	0509 : 0E;
	050A : 0F;
	050B : 10;
	050C : 10;
	050D : 11;
	050E : 12;
	050F : 12;
	0510 : 12;
	0511 : 14;
	0512 : 14;
	0513 : 16;
	0514 : 16;
	0515 : 18;
	0516 : 18;
	0517 : 19;
	0518 : 19;
	0519 : 1A;
	051A : 1B;
	051B : 1C;
	051C : 1D;
	051D : 1E;
	051E : 1F;
	051F : 20;
	0520 : 21;
	0521 : 22;
	0522 : 23;
	0523 : 24;
	0524 : 25;
	0525 : 26;
	0526 : 27;
	0527 : 28;
	0528 : 28;
	0529 : 29;
	052A : 2A;
	052B : 2B;
	052C : 2C;
	052D : 2D;
	052E : 2E;
	052F : 2F;
	0530 : 30;
	0531 : 31;
	0532 : 32;
	0533 : 33;
	0534 : 34;
	0535 : 35;
	0536 : 36;
	0537 : 37;
	0538 : 38;
	0539 : 39;
	053A : 3A;
	053B : 3B;
	053C : 3C;
	053D : 3D;
	053E : 3E;
	053F : 3F;
	0540 : 40;
	0541 : 41;
	0542 : 42;
	0543 : 43;
	0544 : 44;
	0545 : 45;
	0546 : 46;
	0547 : 47;
	0548 : 48;
	0549 : 49;
	054A : 4A;
	054B : 4B;
	054C : 4C;
	054D : 4D;
	054E : 4E;
	054F : 4F;
	0550 : 50;
	0551 : 51;
	0552 : 52;
	0553 : 53;
	0554 : 54;
	0555 : 55;
	0556 : 56;
	0557 : 57;
	0558 : 58;
	0559 : 59;
	055A : 5A;
	055B : 5B;
	055C : 5C;
	055D : 5D;
	055E : 5E;
	055F : 5F;
	0560 : 60;
	0561 : 61;
	0562 : 62;
	0563 : 63;
	0564 : 64;
	0565 : 65;
	0566 : 66;
	0567 : 67;
	0568 : 68;
	0569 : 69;
	056A : 6A;
	056B : 6B;
	056C : 6C;
	056D : 6D;
	056E : 6E;
	056F : 6F;
	0570 : 70;
	0571 : 71;
	0572 : 72;
	0573 : 73;
	0574 : 74;
	0575 : 75;
	0576 : 76;
	0577 : 77;
	0578 : 78;
	0579 : 79;
	057A : 7A;
	057B : 7B;
	057C : 7C;
	057D : 7D;
	057E : 7E;
	057F : 7F;
	0580 : 05;
	0581 : 04;
	0582 : 03;
	0583 : 02;
	0584 : 01;
	0585 : 00;
	0586 : 81;
	0587 : 82;
	0588 : 83;
	0589 : 84;
	058A : 85;
	058B : 86;
	058C : 87;
	058D : 88;
	058E : 89;
	058F : 8A;
	0590 : 8B;
	0591 : 8D;
	0592 : 8F;
	0593 : 90;
	0594 : 92;
	0595 : 92;
	0596 : 94;
	0597 : 94;
	0598 : 96;
	0599 : 98;
	059A : 99;
	059B : 9A;
	059C : 9B;
	059D : 9C;
	059E : 9D;
	059F : 9E;
	05A0 : 9F;
	05A1 : A0;
	05A2 : A1;
	05A3 : A2;
	05A4 : A3;
	05A5 : A4;
	05A6 : A5;
	05A7 : A6;
	05A8 : A7;
	05A9 : A9;
	05AA : AA;
	05AB : AB;
	05AC : AC;
	05AD : AD;
	05AE : AE;
	05AF : AF;
	05B0 : B0;
	05B1 : B1;
	05B2 : B2;
	05B3 : B3;
	05B4 : B4;
	05B5 : B5;
	05B6 : B6;
	05B7 : B7;
	05B8 : B8;
	05B9 : B9;
	05BA : BA;
	05BB : BB;
	05BC : BC;
	05BD : BD;
	05BE : BE;
	05BF : BF;
	05C0 : C0;
	05C1 : C1;
	05C2 : C2;
	05C3 : C3;
	05C4 : C4;
	05C5 : C5;
	05C6 : C6;
	05C7 : C7;
	05C8 : C8;
	05C9 : C9;
	05CA : CA;
	05CB : CB;
	05CC : CC;
	05CD : CD;
	05CE : CE;
	05CF : CF;
	05D0 : D0;
	05D1 : D1;
	05D2 : D2;
	05D3 : D3;
	05D4 : D4;
	05D5 : D5;
	05D6 : D6;
	05D7 : D7;
	05D8 : D8;
	05D9 : D9;
	05DA : DA;
	05DB : DB;
	05DC : DC;
	05DD : DD;
	05DE : DE;
	05DF : DF;
	05E0 : E0;
	05E1 : E1;
	05E2 : E2;
	05E3 : E3;
	05E4 : E4;
	05E5 : E5;
	05E6 : E6;
	05E7 : E7;
	05E8 : E8;
	05E9 : E9;
	05EA : EA;
	05EB : EB;
	05EC : EC;
	05ED : ED;
	05EE : EE;
	05EF : EF;
	05F0 : F0;
	05F1 : F1;
	05F2 : F2;
	05F3 : F3;
	05F4 : F4;
	05F5 : F5;
	05F6 : F6;
	05F7 : F7;
	05F8 : F8;
	05F9 : F9;
	05FA : FA;
	05FB : FB;
	05FC : FC;
	05FD : FD;
	05FE : FE;
	05FF : 7F;
	0600 : 06;
	0601 : 07;
	0602 : 08;
	0603 : 09;
	0604 : 0A;
	0605 : 0B;
	0606 : 0C;
	0607 : 0D;
	0608 : 0E;
	0609 : 0F;
	060A : 10;
	060B : 10;
	060C : 11;
	060D : 12;
	060E : 12;
	060F : 12;
	0610 : 13;
	0611 : 14;
	0612 : 15;
	0613 : 16;
	0614 : 17;
	0615 : 18;
	0616 : 18;
	0617 : 19;
	0618 : 1A;
	0619 : 1A;
	061A : 1C;
	061B : 1C;
	061C : 1E;
	061D : 1E;
	061E : 20;
	061F : 20;
	0620 : 21;
	0621 : 22;
	0622 : 23;
	0623 : 24;
	0624 : 25;
	0625 : 26;
	0626 : 27;
	0627 : 28;
	0628 : 28;
	0629 : 29;
	062A : 2A;
	062B : 2B;
	062C : 2C;
	062D : 2D;
	062E : 2E;
	062F : 2F;
	0630 : 30;
	0631 : 31;
	0632 : 32;
	0633 : 33;
	0634 : 34;
	0635 : 35;
	0636 : 36;
	0637 : 37;
	0638 : 38;
	0639 : 39;
	063A : 3A;
	063B : 3B;
	063C : 3C;
	063D : 3D;
	063E : 3E;
	063F : 3F;
	0640 : 40;
	0641 : 41;
	0642 : 42;
	0643 : 43;
	0644 : 44;
	0645 : 45;
	0646 : 46;
	0647 : 47;
	0648 : 48;
	0649 : 49;
	064A : 4A;
	064B : 4B;
	064C : 4C;
	064D : 4D;
	064E : 4E;
	064F : 4F;
	0650 : 50;
	0651 : 51;
	0652 : 52;
	0653 : 53;
	0654 : 54;
	0655 : 55;
	0656 : 56;
	0657 : 57;
	0658 : 58;
	0659 : 59;
	065A : 5A;
	065B : 5B;
	065C : 5C;
	065D : 5D;
	065E : 5E;
	065F : 5F;
	0660 : 60;
	0661 : 61;
	0662 : 62;
	0663 : 63;
	0664 : 64;
	0665 : 65;
	0666 : 66;
	0667 : 67;
	0668 : 68;
	0669 : 69;
	066A : 6A;
	066B : 6B;
	066C : 6C;
	066D : 6D;
	066E : 6E;
	066F : 6F;
	0670 : 70;
	0671 : 71;
	0672 : 72;
	0673 : 73;
	0674 : 74;
	0675 : 75;
	0676 : 76;
	0677 : 77;
	0678 : 78;
	0679 : 79;
	067A : 7A;
	067B : 7B;
	067C : 7C;
	067D : 7D;
	067E : 7E;
	067F : 7F;
	0680 : 06;
	0681 : 05;
	0682 : 04;
	0683 : 03;
	0684 : 02;
	0685 : 01;
	0686 : 00;
	0687 : 81;
	0688 : 82;
	0689 : 83;
	068A : 84;
	068B : 85;
	068C : 86;
	068D : 87;
	068E : 88;
	068F : 89;
	0690 : 8A;
	0691 : 8C;
	0692 : 8E;
	0693 : 90;
	0694 : 91;
	0695 : 92;
	0696 : 93;
	0697 : 94;
	0698 : 95;
	0699 : 97;
	069A : 98;
	069B : 9A;
	069C : 9A;
	069D : 9C;
	069E : 9C;
	069F : 9E;
	06A0 : 9E;
	06A1 : A0;
	06A2 : A1;
	06A3 : A2;
	06A4 : A3;
	06A5 : A4;
	06A6 : A5;
	06A7 : A6;
	06A8 : A7;
	06A9 : A9;
	06AA : AA;
	06AB : AB;
	06AC : AC;
	06AD : AD;
	06AE : AE;
	06AF : AF;
	06B0 : B0;
	06B1 : B1;
	06B2 : B2;
	06B3 : B3;
	06B4 : B4;
	06B5 : B5;
	06B6 : B6;
	06B7 : B7;
	06B8 : B8;
	06B9 : B9;
	06BA : BA;
	06BB : BB;
	06BC : BC;
	06BD : BD;
	06BE : BE;
	06BF : BF;
	06C0 : C0;
	06C1 : C1;
	06C2 : C2;
	06C3 : C3;
	06C4 : C4;
	06C5 : C5;
	06C6 : C6;
	06C7 : C7;
	06C8 : C8;
	06C9 : C9;
	06CA : CA;
	06CB : CB;
	06CC : CC;
	06CD : CD;
	06CE : CE;
	06CF : CF;
	06D0 : D0;
	06D1 : D1;
	06D2 : D2;
	06D3 : D3;
	06D4 : D4;
	06D5 : D5;
	06D6 : D6;
	06D7 : D7;
	06D8 : D8;
	06D9 : D9;
	06DA : DA;
	06DB : DB;
	06DC : DC;
	06DD : DD;
	06DE : DE;
	06DF : DF;
	06E0 : E0;
	06E1 : E1;
	06E2 : E2;
	06E3 : E3;
	06E4 : E4;
	06E5 : E5;
	06E6 : E6;
	06E7 : E7;
	06E8 : E8;
	06E9 : E9;
	06EA : EA;
	06EB : EB;
	06EC : EC;
	06ED : ED;
	06EE : EE;
	06EF : EF;
	06F0 : F0;
	06F1 : F1;
	06F2 : F2;
	06F3 : F3;
	06F4 : F4;
	06F5 : F5;
	06F6 : F6;
	06F7 : F7;
	06F8 : F8;
	06F9 : F9;
	06FA : FA;
	06FB : FB;
	06FC : FC;
	06FD : FD;
	06FE : FE;
	06FF : 7F;
	0700 : 07;
	0701 : 08;
	0702 : 09;
	0703 : 0A;
	0704 : 0B;
	0705 : 0C;
	0706 : 0D;
	0707 : 0E;
	0708 : 0F;
	0709 : 10;
	070A : 10;
	070B : 11;
	070C : 12;
	070D : 12;
	070E : 12;
	070F : 13;
	0710 : 14;
	0711 : 14;
	0712 : 16;
	0713 : 16;
	0714 : 18;
	0715 : 18;
	0716 : 19;
	0717 : 19;
	0718 : 1A;
	0719 : 1B;
	071A : 1C;
	071B : 1D;
	071C : 1E;
	071D : 1F;
	071E : 20;
	071F : 20;
	0720 : 21;
	0721 : 22;
	0722 : 23;
	0723 : 24;
	0724 : 25;
	0725 : 26;
	0726 : 27;
	0727 : 28;
	0728 : 28;
	0729 : 29;
	072A : 2A;
	072B : 2B;
	072C : 2C;
	072D : 2D;
	072E : 2E;
	072F : 2F;
	0730 : 30;
	0731 : 31;
	0732 : 32;
	0733 : 33;
	0734 : 34;
	0735 : 35;
	0736 : 36;
	0737 : 37;
	0738 : 38;
	0739 : 39;
	073A : 3A;
	073B : 3B;
	073C : 3C;
	073D : 3D;
	073E : 3E;
	073F : 3F;
	0740 : 40;
	0741 : 41;
	0742 : 42;
	0743 : 43;
	0744 : 44;
	0745 : 45;
	0746 : 46;
	0747 : 47;
	0748 : 48;
	0749 : 49;
	074A : 4A;
	074B : 4B;
	074C : 4C;
	074D : 4D;
	074E : 4E;
	074F : 4F;
	0750 : 50;
	0751 : 51;
	0752 : 52;
	0753 : 53;
	0754 : 54;
	0755 : 55;
	0756 : 56;
	0757 : 57;
	0758 : 58;
	0759 : 59;
	075A : 5A;
	075B : 5B;
	075C : 5C;
	075D : 5D;
	075E : 5E;
	075F : 5F;
	0760 : 60;
	0761 : 61;
	0762 : 62;
	0763 : 63;
	0764 : 64;
	0765 : 65;
	0766 : 66;
	0767 : 67;
	0768 : 68;
	0769 : 69;
	076A : 6A;
	076B : 6B;
	076C : 6C;
	076D : 6D;
	076E : 6E;
	076F : 6F;
	0770 : 70;
	0771 : 71;
	0772 : 72;
	0773 : 73;
	0774 : 74;
	0775 : 75;
	0776 : 76;
	0777 : 77;
	0778 : 78;
	0779 : 79;
	077A : 7A;
	077B : 7B;
	077C : 7C;
	077D : 7D;
	077E : 7E;
	077F : 7F;
	0780 : 07;
	0781 : 06;
	0782 : 05;
	0783 : 04;
	0784 : 03;
	0785 : 02;
	0786 : 01;
	0787 : 00;
	0788 : 81;
	0789 : 82;
	078A : 83;
	078B : 84;
	078C : 85;
	078D : 86;
	078E : 87;
	078F : 88;
	0790 : 89;
	0791 : 8B;
	0792 : 8D;
	0793 : 8F;
	0794 : 90;
	0795 : 92;
	0796 : 92;
	0797 : 94;
	0798 : 94;
	0799 : 96;
	079A : 98;
	079B : 99;
	079C : 9A;
	079D : 9B;
	079E : 9C;
	079F : 9D;
	07A0 : 9E;
	07A1 : A0;
	07A2 : A1;
	07A3 : A2;
	07A4 : A3;
	07A5 : A4;
	07A6 : A5;
	07A7 : A6;
	07A8 : A7;
	07A9 : A9;
	07AA : AA;
	07AB : AB;
	07AC : AC;
	07AD : AD;
	07AE : AE;
	07AF : AF;
	07B0 : B0;
	07B1 : B1;
	07B2 : B2;
	07B3 : B3;
	07B4 : B4;
	07B5 : B5;
	07B6 : B6;
	07B7 : B7;
	07B8 : B8;
	07B9 : B9;
	07BA : BA;
	07BB : BB;
	07BC : BC;
	07BD : BD;
	07BE : BE;
	07BF : BF;
	07C0 : C0;
	07C1 : C1;
	07C2 : C2;
	07C3 : C3;
	07C4 : C4;
	07C5 : C5;
	07C6 : C6;
	07C7 : C7;
	07C8 : C8;
	07C9 : C9;
	07CA : CA;
	07CB : CB;
	07CC : CC;
	07CD : CD;
	07CE : CE;
	07CF : CF;
	07D0 : D0;
	07D1 : D1;
	07D2 : D2;
	07D3 : D3;
	07D4 : D4;
	07D5 : D5;
	07D6 : D6;
	07D7 : D7;
	07D8 : D8;
	07D9 : D9;
	07DA : DA;
	07DB : DB;
	07DC : DC;
	07DD : DD;
	07DE : DE;
	07DF : DF;
	07E0 : E0;
	07E1 : E1;
	07E2 : E2;
	07E3 : E3;
	07E4 : E4;
	07E5 : E5;
	07E6 : E6;
	07E7 : E7;
	07E8 : E8;
	07E9 : E9;
	07EA : EA;
	07EB : EB;
	07EC : EC;
	07ED : ED;
	07EE : EE;
	07EF : EF;
	07F0 : F0;
	07F1 : F1;
	07F2 : F2;
	07F3 : F3;
	07F4 : F4;
	07F5 : F5;
	07F6 : F6;
	07F7 : F7;
	07F8 : F8;
	07F9 : F9;
	07FA : FA;
	07FB : FB;
	07FC : FC;
	07FD : FD;
	07FE : FE;
	07FF : 7F;
	0800 : 08;
	0801 : 09;
	0802 : 0A;
	0803 : 0B;
	0804 : 0C;
	0805 : 0D;
	0806 : 0E;
	0807 : 0F;
	0808 : 10;
	0809 : 10;
	080A : 11;
	080B : 12;
	080C : 12;
	080D : 12;
	080E : 13;
	080F : 14;
	0810 : 14;
	0811 : 15;
	0812 : 16;
	0813 : 17;
	0814 : 18;
	0815 : 18;
	0816 : 19;
	0817 : 1A;
	0818 : 1A;
	0819 : 1B;
	081A : 1C;
	081B : 1D;
	081C : 1E;
	081D : 1F;
	081E : 20;
	081F : 20;
	0820 : 21;
	0821 : 22;
	0822 : 23;
	0823 : 24;
	0824 : 25;
	0825 : 26;
	0826 : 27;
	0827 : 28;
	0828 : 28;
	0829 : 2A;
	082A : 2A;
	082B : 2C;
	082C : 2C;
	082D : 2E;
	082E : 2E;
	082F : 30;
	0830 : 30;
	0831 : 31;
	0832 : 32;
	0833 : 33;
	0834 : 34;
	0835 : 35;
	0836 : 36;
	0837 : 37;
	0838 : 38;
	0839 : 39;
	083A : 3A;
	083B : 3B;
	083C : 3C;
	083D : 3D;
	083E : 3E;
	083F : 3F;
	0840 : 40;
	0841 : 41;
	0842 : 42;
	0843 : 43;
	0844 : 44;
	0845 : 45;
	0846 : 46;
	0847 : 47;
	0848 : 48;
	0849 : 49;
	084A : 4A;
	084B : 4B;
	084C : 4C;
	084D : 4D;
	084E : 4E;
	084F : 4F;
	0850 : 50;
	0851 : 51;
	0852 : 52;
	0853 : 53;
	0854 : 54;
	0855 : 55;
	0856 : 56;
	0857 : 57;
	0858 : 58;
	0859 : 59;
	085A : 5A;
	085B : 5B;
	085C : 5C;
	085D : 5D;
	085E : 5E;
	085F : 5F;
	0860 : 60;
	0861 : 61;
	0862 : 62;
	0863 : 63;
	0864 : 64;
	0865 : 65;
	0866 : 66;
	0867 : 67;
	0868 : 68;
	0869 : 69;
	086A : 6A;
	086B : 6B;
	086C : 6C;
	086D : 6D;
	086E : 6E;
	086F : 6F;
	0870 : 70;
	0871 : 71;
	0872 : 72;
	0873 : 73;
	0874 : 74;
	0875 : 75;
	0876 : 76;
	0877 : 77;
	0878 : 78;
	0879 : 79;
	087A : 7A;
	087B : 7B;
	087C : 7C;
	087D : 7D;
	087E : 7E;
	087F : 7F;
	0880 : 08;
	0881 : 07;
	0882 : 06;
	0883 : 05;
	0884 : 04;
	0885 : 03;
	0886 : 02;
	0887 : 01;
	0888 : 00;
	0889 : 81;
	088A : 82;
	088B : 83;
	088C : 84;
	088D : 85;
	088E : 86;
	088F : 87;
	0890 : 88;
	0891 : 8A;
	0892 : 8C;
	0893 : 8E;
	0894 : 90;
	0895 : 91;
	0896 : 92;
	0897 : 93;
	0898 : 94;
	0899 : 96;
	089A : 98;
	089B : 99;
	089C : 9A;
	089D : 9B;
	089E : 9C;
	089F : 9D;
	08A0 : 9E;
	08A1 : A0;
	08A2 : A1;
	08A3 : A2;
	08A4 : A3;
	08A5 : A4;
	08A6 : A5;
	08A7 : A6;
	08A8 : A7;
	08A9 : A8;
	08AA : AA;
	08AB : AA;
	08AC : AC;
	08AD : AC;
	08AE : AE;
	08AF : AE;
	08B0 : B0;
	08B1 : B1;
	08B2 : B2;
	08B3 : B3;
	08B4 : B4;
	08B5 : B5;
	08B6 : B6;
	08B7 : B7;
	08B8 : B8;
	08B9 : B9;
	08BA : BA;
	08BB : BB;
	08BC : BC;
	08BD : BD;
	08BE : BE;
	08BF : BF;
	08C0 : C0;
	08C1 : C1;
	08C2 : C2;
	08C3 : C3;
	08C4 : C4;
	08C5 : C5;
	08C6 : C6;
	08C7 : C7;
	08C8 : C8;
	08C9 : C9;
	08CA : CA;
	08CB : CB;
	08CC : CC;
	08CD : CD;
	08CE : CE;
	08CF : CF;
	08D0 : D0;
	08D1 : D1;
	08D2 : D2;
	08D3 : D3;
	08D4 : D4;
	08D5 : D5;
	08D6 : D6;
	08D7 : D7;
	08D8 : D8;
	08D9 : D9;
	08DA : DA;
	08DB : DB;
	08DC : DC;
	08DD : DD;
	08DE : DE;
	08DF : DF;
	08E0 : E0;
	08E1 : E1;
	08E2 : E2;
	08E3 : E3;
	08E4 : E4;
	08E5 : E5;
	08E6 : E6;
	08E7 : E7;
	08E8 : E8;
	08E9 : E9;
	08EA : EA;
	08EB : EB;
	08EC : EC;
	08ED : ED;
	08EE : EE;
	08EF : EF;
	08F0 : F0;
	08F1 : F1;
	08F2 : F2;
	08F3 : F3;
	08F4 : F4;
	08F5 : F5;
	08F6 : F6;
	08F7 : F7;
	08F8 : F8;
	08F9 : F9;
	08FA : FA;
	08FB : FB;
	08FC : FC;
	08FD : FD;
	08FE : FE;
	08FF : 7F;
	0900 : 09;
	0901 : 0A;
	0902 : 0B;
	0903 : 0C;
	0904 : 0D;
	0905 : 0E;
	0906 : 0F;
	0907 : 10;
	0908 : 10;
	0909 : 11;
	090A : 12;
	090B : 12;
	090C : 12;
	090D : 13;
	090E : 14;
	090F : 14;
	0910 : 14;
	0911 : 16;
	0912 : 16;
	0913 : 18;
	0914 : 18;
	0915 : 19;
	0916 : 19;
	0917 : 1A;
	0918 : 1A;
	0919 : 1B;
	091A : 1C;
	091B : 1D;
	091C : 1E;
	091D : 1F;
	091E : 20;
	091F : 21;
	0920 : 21;
	0921 : 22;
	0922 : 23;
	0923 : 24;
	0924 : 25;
	0925 : 26;
	0926 : 27;
	0927 : 28;
	0928 : 29;
	0929 : 2A;
	092A : 2B;
	092B : 2C;
	092C : 2D;
	092D : 2E;
	092E : 2F;
	092F : 30;
	0930 : 30;
	0931 : 31;
	0932 : 32;
	0933 : 33;
	0934 : 34;
	0935 : 35;
	0936 : 36;
	0937 : 37;
	0938 : 38;
	0939 : 39;
	093A : 3A;
	093B : 3B;
	093C : 3C;
	093D : 3D;
	093E : 3E;
	093F : 3F;
	0940 : 40;
	0941 : 41;
	0942 : 42;
	0943 : 43;
	0944 : 44;
	0945 : 45;
	0946 : 46;
	0947 : 47;
	0948 : 48;
	0949 : 49;
	094A : 4A;
	094B : 4B;
	094C : 4C;
	094D : 4D;
	094E : 4E;
	094F : 4F;
	0950 : 50;
	0951 : 51;
	0952 : 52;
	0953 : 53;
	0954 : 54;
	0955 : 55;
	0956 : 56;
	0957 : 57;
	0958 : 58;
	0959 : 59;
	095A : 5A;
	095B : 5B;
	095C : 5C;
	095D : 5D;
	095E : 5E;
	095F : 5F;
	0960 : 60;
	0961 : 61;
	0962 : 62;
	0963 : 63;
	0964 : 64;
	0965 : 65;
	0966 : 66;
	0967 : 67;
	0968 : 68;
	0969 : 69;
	096A : 6A;
	096B : 6B;
	096C : 6C;
	096D : 6D;
	096E : 6E;
	096F : 6F;
	0970 : 70;
	0971 : 71;
	0972 : 72;
	0973 : 73;
	0974 : 74;
	0975 : 75;
	0976 : 76;
	0977 : 77;
	0978 : 78;
	0979 : 79;
	097A : 7A;
	097B : 7B;
	097C : 7C;
	097D : 7D;
	097E : 7E;
	097F : 7F;
	0980 : 09;
	0981 : 08;
	0982 : 07;
	0983 : 06;
	0984 : 05;
	0985 : 04;
	0986 : 03;
	0987 : 02;
	0988 : 01;
	0989 : 00;
	098A : 81;
	098B : 82;
	098C : 83;
	098D : 84;
	098E : 85;
	098F : 86;
	0990 : 87;
	0991 : 89;
	0992 : 8B;
	0993 : 8D;
	0994 : 8F;
	0995 : 90;
	0996 : 92;
	0997 : 92;
	0998 : 94;
	0999 : 96;
	099A : 98;
	099B : 99;
	099C : 9A;
	099D : 9B;
	099E : 9C;
	099F : 9D;
	09A0 : 9E;
	09A1 : A0;
	09A2 : A1;
	09A3 : A2;
	09A4 : A3;
	09A5 : A4;
	09A6 : A5;
	09A7 : A6;
	09A8 : A7;
	09A9 : A8;
	09AA : A9;
	09AB : AA;
	09AC : AB;
	09AD : AC;
	09AE : AD;
	09AF : AE;
	09B0 : AF;
	09B1 : B1;
	09B2 : B2;
	09B3 : B3;
	09B4 : B4;
	09B5 : B5;
	09B6 : B6;
	09B7 : B7;
	09B8 : B8;
	09B9 : B9;
	09BA : BA;
	09BB : BB;
	09BC : BC;
	09BD : BD;
	09BE : BE;
	09BF : BF;
	09C0 : C0;
	09C1 : C1;
	09C2 : C2;
	09C3 : C3;
	09C4 : C4;
	09C5 : C5;
	09C6 : C6;
	09C7 : C7;
	09C8 : C8;
	09C9 : C9;
	09CA : CA;
	09CB : CB;
	09CC : CC;
	09CD : CD;
	09CE : CE;
	09CF : CF;
	09D0 : D0;
	09D1 : D1;
	09D2 : D2;
	09D3 : D3;
	09D4 : D4;
	09D5 : D5;
	09D6 : D6;
	09D7 : D7;
	09D8 : D8;
	09D9 : D9;
	09DA : DA;
	09DB : DB;
	09DC : DC;
	09DD : DD;
	09DE : DE;
	09DF : DF;
	09E0 : E0;
	09E1 : E1;
	09E2 : E2;
	09E3 : E3;
	09E4 : E4;
	09E5 : E5;
	09E6 : E6;
	09E7 : E7;
	09E8 : E8;
	09E9 : E9;
	09EA : EA;
	09EB : EB;
	09EC : EC;
	09ED : ED;
	09EE : EE;
	09EF : EF;
	09F0 : F0;
	09F1 : F1;
	09F2 : F2;
	09F3 : F3;
	09F4 : F4;
	09F5 : F5;
	09F6 : F6;
	09F7 : F7;
	09F8 : F8;
	09F9 : F9;
	09FA : FA;
	09FB : FB;
	09FC : FC;
	09FD : FD;
	09FE : FE;
	09FF : 7F;
	0A00 : 0A;
	0A01 : 0B;
	0A02 : 0C;
	0A03 : 0D;
	0A04 : 0E;
	0A05 : 0F;
	0A06 : 10;
	0A07 : 10;
	0A08 : 11;
	0A09 : 12;
	0A0A : 12;
	0A0B : 12;
	0A0C : 13;
	0A0D : 14;
	0A0E : 14;
	0A0F : 14;
	0A10 : 15;
	0A11 : 16;
	0A12 : 17;
	0A13 : 18;
	0A14 : 18;
	0A15 : 19;
	0A16 : 1A;
	0A17 : 1A;
	0A18 : 1A;
	0A19 : 1C;
	0A1A : 1C;
	0A1B : 1E;
	0A1C : 1E;
	0A1D : 20;
	0A1E : 20;
	0A1F : 21;
	0A20 : 21;
	0A21 : 22;
	0A22 : 23;
	0A23 : 24;
	0A24 : 25;
	0A25 : 26;
	0A26 : 27;
	0A27 : 28;
	0A28 : 29;
	0A29 : 2A;
	0A2A : 2B;
	0A2B : 2C;
	0A2C : 2D;
	0A2D : 2E;
	0A2E : 2F;
	0A2F : 30;
	0A30 : 30;
	0A31 : 31;
	0A32 : 32;
	0A33 : 33;
	0A34 : 34;
	0A35 : 35;
	0A36 : 36;
	0A37 : 37;
	0A38 : 38;
	0A39 : 39;
	0A3A : 3A;
	0A3B : 3B;
	0A3C : 3C;
	0A3D : 3D;
	0A3E : 3E;
	0A3F : 3F;
	0A40 : 40;
	0A41 : 41;
	0A42 : 42;
	0A43 : 43;
	0A44 : 44;
	0A45 : 45;
	0A46 : 46;
	0A47 : 47;
	0A48 : 48;
	0A49 : 49;
	0A4A : 4A;
	0A4B : 4B;
	0A4C : 4C;
	0A4D : 4D;
	0A4E : 4E;
	0A4F : 4F;
	0A50 : 50;
	0A51 : 51;
	0A52 : 52;
	0A53 : 53;
	0A54 : 54;
	0A55 : 55;
	0A56 : 56;
	0A57 : 57;
	0A58 : 58;
	0A59 : 59;
	0A5A : 5A;
	0A5B : 5B;
	0A5C : 5C;
	0A5D : 5D;
	0A5E : 5E;
	0A5F : 5F;
	0A60 : 60;
	0A61 : 61;
	0A62 : 62;
	0A63 : 63;
	0A64 : 64;
	0A65 : 65;
	0A66 : 66;
	0A67 : 67;
	0A68 : 68;
	0A69 : 69;
	0A6A : 6A;
	0A6B : 6B;
	0A6C : 6C;
	0A6D : 6D;
	0A6E : 6E;
	0A6F : 6F;
	0A70 : 70;
	0A71 : 71;
	0A72 : 72;
	0A73 : 73;
	0A74 : 74;
	0A75 : 75;
	0A76 : 76;
	0A77 : 77;
	0A78 : 78;
	0A79 : 79;
	0A7A : 7A;
	0A7B : 7B;
	0A7C : 7C;
	0A7D : 7D;
	0A7E : 7E;
	0A7F : 7F;
	0A80 : 0A;
	0A81 : 09;
	0A82 : 08;
	0A83 : 07;
	0A84 : 06;
	0A85 : 05;
	0A86 : 04;
	0A87 : 03;
	0A88 : 02;
	0A89 : 01;
	0A8A : 00;
	0A8B : 81;
	0A8C : 82;
	0A8D : 83;
	0A8E : 84;
	0A8F : 85;
	0A90 : 86;
	0A91 : 88;
	0A92 : 8A;
	0A93 : 8C;
	0A94 : 8E;
	0A95 : 90;
	0A96 : 91;
	0A97 : 92;
	0A98 : 93;
	0A99 : 95;
	0A9A : 97;
	0A9B : 98;
	0A9C : 9A;
	0A9D : 9A;
	0A9E : 9C;
	0A9F : 9C;
	0AA0 : 9E;
	0AA1 : A0;
	0AA2 : A1;
	0AA3 : A2;
	0AA4 : A3;
	0AA5 : A4;
	0AA6 : A5;
	0AA7 : A6;
	0AA8 : A7;
	0AA9 : A8;
	0AAA : A9;
	0AAB : AA;
	0AAC : AB;
	0AAD : AC;
	0AAE : AD;
	0AAF : AE;
	0AB0 : AF;
	0AB1 : B1;
	0AB2 : B2;
	0AB3 : B3;
	0AB4 : B4;
	0AB5 : B5;
	0AB6 : B6;
	0AB7 : B7;
	0AB8 : B8;
	0AB9 : B9;
	0ABA : BA;
	0ABB : BB;
	0ABC : BC;
	0ABD : BD;
	0ABE : BE;
	0ABF : BF;
	0AC0 : C0;
	0AC1 : C1;
	0AC2 : C2;
	0AC3 : C3;
	0AC4 : C4;
	0AC5 : C5;
	0AC6 : C6;
	0AC7 : C7;
	0AC8 : C8;
	0AC9 : C9;
	0ACA : CA;
	0ACB : CB;
	0ACC : CC;
	0ACD : CD;
	0ACE : CE;
	0ACF : CF;
	0AD0 : D0;
	0AD1 : D1;
	0AD2 : D2;
	0AD3 : D3;
	0AD4 : D4;
	0AD5 : D5;
	0AD6 : D6;
	0AD7 : D7;
	0AD8 : D8;
	0AD9 : D9;
	0ADA : DA;
	0ADB : DB;
	0ADC : DC;
	0ADD : DD;
	0ADE : DE;
	0ADF : DF;
	0AE0 : E0;
	0AE1 : E1;
	0AE2 : E2;
	0AE3 : E3;
	0AE4 : E4;
	0AE5 : E5;
	0AE6 : E6;
	0AE7 : E7;
	0AE8 : E8;
	0AE9 : E9;
	0AEA : EA;
	0AEB : EB;
	0AEC : EC;
	0AED : ED;
	0AEE : EE;
	0AEF : EF;
	0AF0 : F0;
	0AF1 : F1;
	0AF2 : F2;
	0AF3 : F3;
	0AF4 : F4;
	0AF5 : F5;
	0AF6 : F6;
	0AF7 : F7;
	0AF8 : F8;
	0AF9 : F9;
	0AFA : FA;
	0AFB : FB;
	0AFC : FC;
	0AFD : FD;
	0AFE : FE;
	0AFF : 7F;
	0B00 : 0B;
	0B01 : 0C;
	0B02 : 0D;
	0B03 : 0E;
	0B04 : 0F;
	0B05 : 10;
	0B06 : 10;
	0B07 : 11;
	0B08 : 12;
	0B09 : 12;
	0B0A : 12;
	0B0B : 13;
	0B0C : 14;
	0B0D : 14;
	0B0E : 14;
	0B0F : 15;
	0B10 : 16;
	0B11 : 16;
	0B12 : 18;
	0B13 : 18;
	0B14 : 19;
	0B15 : 19;
	0B16 : 1A;
	0B17 : 1A;
	0B18 : 1B;
	0B19 : 1C;
	0B1A : 1D;
	0B1B : 1E;
	0B1C : 1F;
	0B1D : 20;
	0B1E : 20;
	0B1F : 21;
	0B20 : 21;
	0B21 : 22;
	0B22 : 23;
	0B23 : 24;
	0B24 : 25;
	0B25 : 26;
	0B26 : 27;
	0B27 : 28;
	0B28 : 29;
	0B29 : 2A;
	0B2A : 2B;
	0B2B : 2C;
	0B2C : 2D;
	0B2D : 2E;
	0B2E : 2F;
	0B2F : 30;
	0B30 : 30;
	0B31 : 31;
	0B32 : 32;
	0B33 : 33;
	0B34 : 34;
	0B35 : 35;
	0B36 : 36;
	0B37 : 37;
	0B38 : 38;
	0B39 : 39;
	0B3A : 3A;
	0B3B : 3B;
	0B3C : 3C;
	0B3D : 3D;
	0B3E : 3E;
	0B3F : 3F;
	0B40 : 40;
	0B41 : 41;
	0B42 : 42;
	0B43 : 43;
	0B44 : 44;
	0B45 : 45;
	0B46 : 46;
	0B47 : 47;
	0B48 : 48;
	0B49 : 49;
	0B4A : 4A;
	0B4B : 4B;
	0B4C : 4C;
	0B4D : 4D;
	0B4E : 4E;
	0B4F : 4F;
	0B50 : 50;
	0B51 : 51;
	0B52 : 52;
	0B53 : 53;
	0B54 : 54;
	0B55 : 55;
	0B56 : 56;
	0B57 : 57;
	0B58 : 58;
	0B59 : 59;
	0B5A : 5A;
	0B5B : 5B;
	0B5C : 5C;
	0B5D : 5D;
	0B5E : 5E;
	0B5F : 5F;
	0B60 : 60;
	0B61 : 61;
	0B62 : 62;
	0B63 : 63;
	0B64 : 64;
	0B65 : 65;
	0B66 : 66;
	0B67 : 67;
	0B68 : 68;
	0B69 : 69;
	0B6A : 6A;
	0B6B : 6B;
	0B6C : 6C;
	0B6D : 6D;
	0B6E : 6E;
	0B6F : 6F;
	0B70 : 70;
	0B71 : 71;
	0B72 : 72;
	0B73 : 73;
	0B74 : 74;
	0B75 : 75;
	0B76 : 76;
	0B77 : 77;
	0B78 : 78;
	0B79 : 79;
	0B7A : 7A;
	0B7B : 7B;
	0B7C : 7C;
	0B7D : 7D;
	0B7E : 7E;
	0B7F : 7F;
	0B80 : 0B;
	0B81 : 0A;
	0B82 : 09;
	0B83 : 08;
	0B84 : 07;
	0B85 : 06;
	0B86 : 05;
	0B87 : 04;
	0B88 : 03;
	0B89 : 02;
	0B8A : 01;
	0B8B : 00;
	0B8C : 81;
	0B8D : 82;
	0B8E : 83;
	0B8F : 84;
	0B90 : 85;
	0B91 : 87;
	0B92 : 89;
	0B93 : 8B;
	0B94 : 8D;
	0B95 : 8F;
	0B96 : 90;
	0B97 : 92;
	0B98 : 92;
	0B99 : 94;
	0B9A : 96;
	0B9B : 98;
	0B9C : 99;
	0B9D : 9A;
	0B9E : 9B;
	0B9F : 9C;
	0BA0 : 9D;
	0BA1 : 9F;
	0BA2 : A1;
	0BA3 : A2;
	0BA4 : A3;
	0BA5 : A4;
	0BA6 : A5;
	0BA7 : A6;
	0BA8 : A7;
	0BA9 : A8;
	0BAA : A9;
	0BAB : AA;
	0BAC : AB;
	0BAD : AC;
	0BAE : AD;
	0BAF : AE;
	0BB0 : AF;
	0BB1 : B1;
	0BB2 : B2;
	0BB3 : B3;
	0BB4 : B4;
	0BB5 : B5;
	0BB6 : B6;
	0BB7 : B7;
	0BB8 : B8;
	0BB9 : B9;
	0BBA : BA;
	0BBB : BB;
	0BBC : BC;
	0BBD : BD;
	0BBE : BE;
	0BBF : BF;
	0BC0 : C0;
	0BC1 : C1;
	0BC2 : C2;
	0BC3 : C3;
	0BC4 : C4;
	0BC5 : C5;
	0BC6 : C6;
	0BC7 : C7;
	0BC8 : C8;
	0BC9 : C9;
	0BCA : CA;
	0BCB : CB;
	0BCC : CC;
	0BCD : CD;
	0BCE : CE;
	0BCF : CF;
	0BD0 : D0;
	0BD1 : D1;
	0BD2 : D2;
	0BD3 : D3;
	0BD4 : D4;
	0BD5 : D5;
	0BD6 : D6;
	0BD7 : D7;
	0BD8 : D8;
	0BD9 : D9;
	0BDA : DA;
	0BDB : DB;
	0BDC : DC;
	0BDD : DD;
	0BDE : DE;
	0BDF : DF;
	0BE0 : E0;
	0BE1 : E1;
	0BE2 : E2;
	0BE3 : E3;
	0BE4 : E4;
	0BE5 : E5;
	0BE6 : E6;
	0BE7 : E7;
	0BE8 : E8;
	0BE9 : E9;
	0BEA : EA;
	0BEB : EB;
	0BEC : EC;
	0BED : ED;
	0BEE : EE;
	0BEF : EF;
	0BF0 : F0;
	0BF1 : F1;
	0BF2 : F2;
	0BF3 : F3;
	0BF4 : F4;
	0BF5 : F5;
	0BF6 : F6;
	0BF7 : F7;
	0BF8 : F8;
	0BF9 : F9;
	0BFA : FA;
	0BFB : FB;
	0BFC : FC;
	0BFD : FD;
	0BFE : FE;
	0BFF : 7F;
	0C00 : 0C;
	0C01 : 0D;
	0C02 : 0E;
	0C03 : 0F;
	0C04 : 10;
	0C05 : 10;
	0C06 : 11;
	0C07 : 12;
	0C08 : 12;
	0C09 : 12;
	0C0A : 13;
	0C0B : 14;
	0C0C : 14;
	0C0D : 14;
	0C0E : 15;
	0C0F : 16;
	0C10 : 16;
	0C11 : 17;
	0C12 : 18;
	0C13 : 18;
	0C14 : 19;
	0C15 : 1A;
	0C16 : 1A;
	0C17 : 1A;
	0C18 : 1B;
	0C19 : 1C;
	0C1A : 1D;
	0C1B : 1E;
	0C1C : 1F;
	0C1D : 20;
	0C1E : 20;
	0C1F : 21;
	0C20 : 22;
	0C21 : 22;
	0C22 : 24;
	0C23 : 24;
	0C24 : 26;
	0C25 : 26;
	0C26 : 28;
	0C27 : 28;
	0C28 : 29;
	0C29 : 2A;
	0C2A : 2B;
	0C2B : 2C;
	0C2C : 2D;
	0C2D : 2E;
	0C2E : 2F;
	0C2F : 30;
	0C30 : 30;
	0C31 : 31;
	0C32 : 32;
	0C33 : 33;
	0C34 : 34;
	0C35 : 35;
	0C36 : 36;
	0C37 : 37;
	0C38 : 38;
	0C39 : 39;
	0C3A : 3A;
	0C3B : 3B;
	0C3C : 3C;
	0C3D : 3D;
	0C3E : 3E;
	0C3F : 3F;
	0C40 : 40;
	0C41 : 41;
	0C42 : 42;
	0C43 : 43;
	0C44 : 44;
	0C45 : 45;
	0C46 : 46;
	0C47 : 47;
	0C48 : 48;
	0C49 : 49;
	0C4A : 4A;
	0C4B : 4B;
	0C4C : 4C;
	0C4D : 4D;
	0C4E : 4E;
	0C4F : 4F;
	0C50 : 50;
	0C51 : 51;
	0C52 : 52;
	0C53 : 53;
	0C54 : 54;
	0C55 : 55;
	0C56 : 56;
	0C57 : 57;
	0C58 : 58;
	0C59 : 59;
	0C5A : 5A;
	0C5B : 5B;
	0C5C : 5C;
	0C5D : 5D;
	0C5E : 5E;
	0C5F : 5F;
	0C60 : 60;
	0C61 : 61;
	0C62 : 62;
	0C63 : 63;
	0C64 : 64;
	0C65 : 65;
	0C66 : 66;
	0C67 : 67;
	0C68 : 68;
	0C69 : 69;
	0C6A : 6A;
	0C6B : 6B;
	0C6C : 6C;
	0C6D : 6D;
	0C6E : 6E;
	0C6F : 6F;
	0C70 : 70;
	0C71 : 71;
	0C72 : 72;
	0C73 : 73;
	0C74 : 74;
	0C75 : 75;
	0C76 : 76;
	0C77 : 77;
	0C78 : 78;
	0C79 : 79;
	0C7A : 7A;
	0C7B : 7B;
	0C7C : 7C;
	0C7D : 7D;
	0C7E : 7E;
	0C7F : 7F;
	0C80 : 0C;
	0C81 : 0B;
	0C82 : 0A;
	0C83 : 09;
	0C84 : 08;
	0C85 : 07;
	0C86 : 06;
	0C87 : 05;
	0C88 : 04;
	0C89 : 03;
	0C8A : 02;
	0C8B : 01;
	0C8C : 00;
	0C8D : 81;
	0C8E : 82;
	0C8F : 83;
	0C90 : 84;
	0C91 : 86;
	0C92 : 88;
	0C93 : 8A;
	0C94 : 8C;
	0C95 : 8E;
	0C96 : 90;
	0C97 : 91;
	0C98 : 92;
	0C99 : 94;
	0C9A : 96;
	0C9B : 98;
	0C9C : 99;
	0C9D : 9A;
	0C9E : 9B;
	0C9F : 9C;
	0CA0 : 9D;
	0CA1 : 9F;
	0CA2 : A0;
	0CA3 : A2;
	0CA4 : A2;
	0CA5 : A4;
	0CA6 : A4;
	0CA7 : A6;
	0CA8 : A6;
	0CA9 : A8;
	0CAA : A9;
	0CAB : AA;
	0CAC : AB;
	0CAD : AC;
	0CAE : AD;
	0CAF : AE;
	0CB0 : AF;
	0CB1 : B1;
	0CB2 : B2;
	0CB3 : B3;
	0CB4 : B4;
	0CB5 : B5;
	0CB6 : B6;
	0CB7 : B7;
	0CB8 : B8;
	0CB9 : B9;
	0CBA : BA;
	0CBB : BB;
	0CBC : BC;
	0CBD : BD;
	0CBE : BE;
	0CBF : BF;
	0CC0 : C0;
	0CC1 : C1;
	0CC2 : C2;
	0CC3 : C3;
	0CC4 : C4;
	0CC5 : C5;
	0CC6 : C6;
	0CC7 : C7;
	0CC8 : C8;
	0CC9 : C9;
	0CCA : CA;
	0CCB : CB;
	0CCC : CC;
	0CCD : CD;
	0CCE : CE;
	0CCF : CF;
	0CD0 : D0;
	0CD1 : D1;
	0CD2 : D2;
	0CD3 : D3;
	0CD4 : D4;
	0CD5 : D5;
	0CD6 : D6;
	0CD7 : D7;
	0CD8 : D8;
	0CD9 : D9;
	0CDA : DA;
	0CDB : DB;
	0CDC : DC;
	0CDD : DD;
	0CDE : DE;
	0CDF : DF;
	0CE0 : E0;
	0CE1 : E1;
	0CE2 : E2;
	0CE3 : E3;
	0CE4 : E4;
	0CE5 : E5;
	0CE6 : E6;
	0CE7 : E7;
	0CE8 : E8;
	0CE9 : E9;
	0CEA : EA;
	0CEB : EB;
	0CEC : EC;
	0CED : ED;
	0CEE : EE;
	0CEF : EF;
	0CF0 : F0;
	0CF1 : F1;
	0CF2 : F2;
	0CF3 : F3;
	0CF4 : F4;
	0CF5 : F5;
	0CF6 : F6;
	0CF7 : F7;
	0CF8 : F8;
	0CF9 : F9;
	0CFA : FA;
	0CFB : FB;
	0CFC : FC;
	0CFD : FD;
	0CFE : FE;
	0CFF : 7F;
	0D00 : 0D;
	0D01 : 0E;
	0D02 : 0F;
	0D03 : 10;
	0D04 : 10;
	0D05 : 11;
	0D06 : 12;
	0D07 : 12;
	0D08 : 12;
	0D09 : 13;
	0D0A : 14;
	0D0B : 14;
	0D0C : 14;
	0D0D : 15;
	0D0E : 16;
	0D0F : 16;
	0D10 : 16;
	0D11 : 18;
	0D12 : 18;
	0D13 : 19;
	0D14 : 19;
	0D15 : 1A;
	0D16 : 1A;
	0D17 : 1B;
	0D18 : 1B;
	0D19 : 1C;
	0D1A : 1D;
	0D1B : 1E;
	0D1C : 1F;
	0D1D : 20;
	0D1E : 21;
	0D1F : 21;
	0D20 : 22;
	0D21 : 23;
	0D22 : 24;
	0D23 : 25;
	0D24 : 26;
	0D25 : 27;
	0D26 : 28;
	0D27 : 28;
	0D28 : 29;
	0D29 : 2A;
	0D2A : 2B;
	0D2B : 2C;
	0D2C : 2D;
	0D2D : 2E;
	0D2E : 2F;
	0D2F : 30;
	0D30 : 30;
	0D31 : 31;
	0D32 : 32;
	0D33 : 33;
	0D34 : 34;
	0D35 : 35;
	0D36 : 36;
	0D37 : 37;
	0D38 : 38;
	0D39 : 39;
	0D3A : 3A;
	0D3B : 3B;
	0D3C : 3C;
	0D3D : 3D;
	0D3E : 3E;
	0D3F : 3F;
	0D40 : 40;
	0D41 : 41;
	0D42 : 42;
	0D43 : 43;
	0D44 : 44;
	0D45 : 45;
	0D46 : 46;
	0D47 : 47;
	0D48 : 48;
	0D49 : 49;
	0D4A : 4A;
	0D4B : 4B;
	0D4C : 4C;
	0D4D : 4D;
	0D4E : 4E;
	0D4F : 4F;
	0D50 : 50;
	0D51 : 51;
	0D52 : 52;
	0D53 : 53;
	0D54 : 54;
	0D55 : 55;
	0D56 : 56;
	0D57 : 57;
	0D58 : 58;
	0D59 : 59;
	0D5A : 5A;
	0D5B : 5B;
	0D5C : 5C;
	0D5D : 5D;
	0D5E : 5E;
	0D5F : 5F;
	0D60 : 60;
	0D61 : 61;
	0D62 : 62;
	0D63 : 63;
	0D64 : 64;
	0D65 : 65;
	0D66 : 66;
	0D67 : 67;
	0D68 : 68;
	0D69 : 69;
	0D6A : 6A;
	0D6B : 6B;
	0D6C : 6C;
	0D6D : 6D;
	0D6E : 6E;
	0D6F : 6F;
	0D70 : 70;
	0D71 : 71;
	0D72 : 72;
	0D73 : 73;
	0D74 : 74;
	0D75 : 75;
	0D76 : 76;
	0D77 : 77;
	0D78 : 78;
	0D79 : 79;
	0D7A : 7A;
	0D7B : 7B;
	0D7C : 7C;
	0D7D : 7D;
	0D7E : 7E;
	0D7F : 7F;
	0D80 : 0D;
	0D81 : 0C;
	0D82 : 0B;
	0D83 : 0A;
	0D84 : 09;
	0D85 : 08;
	0D86 : 07;
	0D87 : 06;
	0D88 : 05;
	0D89 : 04;
	0D8A : 03;
	0D8B : 02;
	0D8C : 01;
	0D8D : 00;
	0D8E : 81;
	0D8F : 82;
	0D90 : 83;
	0D91 : 85;
	0D92 : 87;
	0D93 : 89;
	0D94 : 8B;
	0D95 : 8D;
	0D96 : 8F;
	0D97 : 90;
	0D98 : 92;
	0D99 : 94;
	0D9A : 96;
	0D9B : 98;
	0D9C : 99;
	0D9D : 9A;
	0D9E : 9B;
	0D9F : 9C;
	0DA0 : 9D;
	0DA1 : 9F;
	0DA2 : A0;
	0DA3 : A1;
	0DA4 : A2;
	0DA5 : A3;
	0DA6 : A4;
	0DA7 : A5;
	0DA8 : A6;
	0DA9 : A8;
	0DAA : A9;
	0DAB : AA;
	0DAC : AB;
	0DAD : AC;
	0DAE : AD;
	0DAF : AE;
	0DB0 : AF;
	0DB1 : B1;
	0DB2 : B2;
	0DB3 : B3;
	0DB4 : B4;
	0DB5 : B5;
	0DB6 : B6;
	0DB7 : B7;
	0DB8 : B8;
	0DB9 : B9;
	0DBA : BA;
	0DBB : BB;
	0DBC : BC;
	0DBD : BD;
	0DBE : BE;
	0DBF : BF;
	0DC0 : C0;
	0DC1 : C1;
	0DC2 : C2;
	0DC3 : C3;
	0DC4 : C4;
	0DC5 : C5;
	0DC6 : C6;
	0DC7 : C7;
	0DC8 : C8;
	0DC9 : C9;
	0DCA : CA;
	0DCB : CB;
	0DCC : CC;
	0DCD : CD;
	0DCE : CE;
	0DCF : CF;
	0DD0 : D0;
	0DD1 : D1;
	0DD2 : D2;
	0DD3 : D3;
	0DD4 : D4;
	0DD5 : D5;
	0DD6 : D6;
	0DD7 : D7;
	0DD8 : D8;
	0DD9 : D9;
	0DDA : DA;
	0DDB : DB;
	0DDC : DC;
	0DDD : DD;
	0DDE : DE;
	0DDF : DF;
	0DE0 : E0;
	0DE1 : E1;
	0DE2 : E2;
	0DE3 : E3;
	0DE4 : E4;
	0DE5 : E5;
	0DE6 : E6;
	0DE7 : E7;
	0DE8 : E8;
	0DE9 : E9;
	0DEA : EA;
	0DEB : EB;
	0DEC : EC;
	0DED : ED;
	0DEE : EE;
	0DEF : EF;
	0DF0 : F0;
	0DF1 : F1;
	0DF2 : F2;
	0DF3 : F3;
	0DF4 : F4;
	0DF5 : F5;
	0DF6 : F6;
	0DF7 : F7;
	0DF8 : F8;
	0DF9 : F9;
	0DFA : FA;
	0DFB : FB;
	0DFC : FC;
	0DFD : FD;
	0DFE : FE;
	0DFF : 7F;
	0E00 : 0E;
	0E01 : 0F;
	0E02 : 10;
	0E03 : 10;
	0E04 : 11;
	0E05 : 12;
	0E06 : 12;
	0E07 : 12;
	0E08 : 13;
	0E09 : 14;
	0E0A : 14;
	0E0B : 14;
	0E0C : 15;
	0E0D : 16;
	0E0E : 16;
	0E0F : 16;
	0E10 : 17;
	0E11 : 18;
	0E12 : 18;
	0E13 : 19;
	0E14 : 1A;
	0E15 : 1A;
	0E16 : 1A;
	0E17 : 1B;
	0E18 : 1C;
	0E19 : 1C;
	0E1A : 1E;
	0E1B : 1E;
	0E1C : 20;
	0E1D : 20;
	0E1E : 21;
	0E1F : 21;
	0E20 : 22;
	0E21 : 23;
	0E22 : 24;
	0E23 : 25;
	0E24 : 26;
	0E25 : 27;
	0E26 : 28;
	0E27 : 28;
	0E28 : 29;
	0E29 : 2A;
	0E2A : 2B;
	0E2B : 2C;
	0E2C : 2D;
	0E2D : 2E;
	0E2E : 2F;
	0E2F : 30;
	0E30 : 30;
	0E31 : 31;
	0E32 : 32;
	0E33 : 33;
	0E34 : 34;
	0E35 : 35;
	0E36 : 36;
	0E37 : 37;
	0E38 : 38;
	0E39 : 39;
	0E3A : 3A;
	0E3B : 3B;
	0E3C : 3C;
	0E3D : 3D;
	0E3E : 3E;
	0E3F : 3F;
	0E40 : 40;
	0E41 : 41;
	0E42 : 42;
	0E43 : 43;
	0E44 : 44;
	0E45 : 45;
	0E46 : 46;
	0E47 : 47;
	0E48 : 48;
	0E49 : 49;
	0E4A : 4A;
	0E4B : 4B;
	0E4C : 4C;
	0E4D : 4D;
	0E4E : 4E;
	0E4F : 4F;
	0E50 : 50;
	0E51 : 51;
	0E52 : 52;
	0E53 : 53;
	0E54 : 54;
	0E55 : 55;
	0E56 : 56;
	0E57 : 57;
	0E58 : 58;
	0E59 : 59;
	0E5A : 5A;
	0E5B : 5B;
	0E5C : 5C;
	0E5D : 5D;
	0E5E : 5E;
	0E5F : 5F;
	0E60 : 60;
	0E61 : 61;
	0E62 : 62;
	0E63 : 63;
	0E64 : 64;
	0E65 : 65;
	0E66 : 66;
	0E67 : 67;
	0E68 : 68;
	0E69 : 69;
	0E6A : 6A;
	0E6B : 6B;
	0E6C : 6C;
	0E6D : 6D;
	0E6E : 6E;
	0E6F : 6F;
	0E70 : 70;
	0E71 : 71;
	0E72 : 72;
	0E73 : 73;
	0E74 : 74;
	0E75 : 75;
	0E76 : 76;
	0E77 : 77;
	0E78 : 78;
	0E79 : 79;
	0E7A : 7A;
	0E7B : 7B;
	0E7C : 7C;
	0E7D : 7D;
	0E7E : 7E;
	0E7F : 7F;
	0E80 : 0E;
	0E81 : 0D;
	0E82 : 0C;
	0E83 : 0B;
	0E84 : 0A;
	0E85 : 09;
	0E86 : 08;
	0E87 : 07;
	0E88 : 06;
	0E89 : 05;
	0E8A : 04;
	0E8B : 03;
	0E8C : 02;
	0E8D : 01;
	0E8E : 00;
	0E8F : 81;
	0E90 : 82;
	0E91 : 84;
	0E92 : 86;
	0E93 : 88;
	0E94 : 8A;
	0E95 : 8C;
	0E96 : 8E;
	0E97 : 90;
	0E98 : 91;
	0E99 : 93;
	0E9A : 95;
	0E9B : 97;
	0E9C : 98;
	0E9D : 9A;
	0E9E : 9A;
	0E9F : 9C;
	0EA0 : 9C;
	0EA1 : 9E;
	0EA2 : A0;
	0EA3 : A1;
	0EA4 : A2;
	0EA5 : A3;
	0EA6 : A4;
	0EA7 : A5;
	0EA8 : A6;
	0EA9 : A8;
	0EAA : A9;
	0EAB : AA;
	0EAC : AB;
	0EAD : AC;
	0EAE : AD;
	0EAF : AE;
	0EB0 : AF;
	0EB1 : B1;
	0EB2 : B2;
	0EB3 : B3;
	0EB4 : B4;
	0EB5 : B5;
	0EB6 : B6;
	0EB7 : B7;
	0EB8 : B8;
	0EB9 : B9;
	0EBA : BA;
	0EBB : BB;
	0EBC : BC;
	0EBD : BD;
	0EBE : BE;
	0EBF : BF;
	0EC0 : C0;
	0EC1 : C1;
	0EC2 : C2;
	0EC3 : C3;
	0EC4 : C4;
	0EC5 : C5;
	0EC6 : C6;
	0EC7 : C7;
	0EC8 : C8;
	0EC9 : C9;
	0ECA : CA;
	0ECB : CB;
	0ECC : CC;
	0ECD : CD;
	0ECE : CE;
	0ECF : CF;
	0ED0 : D0;
	0ED1 : D1;
	0ED2 : D2;
	0ED3 : D3;
	0ED4 : D4;
	0ED5 : D5;
	0ED6 : D6;
	0ED7 : D7;
	0ED8 : D8;
	0ED9 : D9;
	0EDA : DA;
	0EDB : DB;
	0EDC : DC;
	0EDD : DD;
	0EDE : DE;
	0EDF : DF;
	0EE0 : E0;
	0EE1 : E1;
	0EE2 : E2;
	0EE3 : E3;
	0EE4 : E4;
	0EE5 : E5;
	0EE6 : E6;
	0EE7 : E7;
	0EE8 : E8;
	0EE9 : E9;
	0EEA : EA;
	0EEB : EB;
	0EEC : EC;
	0EED : ED;
	0EEE : EE;
	0EEF : EF;
	0EF0 : F0;
	0EF1 : F1;
	0EF2 : F2;
	0EF3 : F3;
	0EF4 : F4;
	0EF5 : F5;
	0EF6 : F6;
	0EF7 : F7;
	0EF8 : F8;
	0EF9 : F9;
	0EFA : FA;
	0EFB : FB;
	0EFC : FC;
	0EFD : FD;
	0EFE : FE;
	0EFF : 7F;
	0F00 : 0F;
	0F01 : 10;
	0F02 : 10;
	0F03 : 11;
	0F04 : 12;
	0F05 : 12;
	0F06 : 12;
	0F07 : 13;
	0F08 : 14;
	0F09 : 14;
	0F0A : 14;
	0F0B : 15;
	0F0C : 16;
	0F0D : 16;
	0F0E : 16;
	0F0F : 17;
	0F10 : 18;
	0F11 : 18;
	0F12 : 19;
	0F13 : 19;
	0F14 : 1A;
	0F15 : 1A;
	0F16 : 1B;
	0F17 : 1B;
	0F18 : 1C;
	0F19 : 1D;
	0F1A : 1E;
	0F1B : 1F;
	0F1C : 20;
	0F1D : 20;
	0F1E : 21;
	0F1F : 21;
	0F20 : 22;
	0F21 : 23;
	0F22 : 24;
	0F23 : 25;
	0F24 : 26;
	0F25 : 27;
	0F26 : 28;
	0F27 : 28;
	0F28 : 29;
	0F29 : 2A;
	0F2A : 2B;
	0F2B : 2C;
	0F2C : 2D;
	0F2D : 2E;
	0F2E : 2F;
	0F2F : 30;
	0F30 : 30;
	0F31 : 31;
	0F32 : 32;
	0F33 : 33;
	0F34 : 34;
	0F35 : 35;
	0F36 : 36;
	0F37 : 37;
	0F38 : 38;
	0F39 : 39;
	0F3A : 3A;
	0F3B : 3B;
	0F3C : 3C;
	0F3D : 3D;
	0F3E : 3E;
	0F3F : 3F;
	0F40 : 40;
	0F41 : 41;
	0F42 : 42;
	0F43 : 43;
	0F44 : 44;
	0F45 : 45;
	0F46 : 46;
	0F47 : 47;
	0F48 : 48;
	0F49 : 49;
	0F4A : 4A;
	0F4B : 4B;
	0F4C : 4C;
	0F4D : 4D;
	0F4E : 4E;
	0F4F : 4F;
	0F50 : 50;
	0F51 : 51;
	0F52 : 52;
	0F53 : 53;
	0F54 : 54;
	0F55 : 55;
	0F56 : 56;
	0F57 : 57;
	0F58 : 58;
	0F59 : 59;
	0F5A : 5A;
	0F5B : 5B;
	0F5C : 5C;
	0F5D : 5D;
	0F5E : 5E;
	0F5F : 5F;
	0F60 : 60;
	0F61 : 61;
	0F62 : 62;
	0F63 : 63;
	0F64 : 64;
	0F65 : 65;
	0F66 : 66;
	0F67 : 67;
	0F68 : 68;
	0F69 : 69;
	0F6A : 6A;
	0F6B : 6B;
	0F6C : 6C;
	0F6D : 6D;
	0F6E : 6E;
	0F6F : 6F;
	0F70 : 70;
	0F71 : 71;
	0F72 : 72;
	0F73 : 73;
	0F74 : 74;
	0F75 : 75;
	0F76 : 76;
	0F77 : 77;
	0F78 : 78;
	0F79 : 79;
	0F7A : 7A;
	0F7B : 7B;
	0F7C : 7C;
	0F7D : 7D;
	0F7E : 7E;
	0F7F : 7F;
	0F80 : 0F;
	0F81 : 0E;
	0F82 : 0D;
	0F83 : 0C;
	0F84 : 0B;
	0F85 : 0A;
	0F86 : 09;
	0F87 : 08;
	0F88 : 07;
	0F89 : 06;
	0F8A : 05;
	0F8B : 04;
	0F8C : 03;
	0F8D : 02;
	0F8E : 01;
	0F8F : 00;
	0F90 : 81;
	0F91 : 83;
	0F92 : 85;
	0F93 : 87;
	0F94 : 89;
	0F95 : 8B;
	0F96 : 8D;
	0F97 : 8F;
	0F98 : 90;
	0F99 : 92;
	0F9A : 94;
	0F9B : 96;
	0F9C : 98;
	0F9D : 99;
	0F9E : 9A;
	0F9F : 9B;
	0FA0 : 9C;
	0FA1 : 9E;
	0FA2 : A0;
	0FA3 : A1;
	0FA4 : A2;
	0FA5 : A3;
	0FA6 : A4;
	0FA7 : A5;
	0FA8 : A6;
	0FA9 : A8;
	0FAA : A9;
	0FAB : AA;
	0FAC : AB;
	0FAD : AC;
	0FAE : AD;
	0FAF : AE;
	0FB0 : AF;
	0FB1 : B1;
	0FB2 : B2;
	0FB3 : B3;
	0FB4 : B4;
	0FB5 : B5;
	0FB6 : B6;
	0FB7 : B7;
	0FB8 : B8;
	0FB9 : B9;
	0FBA : BA;
	0FBB : BB;
	0FBC : BC;
	0FBD : BD;
	0FBE : BE;
	0FBF : BF;
	0FC0 : C0;
	0FC1 : C1;
	0FC2 : C2;
	0FC3 : C3;
	0FC4 : C4;
	0FC5 : C5;
	0FC6 : C6;
	0FC7 : C7;
	0FC8 : C8;
	0FC9 : C9;
	0FCA : CA;
	0FCB : CB;
	0FCC : CC;
	0FCD : CD;
	0FCE : CE;
	0FCF : CF;
	0FD0 : D0;
	0FD1 : D1;
	0FD2 : D2;
	0FD3 : D3;
	0FD4 : D4;
	0FD5 : D5;
	0FD6 : D6;
	0FD7 : D7;
	0FD8 : D8;
	0FD9 : D9;
	0FDA : DA;
	0FDB : DB;
	0FDC : DC;
	0FDD : DD;
	0FDE : DE;
	0FDF : DF;
	0FE0 : E0;
	0FE1 : E1;
	0FE2 : E2;
	0FE3 : E3;
	0FE4 : E4;
	0FE5 : E5;
	0FE6 : E6;
	0FE7 : E7;
	0FE8 : E8;
	0FE9 : E9;
	0FEA : EA;
	0FEB : EB;
	0FEC : EC;
	0FED : ED;
	0FEE : EE;
	0FEF : EF;
	0FF0 : F0;
	0FF1 : F1;
	0FF2 : F2;
	0FF3 : F3;
	0FF4 : F4;
	0FF5 : F5;
	0FF6 : F6;
	0FF7 : F7;
	0FF8 : F8;
	0FF9 : F9;
	0FFA : FA;
	0FFB : FB;
	0FFC : FC;
	0FFD : FD;
	0FFE : FE;
	0FFF : 7F;
	1000 : 10;
	1001 : 10;
	1002 : 11;
	1003 : 12;
	1004 : 12;
	1005 : 12;
	1006 : 13;
	1007 : 14;
	1008 : 14;
	1009 : 14;
	100A : 15;
	100B : 16;
	100C : 16;
	100D : 16;
	100E : 17;
	100F : 18;
	1010 : 18;
	1011 : 18;
	1012 : 19;
	1013 : 1A;
	1014 : 1A;
	1015 : 1A;
	1016 : 1B;
	1017 : 1C;
	1018 : 1C;
	1019 : 1D;
	101A : 1E;
	101B : 1F;
	101C : 20;
	101D : 20;
	101E : 21;
	101F : 22;
	1020 : 22;
	1021 : 23;
	1022 : 24;
	1023 : 25;
	1024 : 26;
	1025 : 27;
	1026 : 28;
	1027 : 28;
	1028 : 29;
	1029 : 2A;
	102A : 2B;
	102B : 2C;
	102C : 2D;
	102D : 2E;
	102E : 2F;
	102F : 30;
	1030 : 30;
	1031 : 32;
	1032 : 32;
	1033 : 34;
	1034 : 34;
	1035 : 36;
	1036 : 36;
	1037 : 38;
	1038 : 38;
	1039 : 39;
	103A : 3A;
	103B : 3B;
	103C : 3C;
	103D : 3D;
	103E : 3E;
	103F : 3F;
	1040 : 40;
	1041 : 41;
	1042 : 42;
	1043 : 43;
	1044 : 44;
	1045 : 45;
	1046 : 46;
	1047 : 47;
	1048 : 48;
	1049 : 49;
	104A : 4A;
	104B : 4B;
	104C : 4C;
	104D : 4D;
	104E : 4E;
	104F : 4F;
	1050 : 50;
	1051 : 51;
	1052 : 52;
	1053 : 53;
	1054 : 54;
	1055 : 55;
	1056 : 56;
	1057 : 57;
	1058 : 58;
	1059 : 59;
	105A : 5A;
	105B : 5B;
	105C : 5C;
	105D : 5D;
	105E : 5E;
	105F : 5F;
	1060 : 60;
	1061 : 61;
	1062 : 62;
	1063 : 63;
	1064 : 64;
	1065 : 65;
	1066 : 66;
	1067 : 67;
	1068 : 68;
	1069 : 69;
	106A : 6A;
	106B : 6B;
	106C : 6C;
	106D : 6D;
	106E : 6E;
	106F : 6F;
	1070 : 70;
	1071 : 71;
	1072 : 72;
	1073 : 73;
	1074 : 74;
	1075 : 75;
	1076 : 76;
	1077 : 77;
	1078 : 78;
	1079 : 79;
	107A : 7A;
	107B : 7B;
	107C : 7C;
	107D : 7D;
	107E : 7E;
	107F : 7F;
	1080 : 10;
	1081 : 0F;
	1082 : 0E;
	1083 : 0D;
	1084 : 0C;
	1085 : 0B;
	1086 : 0A;
	1087 : 09;
	1088 : 08;
	1089 : 07;
	108A : 06;
	108B : 05;
	108C : 04;
	108D : 03;
	108E : 02;
	108F : 01;
	1090 : 00;
	1091 : 82;
	1092 : 84;
	1093 : 86;
	1094 : 88;
	1095 : 8A;
	1096 : 8C;
	1097 : 8E;
	1098 : 90;
	1099 : 92;
	109A : 94;
	109B : 96;
	109C : 98;
	109D : 99;
	109E : 9A;
	109F : 9B;
	10A0 : 9C;
	10A1 : 9E;
	10A2 : A0;
	10A3 : A1;
	10A4 : A2;
	10A5 : A3;
	10A6 : A4;
	10A7 : A5;
	10A8 : A6;
	10A9 : A8;
	10AA : A9;
	10AB : AA;
	10AC : AB;
	10AD : AC;
	10AE : AD;
	10AF : AE;
	10B0 : AF;
	10B1 : B0;
	10B2 : B2;
	10B3 : B2;
	10B4 : B4;
	10B5 : B4;
	10B6 : B6;
	10B7 : B6;
	10B8 : B8;
	10B9 : B9;
	10BA : BA;
	10BB : BB;
	10BC : BC;
	10BD : BD;
	10BE : BE;
	10BF : BF;
	10C0 : C0;
	10C1 : C1;
	10C2 : C2;
	10C3 : C3;
	10C4 : C4;
	10C5 : C5;
	10C6 : C6;
	10C7 : C7;
	10C8 : C8;
	10C9 : C9;
	10CA : CA;
	10CB : CB;
	10CC : CC;
	10CD : CD;
	10CE : CE;
	10CF : CF;
	10D0 : D0;
	10D1 : D1;
	10D2 : D2;
	10D3 : D3;
	10D4 : D4;
	10D5 : D5;
	10D6 : D6;
	10D7 : D7;
	10D8 : D8;
	10D9 : D9;
	10DA : DA;
	10DB : DB;
	10DC : DC;
	10DD : DD;
	10DE : DE;
	10DF : DF;
	10E0 : E0;
	10E1 : E1;
	10E2 : E2;
	10E3 : E3;
	10E4 : E4;
	10E5 : E5;
	10E6 : E6;
	10E7 : E7;
	10E8 : E8;
	10E9 : E9;
	10EA : EA;
	10EB : EB;
	10EC : EC;
	10ED : ED;
	10EE : EE;
	10EF : EF;
	10F0 : F0;
	10F1 : F1;
	10F2 : F2;
	10F3 : F3;
	10F4 : F4;
	10F5 : F5;
	10F6 : F6;
	10F7 : F7;
	10F8 : F8;
	10F9 : F9;
	10FA : FA;
	10FB : FB;
	10FC : FC;
	10FD : FD;
	10FE : FE;
	10FF : 7F;
	1100 : 11;
	1101 : 12;
	1102 : 12;
	1103 : 12;
	1104 : 13;
	1105 : 14;
	1106 : 14;
	1107 : 14;
	1108 : 15;
	1109 : 16;
	110A : 16;
	110B : 16;
	110C : 17;
	110D : 18;
	110E : 18;
	110F : 18;
	1110 : 18;
	1111 : 19;
	1112 : 1A;
	1113 : 1A;
	1114 : 1A;
	1115 : 1B;
	1116 : 1C;
	1117 : 1C;
	1118 : 1C;
	1119 : 1E;
	111A : 1E;
	111B : 20;
	111C : 20;
	111D : 21;
	111E : 21;
	111F : 22;
	1120 : 22;
	1121 : 23;
	1122 : 24;
	1123 : 25;
	1124 : 26;
	1125 : 27;
	1126 : 28;
	1127 : 29;
	1128 : 29;
	1129 : 2A;
	112A : 2B;
	112B : 2C;
	112C : 2D;
	112D : 2E;
	112E : 2F;
	112F : 30;
	1130 : 31;
	1131 : 32;
	1132 : 33;
	1133 : 34;
	1134 : 35;
	1135 : 36;
	1136 : 37;
	1137 : 38;
	1138 : 38;
	1139 : 39;
	113A : 3A;
	113B : 3B;
	113C : 3C;
	113D : 3D;
	113E : 3E;
	113F : 3F;
	1140 : 40;
	1141 : 41;
	1142 : 42;
	1143 : 43;
	1144 : 44;
	1145 : 45;
	1146 : 46;
	1147 : 47;
	1148 : 48;
	1149 : 49;
	114A : 4A;
	114B : 4B;
	114C : 4C;
	114D : 4D;
	114E : 4E;
	114F : 4F;
	1150 : 50;
	1151 : 51;
	1152 : 52;
	1153 : 53;
	1154 : 54;
	1155 : 55;
	1156 : 56;
	1157 : 57;
	1158 : 58;
	1159 : 59;
	115A : 5A;
	115B : 5B;
	115C : 5C;
	115D : 5D;
	115E : 5E;
	115F : 5F;
	1160 : 60;
	1161 : 61;
	1162 : 62;
	1163 : 63;
	1164 : 64;
	1165 : 65;
	1166 : 66;
	1167 : 67;
	1168 : 68;
	1169 : 69;
	116A : 6A;
	116B : 6B;
	116C : 6C;
	116D : 6D;
	116E : 6E;
	116F : 6F;
	1170 : 70;
	1171 : 71;
	1172 : 72;
	1173 : 73;
	1174 : 74;
	1175 : 75;
	1176 : 76;
	1177 : 77;
	1178 : 78;
	1179 : 79;
	117A : 7A;
	117B : 7B;
	117C : 7C;
	117D : 7D;
	117E : 7E;
	117F : 7F;
	1180 : 11;
	1181 : 10;
	1182 : 10;
	1183 : 0F;
	1184 : 0E;
	1185 : 0D;
	1186 : 0C;
	1187 : 0B;
	1188 : 0A;
	1189 : 09;
	118A : 08;
	118B : 07;
	118C : 06;
	118D : 05;
	118E : 04;
	118F : 03;
	1190 : 02;
	1191 : 00;
	1192 : 82;
	1193 : 84;
	1194 : 86;
	1195 : 88;
	1196 : 8A;
	1197 : 8C;
	1198 : 8E;
	1199 : 91;
	119A : 93;
	119B : 95;
	119C : 97;
	119D : 98;
	119E : 9A;
	119F : 9A;
	11A0 : 9C;
	11A1 : 9E;
	11A2 : A0;
	11A3 : A1;
	11A4 : A2;
	11A5 : A3;
	11A6 : A4;
	11A7 : A5;
	11A8 : A6;
	11A9 : A8;
	11AA : A9;
	11AB : AA;
	11AC : AB;
	11AD : AC;
	11AE : AD;
	11AF : AE;
	11B0 : AF;
	11B1 : B0;
	11B2 : B1;
	11B3 : B2;
	11B4 : B3;
	11B5 : B4;
	11B6 : B5;
	11B7 : B6;
	11B8 : B7;
	11B9 : B9;
	11BA : BA;
	11BB : BB;
	11BC : BC;
	11BD : BD;
	11BE : BE;
	11BF : BF;
	11C0 : C0;
	11C1 : C1;
	11C2 : C2;
	11C3 : C3;
	11C4 : C4;
	11C5 : C5;
	11C6 : C6;
	11C7 : C7;
	11C8 : C8;
	11C9 : C9;
	11CA : CA;
	11CB : CB;
	11CC : CC;
	11CD : CD;
	11CE : CE;
	11CF : CF;
	11D0 : D0;
	11D1 : D1;
	11D2 : D2;
	11D3 : D3;
	11D4 : D4;
	11D5 : D5;
	11D6 : D6;
	11D7 : D7;
	11D8 : D8;
	11D9 : D9;
	11DA : DA;
	11DB : DB;
	11DC : DC;
	11DD : DD;
	11DE : DE;
	11DF : DF;
	11E0 : E0;
	11E1 : E1;
	11E2 : E2;
	11E3 : E3;
	11E4 : E4;
	11E5 : E5;
	11E6 : E6;
	11E7 : E7;
	11E8 : E8;
	11E9 : E9;
	11EA : EA;
	11EB : EB;
	11EC : EC;
	11ED : ED;
	11EE : EE;
	11EF : EF;
	11F0 : F0;
	11F1 : F1;
	11F2 : F2;
	11F3 : F3;
	11F4 : F4;
	11F5 : F5;
	11F6 : F6;
	11F7 : F7;
	11F8 : F8;
	11F9 : F9;
	11FA : FA;
	11FB : FB;
	11FC : FC;
	11FD : FD;
	11FE : FE;
	11FF : 7F;
	1200 : 12;
	1201 : 12;
	1202 : 13;
	1203 : 14;
	1204 : 14;
	1205 : 14;
	1206 : 15;
	1207 : 16;
	1208 : 16;
	1209 : 16;
	120A : 17;
	120B : 18;
	120C : 18;
	120D : 18;
	120E : 18;
	120F : 19;
	1210 : 19;
	1211 : 1A;
	1212 : 1A;
	1213 : 1A;
	1214 : 1B;
	1215 : 1C;
	1216 : 1C;
	1217 : 1C;
	1218 : 1D;
	1219 : 1E;
	121A : 1F;
	121B : 20;
	121C : 20;
	121D : 21;
	121E : 22;
	121F : 22;
	1220 : 22;
	1221 : 24;
	1222 : 24;
	1223 : 26;
	1224 : 26;
	1225 : 28;
	1226 : 28;
	1227 : 29;
	1228 : 29;
	1229 : 2A;
	122A : 2B;
	122B : 2C;
	122C : 2D;
	122D : 2E;
	122E : 2F;
	122F : 30;
	1230 : 31;
	1231 : 32;
	1232 : 33;
	1233 : 34;
	1234 : 35;
	1235 : 36;
	1236 : 37;
	1237 : 38;
	1238 : 38;
	1239 : 39;
	123A : 3A;
	123B : 3B;
	123C : 3C;
	123D : 3D;
	123E : 3E;
	123F : 3F;
	1240 : 40;
	1241 : 41;
	1242 : 42;
	1243 : 43;
	1244 : 44;
	1245 : 45;
	1246 : 46;
	1247 : 47;
	1248 : 48;
	1249 : 49;
	124A : 4A;
	124B : 4B;
	124C : 4C;
	124D : 4D;
	124E : 4E;
	124F : 4F;
	1250 : 50;
	1251 : 51;
	1252 : 52;
	1253 : 53;
	1254 : 54;
	1255 : 55;
	1256 : 56;
	1257 : 57;
	1258 : 58;
	1259 : 59;
	125A : 5A;
	125B : 5B;
	125C : 5C;
	125D : 5D;
	125E : 5E;
	125F : 5F;
	1260 : 60;
	1261 : 61;
	1262 : 62;
	1263 : 63;
	1264 : 64;
	1265 : 65;
	1266 : 66;
	1267 : 67;
	1268 : 68;
	1269 : 69;
	126A : 6A;
	126B : 6B;
	126C : 6C;
	126D : 6D;
	126E : 6E;
	126F : 6F;
	1270 : 70;
	1271 : 71;
	1272 : 72;
	1273 : 73;
	1274 : 74;
	1275 : 75;
	1276 : 76;
	1277 : 77;
	1278 : 78;
	1279 : 79;
	127A : 7A;
	127B : 7B;
	127C : 7C;
	127D : 7D;
	127E : 7E;
	127F : 7F;
	1280 : 12;
	1281 : 12;
	1282 : 11;
	1283 : 10;
	1284 : 10;
	1285 : 0F;
	1286 : 0E;
	1287 : 0D;
	1288 : 0C;
	1289 : 0B;
	128A : 0A;
	128B : 09;
	128C : 08;
	128D : 07;
	128E : 06;
	128F : 05;
	1290 : 04;
	1291 : 02;
	1292 : 00;
	1293 : 82;
	1294 : 84;
	1295 : 86;
	1296 : 88;
	1297 : 8A;
	1298 : 8C;
	1299 : 90;
	129A : 92;
	129B : 94;
	129C : 96;
	129D : 98;
	129E : 99;
	129F : 9A;
	12A0 : 9B;
	12A1 : 9D;
	12A2 : 9F;
	12A3 : A0;
	12A4 : A2;
	12A5 : A2;
	12A6 : A4;
	12A7 : A4;
	12A8 : A6;
	12A9 : A8;
	12AA : A9;
	12AB : AA;
	12AC : AB;
	12AD : AC;
	12AE : AD;
	12AF : AE;
	12B0 : AF;
	12B1 : B0;
	12B2 : B1;
	12B3 : B2;
	12B4 : B3;
	12B5 : B4;
	12B6 : B5;
	12B7 : B6;
	12B8 : B7;
	12B9 : B9;
	12BA : BA;
	12BB : BB;
	12BC : BC;
	12BD : BD;
	12BE : BE;
	12BF : BF;
	12C0 : C0;
	12C1 : C1;
	12C2 : C2;
	12C3 : C3;
	12C4 : C4;
	12C5 : C5;
	12C6 : C6;
	12C7 : C7;
	12C8 : C8;
	12C9 : C9;
	12CA : CA;
	12CB : CB;
	12CC : CC;
	12CD : CD;
	12CE : CE;
	12CF : CF;
	12D0 : D0;
	12D1 : D1;
	12D2 : D2;
	12D3 : D3;
	12D4 : D4;
	12D5 : D5;
	12D6 : D6;
	12D7 : D7;
	12D8 : D8;
	12D9 : D9;
	12DA : DA;
	12DB : DB;
	12DC : DC;
	12DD : DD;
	12DE : DE;
	12DF : DF;
	12E0 : E0;
	12E1 : E1;
	12E2 : E2;
	12E3 : E3;
	12E4 : E4;
	12E5 : E5;
	12E6 : E6;
	12E7 : E7;
	12E8 : E8;
	12E9 : E9;
	12EA : EA;
	12EB : EB;
	12EC : EC;
	12ED : ED;
	12EE : EE;
	12EF : EF;
	12F0 : F0;
	12F1 : F1;
	12F2 : F2;
	12F3 : F3;
	12F4 : F4;
	12F5 : F5;
	12F6 : F6;
	12F7 : F7;
	12F8 : F8;
	12F9 : F9;
	12FA : FA;
	12FB : FB;
	12FC : FC;
	12FD : FD;
	12FE : FE;
	12FF : 7F;
	1300 : 13;
	1301 : 14;
	1302 : 14;
	1303 : 14;
	1304 : 15;
	1305 : 16;
	1306 : 16;
	1307 : 16;
	1308 : 17;
	1309 : 18;
	130A : 18;
	130B : 18;
	130C : 18;
	130D : 19;
	130E : 19;
	130F : 19;
	1310 : 1A;
	1311 : 1A;
	1312 : 1A;
	1313 : 1B;
	1314 : 1C;
	1315 : 1C;
	1316 : 1C;
	1317 : 1D;
	1318 : 1E;
	1319 : 1E;
	131A : 20;
	131B : 20;
	131C : 21;
	131D : 21;
	131E : 22;
	131F : 22;
	1320 : 23;
	1321 : 24;
	1322 : 25;
	1323 : 26;
	1324 : 27;
	1325 : 28;
	1326 : 28;
	1327 : 29;
	1328 : 29;
	1329 : 2A;
	132A : 2B;
	132B : 2C;
	132C : 2D;
	132D : 2E;
	132E : 2F;
	132F : 30;
	1330 : 31;
	1331 : 32;
	1332 : 33;
	1333 : 34;
	1334 : 35;
	1335 : 36;
	1336 : 37;
	1337 : 38;
	1338 : 38;
	1339 : 39;
	133A : 3A;
	133B : 3B;
	133C : 3C;
	133D : 3D;
	133E : 3E;
	133F : 3F;
	1340 : 40;
	1341 : 41;
	1342 : 42;
	1343 : 43;
	1344 : 44;
	1345 : 45;
	1346 : 46;
	1347 : 47;
	1348 : 48;
	1349 : 49;
	134A : 4A;
	134B : 4B;
	134C : 4C;
	134D : 4D;
	134E : 4E;
	134F : 4F;
	1350 : 50;
	1351 : 51;
	1352 : 52;
	1353 : 53;
	1354 : 54;
	1355 : 55;
	1356 : 56;
	1357 : 57;
	1358 : 58;
	1359 : 59;
	135A : 5A;
	135B : 5B;
	135C : 5C;
	135D : 5D;
	135E : 5E;
	135F : 5F;
	1360 : 60;
	1361 : 61;
	1362 : 62;
	1363 : 63;
	1364 : 64;
	1365 : 65;
	1366 : 66;
	1367 : 67;
	1368 : 68;
	1369 : 69;
	136A : 6A;
	136B : 6B;
	136C : 6C;
	136D : 6D;
	136E : 6E;
	136F : 6F;
	1370 : 70;
	1371 : 71;
	1372 : 72;
	1373 : 73;
	1374 : 74;
	1375 : 75;
	1376 : 76;
	1377 : 77;
	1378 : 78;
	1379 : 79;
	137A : 7A;
	137B : 7B;
	137C : 7C;
	137D : 7D;
	137E : 7E;
	137F : 7F;
	1380 : 13;
	1381 : 12;
	1382 : 12;
	1383 : 12;
	1384 : 11;
	1385 : 10;
	1386 : 10;
	1387 : 0F;
	1388 : 0E;
	1389 : 0D;
	138A : 0C;
	138B : 0B;
	138C : 0A;
	138D : 09;
	138E : 08;
	138F : 07;
	1390 : 06;
	1391 : 04;
	1392 : 02;
	1393 : 00;
	1394 : 82;
	1395 : 84;
	1396 : 86;
	1397 : 88;
	1398 : 8A;
	1399 : 8E;
	139A : 91;
	139B : 93;
	139C : 95;
	139D : 97;
	139E : 98;
	139F : 9A;
	13A0 : 9A;
	13A1 : 9C;
	13A2 : 9E;
	13A3 : A0;
	13A4 : A1;
	13A5 : A2;
	13A6 : A3;
	13A7 : A4;
	13A8 : A5;
	13A9 : A7;
	13AA : A9;
	13AB : AA;
	13AC : AB;
	13AD : AC;
	13AE : AD;
	13AF : AE;
	13B0 : AF;
	13B1 : B0;
	13B2 : B1;
	13B3 : B2;
	13B4 : B3;
	13B5 : B4;
	13B6 : B5;
	13B7 : B6;
	13B8 : B7;
	13B9 : B9;
	13BA : BA;
	13BB : BB;
	13BC : BC;
	13BD : BD;
	13BE : BE;
	13BF : BF;
	13C0 : C0;
	13C1 : C1;
	13C2 : C2;
	13C3 : C3;
	13C4 : C4;
	13C5 : C5;
	13C6 : C6;
	13C7 : C7;
	13C8 : C8;
	13C9 : C9;
	13CA : CA;
	13CB : CB;
	13CC : CC;
	13CD : CD;
	13CE : CE;
	13CF : CF;
	13D0 : D0;
	13D1 : D1;
	13D2 : D2;
	13D3 : D3;
	13D4 : D4;
	13D5 : D5;
	13D6 : D6;
	13D7 : D7;
	13D8 : D8;
	13D9 : D9;
	13DA : DA;
	13DB : DB;
	13DC : DC;
	13DD : DD;
	13DE : DE;
	13DF : DF;
	13E0 : E0;
	13E1 : E1;
	13E2 : E2;
	13E3 : E3;
	13E4 : E4;
	13E5 : E5;
	13E6 : E6;
	13E7 : E7;
	13E8 : E8;
	13E9 : E9;
	13EA : EA;
	13EB : EB;
	13EC : EC;
	13ED : ED;
	13EE : EE;
	13EF : EF;
	13F0 : F0;
	13F1 : F1;
	13F2 : F2;
	13F3 : F3;
	13F4 : F4;
	13F5 : F5;
	13F6 : F6;
	13F7 : F7;
	13F8 : F8;
	13F9 : F9;
	13FA : FA;
	13FB : FB;
	13FC : FC;
	13FD : FD;
	13FE : FE;
	13FF : 7F;
	1400 : 14;
	1401 : 14;
	1402 : 15;
	1403 : 16;
	1404 : 16;
	1405 : 16;
	1406 : 17;
	1407 : 18;
	1408 : 18;
	1409 : 18;
	140A : 18;
	140B : 19;
	140C : 19;
	140D : 19;
	140E : 1A;
	140F : 1A;
	1410 : 1A;
	1411 : 1A;
	1412 : 1B;
	1413 : 1C;
	1414 : 1C;
	1415 : 1C;
	1416 : 1D;
	1417 : 1E;
	1418 : 1E;
	1419 : 1F;
	141A : 20;
	141B : 20;
	141C : 21;
	141D : 22;
	141E : 22;
	141F : 22;
	1420 : 23;
	1421 : 24;
	1422 : 25;
	1423 : 26;
	1424 : 27;
	1425 : 28;
	1426 : 28;
	1427 : 29;
	1428 : 2A;
	1429 : 2A;
	142A : 2C;
	142B : 2C;
	142C : 2E;
	142D : 2E;
	142E : 30;
	142F : 30;
	1430 : 31;
	1431 : 32;
	1432 : 33;
	1433 : 34;
	1434 : 35;
	1435 : 36;
	1436 : 37;
	1437 : 38;
	1438 : 38;
	1439 : 39;
	143A : 3A;
	143B : 3B;
	143C : 3C;
	143D : 3D;
	143E : 3E;
	143F : 3F;
	1440 : 40;
	1441 : 41;
	1442 : 42;
	1443 : 43;
	1444 : 44;
	1445 : 45;
	1446 : 46;
	1447 : 47;
	1448 : 48;
	1449 : 49;
	144A : 4A;
	144B : 4B;
	144C : 4C;
	144D : 4D;
	144E : 4E;
	144F : 4F;
	1450 : 50;
	1451 : 51;
	1452 : 52;
	1453 : 53;
	1454 : 54;
	1455 : 55;
	1456 : 56;
	1457 : 57;
	1458 : 58;
	1459 : 59;
	145A : 5A;
	145B : 5B;
	145C : 5C;
	145D : 5D;
	145E : 5E;
	145F : 5F;
	1460 : 60;
	1461 : 61;
	1462 : 62;
	1463 : 63;
	1464 : 64;
	1465 : 65;
	1466 : 66;
	1467 : 67;
	1468 : 68;
	1469 : 69;
	146A : 6A;
	146B : 6B;
	146C : 6C;
	146D : 6D;
	146E : 6E;
	146F : 6F;
	1470 : 70;
	1471 : 71;
	1472 : 72;
	1473 : 73;
	1474 : 74;
	1475 : 75;
	1476 : 76;
	1477 : 77;
	1478 : 78;
	1479 : 79;
	147A : 7A;
	147B : 7B;
	147C : 7C;
	147D : 7D;
	147E : 7E;
	147F : 7F;
	1480 : 14;
	1481 : 14;
	1482 : 13;
	1483 : 12;
	1484 : 12;
	1485 : 12;
	1486 : 11;
	1487 : 10;
	1488 : 10;
	1489 : 0F;
	148A : 0E;
	148B : 0D;
	148C : 0C;
	148D : 0B;
	148E : 0A;
	148F : 09;
	1490 : 08;
	1491 : 06;
	1492 : 04;
	1493 : 02;
	1494 : 00;
	1495 : 82;
	1496 : 84;
	1497 : 86;
	1498 : 88;
	1499 : 8C;
	149A : 90;
	149B : 92;
	149C : 94;
	149D : 96;
	149E : 98;
	149F : 99;
	14A0 : 9A;
	14A1 : 9C;
	14A2 : 9E;
	14A3 : A0;
	14A4 : A1;
	14A5 : A2;
	14A6 : A3;
	14A7 : A4;
	14A8 : A5;
	14A9 : A7;
	14AA : A8;
	14AB : AA;
	14AC : AA;
	14AD : AC;
	14AE : AC;
	14AF : AE;
	14B0 : AE;
	14B1 : B0;
	14B2 : B1;
	14B3 : B2;
	14B4 : B3;
	14B5 : B4;
	14B6 : B5;
	14B7 : B6;
	14B8 : B7;
	14B9 : B9;
	14BA : BA;
	14BB : BB;
	14BC : BC;
	14BD : BD;
	14BE : BE;
	14BF : BF;
	14C0 : C0;
	14C1 : C1;
	14C2 : C2;
	14C3 : C3;
	14C4 : C4;
	14C5 : C5;
	14C6 : C6;
	14C7 : C7;
	14C8 : C8;
	14C9 : C9;
	14CA : CA;
	14CB : CB;
	14CC : CC;
	14CD : CD;
	14CE : CE;
	14CF : CF;
	14D0 : D0;
	14D1 : D1;
	14D2 : D2;
	14D3 : D3;
	14D4 : D4;
	14D5 : D5;
	14D6 : D6;
	14D7 : D7;
	14D8 : D8;
	14D9 : D9;
	14DA : DA;
	14DB : DB;
	14DC : DC;
	14DD : DD;
	14DE : DE;
	14DF : DF;
	14E0 : E0;
	14E1 : E1;
	14E2 : E2;
	14E3 : E3;
	14E4 : E4;
	14E5 : E5;
	14E6 : E6;
	14E7 : E7;
	14E8 : E8;
	14E9 : E9;
	14EA : EA;
	14EB : EB;
	14EC : EC;
	14ED : ED;
	14EE : EE;
	14EF : EF;
	14F0 : F0;
	14F1 : F1;
	14F2 : F2;
	14F3 : F3;
	14F4 : F4;
	14F5 : F5;
	14F6 : F6;
	14F7 : F7;
	14F8 : F8;
	14F9 : F9;
	14FA : FA;
	14FB : FB;
	14FC : FC;
	14FD : FD;
	14FE : FE;
	14FF : 7F;
	1500 : 15;
	1501 : 16;
	1502 : 16;
	1503 : 16;
	1504 : 17;
	1505 : 18;
	1506 : 18;
	1507 : 18;
	1508 : 18;
	1509 : 19;
	150A : 19;
	150B : 19;
	150C : 1A;
	150D : 1A;
	150E : 1A;
	150F : 1A;
	1510 : 1A;
	1511 : 1B;
	1512 : 1C;
	1513 : 1C;
	1514 : 1C;
	1515 : 1D;
	1516 : 1E;
	1517 : 1E;
	1518 : 1E;
	1519 : 20;
	151A : 20;
	151B : 21;
	151C : 21;
	151D : 22;
	151E : 22;
	151F : 23;
	1520 : 23;
	1521 : 24;
	1522 : 25;
	1523 : 26;
	1524 : 27;
	1525 : 28;
	1526 : 29;
	1527 : 29;
	1528 : 2A;
	1529 : 2B;
	152A : 2C;
	152B : 2D;
	152C : 2E;
	152D : 2F;
	152E : 30;
	152F : 30;
	1530 : 31;
	1531 : 32;
	1532 : 33;
	1533 : 34;
	1534 : 35;
	1535 : 36;
	1536 : 37;
	1537 : 38;
	1538 : 38;
	1539 : 39;
	153A : 3A;
	153B : 3B;
	153C : 3C;
	153D : 3D;
	153E : 3E;
	153F : 3F;
	1540 : 40;
	1541 : 41;
	1542 : 42;
	1543 : 43;
	1544 : 44;
	1545 : 45;
	1546 : 46;
	1547 : 47;
	1548 : 48;
	1549 : 49;
	154A : 4A;
	154B : 4B;
	154C : 4C;
	154D : 4D;
	154E : 4E;
	154F : 4F;
	1550 : 50;
	1551 : 51;
	1552 : 52;
	1553 : 53;
	1554 : 54;
	1555 : 55;
	1556 : 56;
	1557 : 57;
	1558 : 58;
	1559 : 59;
	155A : 5A;
	155B : 5B;
	155C : 5C;
	155D : 5D;
	155E : 5E;
	155F : 5F;
	1560 : 60;
	1561 : 61;
	1562 : 62;
	1563 : 63;
	1564 : 64;
	1565 : 65;
	1566 : 66;
	1567 : 67;
	1568 : 68;
	1569 : 69;
	156A : 6A;
	156B : 6B;
	156C : 6C;
	156D : 6D;
	156E : 6E;
	156F : 6F;
	1570 : 70;
	1571 : 71;
	1572 : 72;
	1573 : 73;
	1574 : 74;
	1575 : 75;
	1576 : 76;
	1577 : 77;
	1578 : 78;
	1579 : 79;
	157A : 7A;
	157B : 7B;
	157C : 7C;
	157D : 7D;
	157E : 7E;
	157F : 7F;
	1580 : 15;
	1581 : 14;
	1582 : 14;
	1583 : 14;
	1584 : 13;
	1585 : 12;
	1586 : 12;
	1587 : 12;
	1588 : 11;
	1589 : 10;
	158A : 10;
	158B : 0F;
	158C : 0E;
	158D : 0D;
	158E : 0C;
	158F : 0B;
	1590 : 0A;
	1591 : 08;
	1592 : 06;
	1593 : 04;
	1594 : 02;
	1595 : 00;
	1596 : 82;
	1597 : 84;
	1598 : 86;
	1599 : 8A;
	159A : 8E;
	159B : 91;
	159C : 93;
	159D : 95;
	159E : 97;
	159F : 98;
	15A0 : 9A;
	15A1 : 9C;
	15A2 : 9E;
	15A3 : A0;
	15A4 : A1;
	15A5 : A2;
	15A6 : A3;
	15A7 : A4;
	15A8 : A5;
	15A9 : A7;
	15AA : A8;
	15AB : A9;
	15AC : AA;
	15AD : AB;
	15AE : AC;
	15AF : AD;
	15B0 : AE;
	15B1 : B0;
	15B2 : B1;
	15B3 : B2;
	15B4 : B3;
	15B5 : B4;
	15B6 : B5;
	15B7 : B6;
	15B8 : B7;
	15B9 : B9;
	15BA : BA;
	15BB : BB;
	15BC : BC;
	15BD : BD;
	15BE : BE;
	15BF : BF;
	15C0 : C0;
	15C1 : C1;
	15C2 : C2;
	15C3 : C3;
	15C4 : C4;
	15C5 : C5;
	15C6 : C6;
	15C7 : C7;
	15C8 : C8;
	15C9 : C9;
	15CA : CA;
	15CB : CB;
	15CC : CC;
	15CD : CD;
	15CE : CE;
	15CF : CF;
	15D0 : D0;
	15D1 : D1;
	15D2 : D2;
	15D3 : D3;
	15D4 : D4;
	15D5 : D5;
	15D6 : D6;
	15D7 : D7;
	15D8 : D8;
	15D9 : D9;
	15DA : DA;
	15DB : DB;
	15DC : DC;
	15DD : DD;
	15DE : DE;
	15DF : DF;
	15E0 : E0;
	15E1 : E1;
	15E2 : E2;
	15E3 : E3;
	15E4 : E4;
	15E5 : E5;
	15E6 : E6;
	15E7 : E7;
	15E8 : E8;
	15E9 : E9;
	15EA : EA;
	15EB : EB;
	15EC : EC;
	15ED : ED;
	15EE : EE;
	15EF : EF;
	15F0 : F0;
	15F1 : F1;
	15F2 : F2;
	15F3 : F3;
	15F4 : F4;
	15F5 : F5;
	15F6 : F6;
	15F7 : F7;
	15F8 : F8;
	15F9 : F9;
	15FA : FA;
	15FB : FB;
	15FC : FC;
	15FD : FD;
	15FE : FE;
	15FF : 7F;
	1600 : 16;
	1601 : 16;
	1602 : 17;
	1603 : 18;
	1604 : 18;
	1605 : 18;
	1606 : 18;
	1607 : 19;
	1608 : 19;
	1609 : 19;
	160A : 1A;
	160B : 1A;
	160C : 1A;
	160D : 1A;
	160E : 1A;
	160F : 1B;
	1610 : 1B;
	1611 : 1C;
	1612 : 1C;
	1613 : 1C;
	1614 : 1D;
	1615 : 1E;
	1616 : 1E;
	1617 : 1E;
	1618 : 1F;
	1619 : 20;
	161A : 20;
	161B : 21;
	161C : 22;
	161D : 22;
	161E : 22;
	161F : 23;
	1620 : 24;
	1621 : 24;
	1622 : 26;
	1623 : 26;
	1624 : 28;
	1625 : 28;
	1626 : 29;
	1627 : 29;
	1628 : 2A;
	1629 : 2B;
	162A : 2C;
	162B : 2D;
	162C : 2E;
	162D : 2F;
	162E : 30;
	162F : 30;
	1630 : 31;
	1631 : 32;
	1632 : 33;
	1633 : 34;
	1634 : 35;
	1635 : 36;
	1636 : 37;
	1637 : 38;
	1638 : 38;
	1639 : 39;
	163A : 3A;
	163B : 3B;
	163C : 3C;
	163D : 3D;
	163E : 3E;
	163F : 3F;
	1640 : 40;
	1641 : 41;
	1642 : 42;
	1643 : 43;
	1644 : 44;
	1645 : 45;
	1646 : 46;
	1647 : 47;
	1648 : 48;
	1649 : 49;
	164A : 4A;
	164B : 4B;
	164C : 4C;
	164D : 4D;
	164E : 4E;
	164F : 4F;
	1650 : 50;
	1651 : 51;
	1652 : 52;
	1653 : 53;
	1654 : 54;
	1655 : 55;
	1656 : 56;
	1657 : 57;
	1658 : 58;
	1659 : 59;
	165A : 5A;
	165B : 5B;
	165C : 5C;
	165D : 5D;
	165E : 5E;
	165F : 5F;
	1660 : 60;
	1661 : 61;
	1662 : 62;
	1663 : 63;
	1664 : 64;
	1665 : 65;
	1666 : 66;
	1667 : 67;
	1668 : 68;
	1669 : 69;
	166A : 6A;
	166B : 6B;
	166C : 6C;
	166D : 6D;
	166E : 6E;
	166F : 6F;
	1670 : 70;
	1671 : 71;
	1672 : 72;
	1673 : 73;
	1674 : 74;
	1675 : 75;
	1676 : 76;
	1677 : 77;
	1678 : 78;
	1679 : 79;
	167A : 7A;
	167B : 7B;
	167C : 7C;
	167D : 7D;
	167E : 7E;
	167F : 7F;
	1680 : 16;
	1681 : 16;
	1682 : 15;
	1683 : 14;
	1684 : 14;
	1685 : 14;
	1686 : 13;
	1687 : 12;
	1688 : 12;
	1689 : 12;
	168A : 11;
	168B : 10;
	168C : 10;
	168D : 0F;
	168E : 0E;
	168F : 0D;
	1690 : 0C;
	1691 : 0A;
	1692 : 08;
	1693 : 06;
	1694 : 04;
	1695 : 02;
	1696 : 00;
	1697 : 82;
	1698 : 84;
	1699 : 88;
	169A : 8C;
	169B : 90;
	169C : 92;
	169D : 94;
	169E : 96;
	169F : 98;
	16A0 : 99;
	16A1 : 9B;
	16A2 : 9D;
	16A3 : 9F;
	16A4 : A0;
	16A5 : A2;
	16A6 : A2;
	16A7 : A4;
	16A8 : A4;
	16A9 : A6;
	16AA : A8;
	16AB : A9;
	16AC : AA;
	16AD : AB;
	16AE : AC;
	16AF : AD;
	16B0 : AE;
	16B1 : B0;
	16B2 : B1;
	16B3 : B2;
	16B4 : B3;
	16B5 : B4;
	16B6 : B5;
	16B7 : B6;
	16B8 : B7;
	16B9 : B9;
	16BA : BA;
	16BB : BB;
	16BC : BC;
	16BD : BD;
	16BE : BE;
	16BF : BF;
	16C0 : C0;
	16C1 : C1;
	16C2 : C2;
	16C3 : C3;
	16C4 : C4;
	16C5 : C5;
	16C6 : C6;
	16C7 : C7;
	16C8 : C8;
	16C9 : C9;
	16CA : CA;
	16CB : CB;
	16CC : CC;
	16CD : CD;
	16CE : CE;
	16CF : CF;
	16D0 : D0;
	16D1 : D1;
	16D2 : D2;
	16D3 : D3;
	16D4 : D4;
	16D5 : D5;
	16D6 : D6;
	16D7 : D7;
	16D8 : D8;
	16D9 : D9;
	16DA : DA;
	16DB : DB;
	16DC : DC;
	16DD : DD;
	16DE : DE;
	16DF : DF;
	16E0 : E0;
	16E1 : E1;
	16E2 : E2;
	16E3 : E3;
	16E4 : E4;
	16E5 : E5;
	16E6 : E6;
	16E7 : E7;
	16E8 : E8;
	16E9 : E9;
	16EA : EA;
	16EB : EB;
	16EC : EC;
	16ED : ED;
	16EE : EE;
	16EF : EF;
	16F0 : F0;
	16F1 : F1;
	16F2 : F2;
	16F3 : F3;
	16F4 : F4;
	16F5 : F5;
	16F6 : F6;
	16F7 : F7;
	16F8 : F8;
	16F9 : F9;
	16FA : FA;
	16FB : FB;
	16FC : FC;
	16FD : FD;
	16FE : FE;
	16FF : 7F;
	1700 : 17;
	1701 : 18;
	1702 : 18;
	1703 : 18;
	1704 : 18;
	1705 : 19;
	1706 : 19;
	1707 : 19;
	1708 : 1A;
	1709 : 1A;
	170A : 1A;
	170B : 1A;
	170C : 1A;
	170D : 1B;
	170E : 1B;
	170F : 1B;
	1710 : 1C;
	1711 : 1C;
	1712 : 1C;
	1713 : 1D;
	1714 : 1E;
	1715 : 1E;
	1716 : 1E;
	1717 : 1F;
	1718 : 20;
	1719 : 20;
	171A : 21;
	171B : 21;
	171C : 22;
	171D : 22;
	171E : 23;
	171F : 23;
	1720 : 24;
	1721 : 25;
	1722 : 26;
	1723 : 27;
	1724 : 28;
	1725 : 28;
	1726 : 29;
	1727 : 29;
	1728 : 2A;
	1729 : 2B;
	172A : 2C;
	172B : 2D;
	172C : 2E;
	172D : 2F;
	172E : 30;
	172F : 30;
	1730 : 31;
	1731 : 32;
	1732 : 33;
	1733 : 34;
	1734 : 35;
	1735 : 36;
	1736 : 37;
	1737 : 38;
	1738 : 38;
	1739 : 39;
	173A : 3A;
	173B : 3B;
	173C : 3C;
	173D : 3D;
	173E : 3E;
	173F : 3F;
	1740 : 40;
	1741 : 41;
	1742 : 42;
	1743 : 43;
	1744 : 44;
	1745 : 45;
	1746 : 46;
	1747 : 47;
	1748 : 48;
	1749 : 49;
	174A : 4A;
	174B : 4B;
	174C : 4C;
	174D : 4D;
	174E : 4E;
	174F : 4F;
	1750 : 50;
	1751 : 51;
	1752 : 52;
	1753 : 53;
	1754 : 54;
	1755 : 55;
	1756 : 56;
	1757 : 57;
	1758 : 58;
	1759 : 59;
	175A : 5A;
	175B : 5B;
	175C : 5C;
	175D : 5D;
	175E : 5E;
	175F : 5F;
	1760 : 60;
	1761 : 61;
	1762 : 62;
	1763 : 63;
	1764 : 64;
	1765 : 65;
	1766 : 66;
	1767 : 67;
	1768 : 68;
	1769 : 69;
	176A : 6A;
	176B : 6B;
	176C : 6C;
	176D : 6D;
	176E : 6E;
	176F : 6F;
	1770 : 70;
	1771 : 71;
	1772 : 72;
	1773 : 73;
	1774 : 74;
	1775 : 75;
	1776 : 76;
	1777 : 77;
	1778 : 78;
	1779 : 79;
	177A : 7A;
	177B : 7B;
	177C : 7C;
	177D : 7D;
	177E : 7E;
	177F : 7F;
	1780 : 17;
	1781 : 16;
	1782 : 16;
	1783 : 16;
	1784 : 15;
	1785 : 14;
	1786 : 14;
	1787 : 14;
	1788 : 13;
	1789 : 12;
	178A : 12;
	178B : 12;
	178C : 11;
	178D : 10;
	178E : 10;
	178F : 0F;
	1790 : 0E;
	1791 : 0C;
	1792 : 0A;
	1793 : 08;
	1794 : 06;
	1795 : 04;
	1796 : 02;
	1797 : 00;
	1798 : 82;
	1799 : 86;
	179A : 8A;
	179B : 8E;
	179C : 91;
	179D : 93;
	179E : 95;
	179F : 97;
	17A0 : 98;
	17A1 : 9A;
	17A2 : 9C;
	17A3 : 9E;
	17A4 : A0;
	17A5 : A1;
	17A6 : A2;
	17A7 : A3;
	17A8 : A4;
	17A9 : A6;
	17AA : A8;
	17AB : A9;
	17AC : AA;
	17AD : AB;
	17AE : AC;
	17AF : AD;
	17B0 : AE;
	17B1 : B0;
	17B2 : B1;
	17B3 : B2;
	17B4 : B3;
	17B5 : B4;
	17B6 : B5;
	17B7 : B6;
	17B8 : B7;
	17B9 : B9;
	17BA : BA;
	17BB : BB;
	17BC : BC;
	17BD : BD;
	17BE : BE;
	17BF : BF;
	17C0 : C0;
	17C1 : C1;
	17C2 : C2;
	17C3 : C3;
	17C4 : C4;
	17C5 : C5;
	17C6 : C6;
	17C7 : C7;
	17C8 : C8;
	17C9 : C9;
	17CA : CA;
	17CB : CB;
	17CC : CC;
	17CD : CD;
	17CE : CE;
	17CF : CF;
	17D0 : D0;
	17D1 : D1;
	17D2 : D2;
	17D3 : D3;
	17D4 : D4;
	17D5 : D5;
	17D6 : D6;
	17D7 : D7;
	17D8 : D8;
	17D9 : D9;
	17DA : DA;
	17DB : DB;
	17DC : DC;
	17DD : DD;
	17DE : DE;
	17DF : DF;
	17E0 : E0;
	17E1 : E1;
	17E2 : E2;
	17E3 : E3;
	17E4 : E4;
	17E5 : E5;
	17E6 : E6;
	17E7 : E7;
	17E8 : E8;
	17E9 : E9;
	17EA : EA;
	17EB : EB;
	17EC : EC;
	17ED : ED;
	17EE : EE;
	17EF : EF;
	17F0 : F0;
	17F1 : F1;
	17F2 : F2;
	17F3 : F3;
	17F4 : F4;
	17F5 : F5;
	17F6 : F6;
	17F7 : F7;
	17F8 : F8;
	17F9 : F9;
	17FA : FA;
	17FB : FB;
	17FC : FC;
	17FD : FD;
	17FE : FE;
	17FF : 7F;
	1800 : 18;
	1801 : 18;
	1802 : 18;
	1803 : 19;
	1804 : 19;
	1805 : 19;
	1806 : 1A;
	1807 : 1A;
	1808 : 1A;
	1809 : 1A;
	180A : 1A;
	180B : 1B;
	180C : 1B;
	180D : 1B;
	180E : 1C;
	180F : 1C;
	1810 : 1C;
	1811 : 1C;
	1812 : 1D;
	1813 : 1E;
	1814 : 1E;
	1815 : 1E;
	1816 : 1F;
	1817 : 20;
	1818 : 20;
	1819 : 20;
	181A : 21;
	181B : 22;
	181C : 22;
	181D : 22;
	181E : 23;
	181F : 24;
	1820 : 24;
	1821 : 25;
	1822 : 26;
	1823 : 27;
	1824 : 28;
	1825 : 28;
	1826 : 29;
	1827 : 2A;
	1828 : 2A;
	1829 : 2B;
	182A : 2C;
	182B : 2D;
	182C : 2E;
	182D : 2F;
	182E : 30;
	182F : 30;
	1830 : 31;
	1831 : 32;
	1832 : 33;
	1833 : 34;
	1834 : 35;
	1835 : 36;
	1836 : 37;
	1837 : 38;
	1838 : 38;
	1839 : 3A;
	183A : 3A;
	183B : 3C;
	183C : 3C;
	183D : 3E;
	183E : 3E;
	183F : 40;
	1840 : 40;
	1841 : 41;
	1842 : 42;
	1843 : 43;
	1844 : 44;
	1845 : 45;
	1846 : 46;
	1847 : 47;
	1848 : 48;
	1849 : 49;
	184A : 4A;
	184B : 4B;
	184C : 4C;
	184D : 4D;
	184E : 4E;
	184F : 4F;
	1850 : 50;
	1851 : 51;
	1852 : 52;
	1853 : 53;
	1854 : 54;
	1855 : 55;
	1856 : 56;
	1857 : 57;
	1858 : 58;
	1859 : 59;
	185A : 5A;
	185B : 5B;
	185C : 5C;
	185D : 5D;
	185E : 5E;
	185F : 5F;
	1860 : 60;
	1861 : 61;
	1862 : 62;
	1863 : 63;
	1864 : 64;
	1865 : 65;
	1866 : 66;
	1867 : 67;
	1868 : 68;
	1869 : 69;
	186A : 6A;
	186B : 6B;
	186C : 6C;
	186D : 6D;
	186E : 6E;
	186F : 6F;
	1870 : 70;
	1871 : 71;
	1872 : 72;
	1873 : 73;
	1874 : 74;
	1875 : 75;
	1876 : 76;
	1877 : 77;
	1878 : 78;
	1879 : 79;
	187A : 7A;
	187B : 7B;
	187C : 7C;
	187D : 7D;
	187E : 7E;
	187F : 7F;
	1880 : 18;
	1881 : 18;
	1882 : 17;
	1883 : 16;
	1884 : 16;
	1885 : 16;
	1886 : 15;
	1887 : 14;
	1888 : 14;
	1889 : 14;
	188A : 13;
	188B : 12;
	188C : 12;
	188D : 12;
	188E : 11;
	188F : 10;
	1890 : 10;
	1891 : 0E;
	1892 : 0C;
	1893 : 0A;
	1894 : 08;
	1895 : 06;
	1896 : 04;
	1897 : 02;
	1898 : 00;
	1899 : 84;
	189A : 88;
	189B : 8C;
	189C : 90;
	189D : 92;
	189E : 94;
	189F : 96;
	18A0 : 98;
	18A1 : 9A;
	18A2 : 9C;
	18A3 : 9E;
	18A4 : A0;
	18A5 : A1;
	18A6 : A2;
	18A7 : A3;
	18A8 : A4;
	18A9 : A6;
	18AA : A8;
	18AB : A9;
	18AC : AA;
	18AD : AB;
	18AE : AC;
	18AF : AD;
	18B0 : AE;
	18B1 : B0;
	18B2 : B1;
	18B3 : B2;
	18B4 : B3;
	18B5 : B4;
	18B6 : B5;
	18B7 : B6;
	18B8 : B7;
	18B9 : B8;
	18BA : BA;
	18BB : BA;
	18BC : BC;
	18BD : BC;
	18BE : BE;
	18BF : BE;
	18C0 : C0;
	18C1 : C1;
	18C2 : C2;
	18C3 : C3;
	18C4 : C4;
	18C5 : C5;
	18C6 : C6;
	18C7 : C7;
	18C8 : C8;
	18C9 : C9;
	18CA : CA;
	18CB : CB;
	18CC : CC;
	18CD : CD;
	18CE : CE;
	18CF : CF;
	18D0 : D0;
	18D1 : D1;
	18D2 : D2;
	18D3 : D3;
	18D4 : D4;
	18D5 : D5;
	18D6 : D6;
	18D7 : D7;
	18D8 : D8;
	18D9 : D9;
	18DA : DA;
	18DB : DB;
	18DC : DC;
	18DD : DD;
	18DE : DE;
	18DF : DF;
	18E0 : E0;
	18E1 : E1;
	18E2 : E2;
	18E3 : E3;
	18E4 : E4;
	18E5 : E5;
	18E6 : E6;
	18E7 : E7;
	18E8 : E8;
	18E9 : E9;
	18EA : EA;
	18EB : EB;
	18EC : EC;
	18ED : ED;
	18EE : EE;
	18EF : EF;
	18F0 : F0;
	18F1 : F1;
	18F2 : F2;
	18F3 : F3;
	18F4 : F4;
	18F5 : F5;
	18F6 : F6;
	18F7 : F7;
	18F8 : F8;
	18F9 : F9;
	18FA : FA;
	18FB : FB;
	18FC : FC;
	18FD : FD;
	18FE : FE;
	18FF : 7F;
	1900 : 19;
	1901 : 19;
	1902 : 1A;
	1903 : 1A;
	1904 : 1A;
	1905 : 1A;
	1906 : 1A;
	1907 : 1B;
	1908 : 1B;
	1909 : 1B;
	190A : 1C;
	190B : 1C;
	190C : 1C;
	190D : 1C;
	190E : 1C;
	190F : 1D;
	1910 : 1D;
	1911 : 1E;
	1912 : 1E;
	1913 : 1E;
	1914 : 1F;
	1915 : 20;
	1916 : 20;
	1917 : 20;
	1918 : 20;
	1919 : 21;
	191A : 22;
	191B : 22;
	191C : 22;
	191D : 23;
	191E : 24;
	191F : 24;
	1920 : 24;
	1921 : 26;
	1922 : 26;
	1923 : 28;
	1924 : 28;
	1925 : 29;
	1926 : 29;
	1927 : 2A;
	1928 : 2A;
	1929 : 2B;
	192A : 2C;
	192B : 2D;
	192C : 2E;
	192D : 2F;
	192E : 30;
	192F : 31;
	1930 : 31;
	1931 : 32;
	1932 : 33;
	1933 : 34;
	1934 : 35;
	1935 : 36;
	1936 : 37;
	1937 : 38;
	1938 : 39;
	1939 : 3A;
	193A : 3B;
	193B : 3C;
	193C : 3D;
	193D : 3E;
	193E : 3F;
	193F : 40;
	1940 : 40;
	1941 : 41;
	1942 : 42;
	1943 : 43;
	1944 : 44;
	1945 : 45;
	1946 : 46;
	1947 : 47;
	1948 : 48;
	1949 : 49;
	194A : 4A;
	194B : 4B;
	194C : 4C;
	194D : 4D;
	194E : 4E;
	194F : 4F;
	1950 : 50;
	1951 : 51;
	1952 : 52;
	1953 : 53;
	1954 : 54;
	1955 : 55;
	1956 : 56;
	1957 : 57;
	1958 : 58;
	1959 : 59;
	195A : 5A;
	195B : 5B;
	195C : 5C;
	195D : 5D;
	195E : 5E;
	195F : 5F;
	1960 : 60;
	1961 : 61;
	1962 : 62;
	1963 : 63;
	1964 : 64;
	1965 : 65;
	1966 : 66;
	1967 : 67;
	1968 : 68;
	1969 : 69;
	196A : 6A;
	196B : 6B;
	196C : 6C;
	196D : 6D;
	196E : 6E;
	196F : 6F;
	1970 : 70;
	1971 : 71;
	1972 : 72;
	1973 : 73;
	1974 : 74;
	1975 : 75;
	1976 : 76;
	1977 : 77;
	1978 : 78;
	1979 : 79;
	197A : 7A;
	197B : 7B;
	197C : 7C;
	197D : 7D;
	197E : 7E;
	197F : 7F;
	1980 : 19;
	1981 : 19;
	1982 : 18;
	1983 : 18;
	1984 : 18;
	1985 : 18;
	1986 : 17;
	1987 : 16;
	1988 : 16;
	1989 : 16;
	198A : 15;
	198B : 14;
	198C : 14;
	198D : 14;
	198E : 13;
	198F : 12;
	1990 : 12;
	1991 : 11;
	1992 : 10;
	1993 : 0E;
	1994 : 0C;
	1995 : 0A;
	1996 : 08;
	1997 : 06;
	1998 : 04;
	1999 : 00;
	199A : 84;
	199B : 88;
	199C : 8C;
	199D : 90;
	199E : 92;
	199F : 94;
	19A0 : 96;
	19A1 : 99;
	19A2 : 9B;
	19A3 : 9D;
	19A4 : 9F;
	19A5 : A0;
	19A6 : A2;
	19A7 : A2;
	19A8 : A4;
	19A9 : A6;
	19AA : A8;
	19AB : A9;
	19AC : AA;
	19AD : AB;
	19AE : AC;
	19AF : AD;
	19B0 : AE;
	19B1 : B0;
	19B2 : B1;
	19B3 : B2;
	19B4 : B3;
	19B5 : B4;
	19B6 : B5;
	19B7 : B6;
	19B8 : B7;
	19B9 : B8;
	19BA : B9;
	19BB : BA;
	19BC : BB;
	19BD : BC;
	19BE : BD;
	19BF : BE;
	19C0 : BF;
	19C1 : C1;
	19C2 : C2;
	19C3 : C3;
	19C4 : C4;
	19C5 : C5;
	19C6 : C6;
	19C7 : C7;
	19C8 : C8;
	19C9 : C9;
	19CA : CA;
	19CB : CB;
	19CC : CC;
	19CD : CD;
	19CE : CE;
	19CF : CF;
	19D0 : D0;
	19D1 : D1;
	19D2 : D2;
	19D3 : D3;
	19D4 : D4;
	19D5 : D5;
	19D6 : D6;
	19D7 : D7;
	19D8 : D8;
	19D9 : D9;
	19DA : DA;
	19DB : DB;
	19DC : DC;
	19DD : DD;
	19DE : DE;
	19DF : DF;
	19E0 : E0;
	19E1 : E1;
	19E2 : E2;
	19E3 : E3;
	19E4 : E4;
	19E5 : E5;
	19E6 : E6;
	19E7 : E7;
	19E8 : E8;
	19E9 : E9;
	19EA : EA;
	19EB : EB;
	19EC : EC;
	19ED : ED;
	19EE : EE;
	19EF : EF;
	19F0 : F0;
	19F1 : F1;
	19F2 : F2;
	19F3 : F3;
	19F4 : F4;
	19F5 : F5;
	19F6 : F6;
	19F7 : F7;
	19F8 : F8;
	19F9 : F9;
	19FA : FA;
	19FB : FB;
	19FC : FC;
	19FD : FD;
	19FE : FE;
	19FF : 7F;
	1A00 : 1A;
	1A01 : 1A;
	1A02 : 1A;
	1A03 : 1B;
	1A04 : 1B;
	1A05 : 1B;
	1A06 : 1C;
	1A07 : 1C;
	1A08 : 1C;
	1A09 : 1C;
	1A0A : 1C;
	1A0B : 1D;
	1A0C : 1D;
	1A0D : 1D;
	1A0E : 1E;
	1A0F : 1E;
	1A10 : 1E;
	1A11 : 1E;
	1A12 : 1F;
	1A13 : 20;
	1A14 : 20;
	1A15 : 20;
	1A16 : 20;
	1A17 : 21;
	1A18 : 21;
	1A19 : 22;
	1A1A : 22;
	1A1B : 22;
	1A1C : 23;
	1A1D : 24;
	1A1E : 24;
	1A1F : 24;
	1A20 : 25;
	1A21 : 26;
	1A22 : 27;
	1A23 : 28;
	1A24 : 28;
	1A25 : 29;
	1A26 : 2A;
	1A27 : 2A;
	1A28 : 2A;
	1A29 : 2C;
	1A2A : 2C;
	1A2B : 2E;
	1A2C : 2E;
	1A2D : 30;
	1A2E : 30;
	1A2F : 31;
	1A30 : 31;
	1A31 : 32;
	1A32 : 33;
	1A33 : 34;
	1A34 : 35;
	1A35 : 36;
	1A36 : 37;
	1A37 : 38;
	1A38 : 39;
	1A39 : 3A;
	1A3A : 3B;
	1A3B : 3C;
	1A3C : 3D;
	1A3D : 3E;
	1A3E : 3F;
	1A3F : 40;
	1A40 : 40;
	1A41 : 41;
	1A42 : 42;
	1A43 : 43;
	1A44 : 44;
	1A45 : 45;
	1A46 : 46;
	1A47 : 47;
	1A48 : 48;
	1A49 : 49;
	1A4A : 4A;
	1A4B : 4B;
	1A4C : 4C;
	1A4D : 4D;
	1A4E : 4E;
	1A4F : 4F;
	1A50 : 50;
	1A51 : 51;
	1A52 : 52;
	1A53 : 53;
	1A54 : 54;
	1A55 : 55;
	1A56 : 56;
	1A57 : 57;
	1A58 : 58;
	1A59 : 59;
	1A5A : 5A;
	1A5B : 5B;
	1A5C : 5C;
	1A5D : 5D;
	1A5E : 5E;
	1A5F : 5F;
	1A60 : 60;
	1A61 : 61;
	1A62 : 62;
	1A63 : 63;
	1A64 : 64;
	1A65 : 65;
	1A66 : 66;
	1A67 : 67;
	1A68 : 68;
	1A69 : 69;
	1A6A : 6A;
	1A6B : 6B;
	1A6C : 6C;
	1A6D : 6D;
	1A6E : 6E;
	1A6F : 6F;
	1A70 : 70;
	1A71 : 71;
	1A72 : 72;
	1A73 : 73;
	1A74 : 74;
	1A75 : 75;
	1A76 : 76;
	1A77 : 77;
	1A78 : 78;
	1A79 : 79;
	1A7A : 7A;
	1A7B : 7B;
	1A7C : 7C;
	1A7D : 7D;
	1A7E : 7E;
	1A7F : 7F;
	1A80 : 1A;
	1A81 : 1A;
	1A82 : 1A;
	1A83 : 19;
	1A84 : 19;
	1A85 : 19;
	1A86 : 18;
	1A87 : 18;
	1A88 : 18;
	1A89 : 18;
	1A8A : 17;
	1A8B : 16;
	1A8C : 16;
	1A8D : 16;
	1A8E : 15;
	1A8F : 14;
	1A90 : 14;
	1A91 : 13;
	1A92 : 12;
	1A93 : 11;
	1A94 : 10;
	1A95 : 0E;
	1A96 : 0C;
	1A97 : 0A;
	1A98 : 08;
	1A99 : 04;
	1A9A : 00;
	1A9B : 84;
	1A9C : 88;
	1A9D : 8C;
	1A9E : 90;
	1A9F : 92;
	1AA0 : 94;
	1AA1 : 98;
	1AA2 : 9A;
	1AA3 : 9C;
	1AA4 : 9E;
	1AA5 : A0;
	1AA6 : A1;
	1AA7 : A2;
	1AA8 : A3;
	1AA9 : A5;
	1AAA : A7;
	1AAB : A8;
	1AAC : AA;
	1AAD : AA;
	1AAE : AC;
	1AAF : AC;
	1AB0 : AE;
	1AB1 : B0;
	1AB2 : B1;
	1AB3 : B2;
	1AB4 : B3;
	1AB5 : B4;
	1AB6 : B5;
	1AB7 : B6;
	1AB8 : B7;
	1AB9 : B8;
	1ABA : B9;
	1ABB : BA;
	1ABC : BB;
	1ABD : BC;
	1ABE : BD;
	1ABF : BE;
	1AC0 : BF;
	1AC1 : C1;
	1AC2 : C2;
	1AC3 : C3;
	1AC4 : C4;
	1AC5 : C5;
	1AC6 : C6;
	1AC7 : C7;
	1AC8 : C8;
	1AC9 : C9;
	1ACA : CA;
	1ACB : CB;
	1ACC : CC;
	1ACD : CD;
	1ACE : CE;
	1ACF : CF;
	1AD0 : D0;
	1AD1 : D1;
	1AD2 : D2;
	1AD3 : D3;
	1AD4 : D4;
	1AD5 : D5;
	1AD6 : D6;
	1AD7 : D7;
	1AD8 : D8;
	1AD9 : D9;
	1ADA : DA;
	1ADB : DB;
	1ADC : DC;
	1ADD : DD;
	1ADE : DE;
	1ADF : DF;
	1AE0 : E0;
	1AE1 : E1;
	1AE2 : E2;
	1AE3 : E3;
	1AE4 : E4;
	1AE5 : E5;
	1AE6 : E6;
	1AE7 : E7;
	1AE8 : E8;
	1AE9 : E9;
	1AEA : EA;
	1AEB : EB;
	1AEC : EC;
	1AED : ED;
	1AEE : EE;
	1AEF : EF;
	1AF0 : F0;
	1AF1 : F1;
	1AF2 : F2;
	1AF3 : F3;
	1AF4 : F4;
	1AF5 : F5;
	1AF6 : F6;
	1AF7 : F7;
	1AF8 : F8;
	1AF9 : F9;
	1AFA : FA;
	1AFB : FB;
	1AFC : FC;
	1AFD : FD;
	1AFE : FE;
	1AFF : 7F;
	1B00 : 1B;
	1B01 : 1B;
	1B02 : 1C;
	1B03 : 1C;
	1B04 : 1C;
	1B05 : 1C;
	1B06 : 1C;
	1B07 : 1D;
	1B08 : 1D;
	1B09 : 1D;
	1B0A : 1E;
	1B0B : 1E;
	1B0C : 1E;
	1B0D : 1E;
	1B0E : 1E;
	1B0F : 1F;
	1B10 : 1F;
	1B11 : 20;
	1B12 : 20;
	1B13 : 20;
	1B14 : 20;
	1B15 : 21;
	1B16 : 21;
	1B17 : 21;
	1B18 : 22;
	1B19 : 22;
	1B1A : 22;
	1B1B : 23;
	1B1C : 24;
	1B1D : 24;
	1B1E : 24;
	1B1F : 25;
	1B20 : 26;
	1B21 : 26;
	1B22 : 28;
	1B23 : 28;
	1B24 : 29;
	1B25 : 29;
	1B26 : 2A;
	1B27 : 2A;
	1B28 : 2B;
	1B29 : 2C;
	1B2A : 2D;
	1B2B : 2E;
	1B2C : 2F;
	1B2D : 30;
	1B2E : 30;
	1B2F : 31;
	1B30 : 31;
	1B31 : 32;
	1B32 : 33;
	1B33 : 34;
	1B34 : 35;
	1B35 : 36;
	1B36 : 37;
	1B37 : 38;
	1B38 : 39;
	1B39 : 3A;
	1B3A : 3B;
	1B3B : 3C;
	1B3C : 3D;
	1B3D : 3E;
	1B3E : 3F;
	1B3F : 40;
	1B40 : 40;
	1B41 : 41;
	1B42 : 42;
	1B43 : 43;
	1B44 : 44;
	1B45 : 45;
	1B46 : 46;
	1B47 : 47;
	1B48 : 48;
	1B49 : 49;
	1B4A : 4A;
	1B4B : 4B;
	1B4C : 4C;
	1B4D : 4D;
	1B4E : 4E;
	1B4F : 4F;
	1B50 : 50;
	1B51 : 51;
	1B52 : 52;
	1B53 : 53;
	1B54 : 54;
	1B55 : 55;
	1B56 : 56;
	1B57 : 57;
	1B58 : 58;
	1B59 : 59;
	1B5A : 5A;
	1B5B : 5B;
	1B5C : 5C;
	1B5D : 5D;
	1B5E : 5E;
	1B5F : 5F;
	1B60 : 60;
	1B61 : 61;
	1B62 : 62;
	1B63 : 63;
	1B64 : 64;
	1B65 : 65;
	1B66 : 66;
	1B67 : 67;
	1B68 : 68;
	1B69 : 69;
	1B6A : 6A;
	1B6B : 6B;
	1B6C : 6C;
	1B6D : 6D;
	1B6E : 6E;
	1B6F : 6F;
	1B70 : 70;
	1B71 : 71;
	1B72 : 72;
	1B73 : 73;
	1B74 : 74;
	1B75 : 75;
	1B76 : 76;
	1B77 : 77;
	1B78 : 78;
	1B79 : 79;
	1B7A : 7A;
	1B7B : 7B;
	1B7C : 7C;
	1B7D : 7D;
	1B7E : 7E;
	1B7F : 7F;
	1B80 : 1B;
	1B81 : 1B;
	1B82 : 1A;
	1B83 : 1A;
	1B84 : 1A;
	1B85 : 1A;
	1B86 : 1A;
	1B87 : 19;
	1B88 : 19;
	1B89 : 19;
	1B8A : 18;
	1B8B : 18;
	1B8C : 18;
	1B8D : 18;
	1B8E : 17;
	1B8F : 16;
	1B90 : 16;
	1B91 : 15;
	1B92 : 14;
	1B93 : 13;
	1B94 : 12;
	1B95 : 11;
	1B96 : 10;
	1B97 : 0E;
	1B98 : 0C;
	1B99 : 08;
	1B9A : 04;
	1B9B : 00;
	1B9C : 84;
	1B9D : 88;
	1B9E : 8C;
	1B9F : 90;
	1BA0 : 92;
	1BA1 : 96;
	1BA2 : 99;
	1BA3 : 9B;
	1BA4 : 9D;
	1BA5 : 9F;
	1BA6 : A0;
	1BA7 : A2;
	1BA8 : A2;
	1BA9 : A4;
	1BAA : A6;
	1BAB : A8;
	1BAC : A9;
	1BAD : AA;
	1BAE : AB;
	1BAF : AC;
	1BB0 : AD;
	1BB1 : AF;
	1BB2 : B1;
	1BB3 : B2;
	1BB4 : B3;
	1BB5 : B4;
	1BB6 : B5;
	1BB7 : B6;
	1BB8 : B7;
	1BB9 : B8;
	1BBA : B9;
	1BBB : BA;
	1BBC : BB;
	1BBD : BC;
	1BBE : BD;
	1BBF : BE;
	1BC0 : BF;
	1BC1 : C1;
	1BC2 : C2;
	1BC3 : C3;
	1BC4 : C4;
	1BC5 : C5;
	1BC6 : C6;
	1BC7 : C7;
	1BC8 : C8;
	1BC9 : C9;
	1BCA : CA;
	1BCB : CB;
	1BCC : CC;
	1BCD : CD;
	1BCE : CE;
	1BCF : CF;
	1BD0 : D0;
	1BD1 : D1;
	1BD2 : D2;
	1BD3 : D3;
	1BD4 : D4;
	1BD5 : D5;
	1BD6 : D6;
	1BD7 : D7;
	1BD8 : D8;
	1BD9 : D9;
	1BDA : DA;
	1BDB : DB;
	1BDC : DC;
	1BDD : DD;
	1BDE : DE;
	1BDF : DF;
	1BE0 : E0;
	1BE1 : E1;
	1BE2 : E2;
	1BE3 : E3;
	1BE4 : E4;
	1BE5 : E5;
	1BE6 : E6;
	1BE7 : E7;
	1BE8 : E8;
	1BE9 : E9;
	1BEA : EA;
	1BEB : EB;
	1BEC : EC;
	1BED : ED;
	1BEE : EE;
	1BEF : EF;
	1BF0 : F0;
	1BF1 : F1;
	1BF2 : F2;
	1BF3 : F3;
	1BF4 : F4;
	1BF5 : F5;
	1BF6 : F6;
	1BF7 : F7;
	1BF8 : F8;
	1BF9 : F9;
	1BFA : FA;
	1BFB : FB;
	1BFC : FC;
	1BFD : FD;
	1BFE : FE;
	1BFF : 7F;
	1C00 : 1C;
	1C01 : 1C;
	1C02 : 1C;
	1C03 : 1D;
	1C04 : 1D;
	1C05 : 1D;
	1C06 : 1E;
	1C07 : 1E;
	1C08 : 1E;
	1C09 : 1E;
	1C0A : 1E;
	1C0B : 1F;
	1C0C : 1F;
	1C0D : 1F;
	1C0E : 20;
	1C0F : 20;
	1C10 : 20;
	1C11 : 20;
	1C12 : 20;
	1C13 : 21;
	1C14 : 21;
	1C15 : 21;
	1C16 : 22;
	1C17 : 22;
	1C18 : 22;
	1C19 : 22;
	1C1A : 23;
	1C1B : 24;
	1C1C : 24;
	1C1D : 24;
	1C1E : 25;
	1C1F : 26;
	1C20 : 26;
	1C21 : 27;
	1C22 : 28;
	1C23 : 28;
	1C24 : 29;
	1C25 : 2A;
	1C26 : 2A;
	1C27 : 2A;
	1C28 : 2B;
	1C29 : 2C;
	1C2A : 2D;
	1C2B : 2E;
	1C2C : 2F;
	1C2D : 30;
	1C2E : 30;
	1C2F : 31;
	1C30 : 32;
	1C31 : 32;
	1C32 : 34;
	1C33 : 34;
	1C34 : 36;
	1C35 : 36;
	1C36 : 38;
	1C37 : 38;
	1C38 : 39;
	1C39 : 3A;
	1C3A : 3B;
	1C3B : 3C;
	1C3C : 3D;
	1C3D : 3E;
	1C3E : 3F;
	1C3F : 40;
	1C40 : 40;
	1C41 : 41;
	1C42 : 42;
	1C43 : 43;
	1C44 : 44;
	1C45 : 45;
	1C46 : 46;
	1C47 : 47;
	1C48 : 48;
	1C49 : 49;
	1C4A : 4A;
	1C4B : 4B;
	1C4C : 4C;
	1C4D : 4D;
	1C4E : 4E;
	1C4F : 4F;
	1C50 : 50;
	1C51 : 51;
	1C52 : 52;
	1C53 : 53;
	1C54 : 54;
	1C55 : 55;
	1C56 : 56;
	1C57 : 57;
	1C58 : 58;
	1C59 : 59;
	1C5A : 5A;
	1C5B : 5B;
	1C5C : 5C;
	1C5D : 5D;
	1C5E : 5E;
	1C5F : 5F;
	1C60 : 60;
	1C61 : 61;
	1C62 : 62;
	1C63 : 63;
	1C64 : 64;
	1C65 : 65;
	1C66 : 66;
	1C67 : 67;
	1C68 : 68;
	1C69 : 69;
	1C6A : 6A;
	1C6B : 6B;
	1C6C : 6C;
	1C6D : 6D;
	1C6E : 6E;
	1C6F : 6F;
	1C70 : 70;
	1C71 : 71;
	1C72 : 72;
	1C73 : 73;
	1C74 : 74;
	1C75 : 75;
	1C76 : 76;
	1C77 : 77;
	1C78 : 78;
	1C79 : 79;
	1C7A : 7A;
	1C7B : 7B;
	1C7C : 7C;
	1C7D : 7D;
	1C7E : 7E;
	1C7F : 7F;
	1C80 : 1C;
	1C81 : 1C;
	1C82 : 1C;
	1C83 : 1B;
	1C84 : 1B;
	1C85 : 1B;
	1C86 : 1A;
	1C87 : 1A;
	1C88 : 1A;
	1C89 : 1A;
	1C8A : 1A;
	1C8B : 19;
	1C8C : 19;
	1C8D : 19;
	1C8E : 18;
	1C8F : 18;
	1C90 : 18;
	1C91 : 17;
	1C92 : 16;
	1C93 : 15;
	1C94 : 14;
	1C95 : 13;
	1C96 : 12;
	1C97 : 11;
	1C98 : 10;
	1C99 : 0C;
	1C9A : 08;
	1C9B : 04;
	1C9C : 00;
	1C9D : 84;
	1C9E : 88;
	1C9F : 8C;
	1CA0 : 90;
	1CA1 : 94;
	1CA2 : 98;
	1CA3 : 9A;
	1CA4 : 9C;
	1CA5 : 9E;
	1CA6 : A0;
	1CA7 : A1;
	1CA8 : A2;
	1CA9 : A4;
	1CAA : A6;
	1CAB : A8;
	1CAC : A9;
	1CAD : AA;
	1CAE : AB;
	1CAF : AC;
	1CB0 : AD;
	1CB1 : AF;
	1CB2 : B0;
	1CB3 : B2;
	1CB4 : B2;
	1CB5 : B4;
	1CB6 : B4;
	1CB7 : B6;
	1CB8 : B6;
	1CB9 : B8;
	1CBA : B9;
	1CBB : BA;
	1CBC : BB;
	1CBD : BC;
	1CBE : BD;
	1CBF : BE;
	1CC0 : BF;
	1CC1 : C1;
	1CC2 : C2;
	1CC3 : C3;
	1CC4 : C4;
	1CC5 : C5;
	1CC6 : C6;
	1CC7 : C7;
	1CC8 : C8;
	1CC9 : C9;
	1CCA : CA;
	1CCB : CB;
	1CCC : CC;
	1CCD : CD;
	1CCE : CE;
	1CCF : CF;
	1CD0 : D0;
	1CD1 : D1;
	1CD2 : D2;
	1CD3 : D3;
	1CD4 : D4;
	1CD5 : D5;
	1CD6 : D6;
	1CD7 : D7;
	1CD8 : D8;
	1CD9 : D9;
	1CDA : DA;
	1CDB : DB;
	1CDC : DC;
	1CDD : DD;
	1CDE : DE;
	1CDF : DF;
	1CE0 : E0;
	1CE1 : E1;
	1CE2 : E2;
	1CE3 : E3;
	1CE4 : E4;
	1CE5 : E5;
	1CE6 : E6;
	1CE7 : E7;
	1CE8 : E8;
	1CE9 : E9;
	1CEA : EA;
	1CEB : EB;
	1CEC : EC;
	1CED : ED;
	1CEE : EE;
	1CEF : EF;
	1CF0 : F0;
	1CF1 : F1;
	1CF2 : F2;
	1CF3 : F3;
	1CF4 : F4;
	1CF5 : F5;
	1CF6 : F6;
	1CF7 : F7;
	1CF8 : F8;
	1CF9 : F9;
	1CFA : FA;
	1CFB : FB;
	1CFC : FC;
	1CFD : FD;
	1CFE : FE;
	1CFF : 7F;
	1D00 : 1D;
	1D01 : 1D;
	1D02 : 1E;
	1D03 : 1E;
	1D04 : 1E;
	1D05 : 1E;
	1D06 : 1E;
	1D07 : 1F;
	1D08 : 1F;
	1D09 : 1F;
	1D0A : 20;
	1D0B : 20;
	1D0C : 20;
	1D0D : 20;
	1D0E : 20;
	1D0F : 20;
	1D10 : 20;
	1D11 : 21;
	1D12 : 21;
	1D13 : 21;
	1D14 : 22;
	1D15 : 22;
	1D16 : 22;
	1D17 : 22;
	1D18 : 22;
	1D19 : 23;
	1D1A : 24;
	1D1B : 24;
	1D1C : 24;
	1D1D : 25;
	1D1E : 26;
	1D1F : 26;
	1D20 : 26;
	1D21 : 28;
	1D22 : 28;
	1D23 : 29;
	1D24 : 29;
	1D25 : 2A;
	1D26 : 2A;
	1D27 : 2B;
	1D28 : 2B;
	1D29 : 2C;
	1D2A : 2D;
	1D2B : 2E;
	1D2C : 2F;
	1D2D : 30;
	1D2E : 31;
	1D2F : 31;
	1D30 : 32;
	1D31 : 33;
	1D32 : 34;
	1D33 : 35;
	1D34 : 36;
	1D35 : 37;
	1D36 : 38;
	1D37 : 38;
	1D38 : 39;
	1D39 : 3A;
	1D3A : 3B;
	1D3B : 3C;
	1D3C : 3D;
	1D3D : 3E;
	1D3E : 3F;
	1D3F : 40;
	1D40 : 40;
	1D41 : 41;
	1D42 : 42;
	1D43 : 43;
	1D44 : 44;
	1D45 : 45;
	1D46 : 46;
	1D47 : 47;
	1D48 : 48;
	1D49 : 49;
	1D4A : 4A;
	1D4B : 4B;
	1D4C : 4C;
	1D4D : 4D;
	1D4E : 4E;
	1D4F : 4F;
	1D50 : 50;
	1D51 : 51;
	1D52 : 52;
	1D53 : 53;
	1D54 : 54;
	1D55 : 55;
	1D56 : 56;
	1D57 : 57;
	1D58 : 58;
	1D59 : 59;
	1D5A : 5A;
	1D5B : 5B;
	1D5C : 5C;
	1D5D : 5D;
	1D5E : 5E;
	1D5F : 5F;
	1D60 : 60;
	1D61 : 61;
	1D62 : 62;
	1D63 : 63;
	1D64 : 64;
	1D65 : 65;
	1D66 : 66;
	1D67 : 67;
	1D68 : 68;
	1D69 : 69;
	1D6A : 6A;
	1D6B : 6B;
	1D6C : 6C;
	1D6D : 6D;
	1D6E : 6E;
	1D6F : 6F;
	1D70 : 70;
	1D71 : 71;
	1D72 : 72;
	1D73 : 73;
	1D74 : 74;
	1D75 : 75;
	1D76 : 76;
	1D77 : 77;
	1D78 : 78;
	1D79 : 79;
	1D7A : 7A;
	1D7B : 7B;
	1D7C : 7C;
	1D7D : 7D;
	1D7E : 7E;
	1D7F : 7F;
	1D80 : 1D;
	1D81 : 1D;
	1D82 : 1C;
	1D83 : 1C;
	1D84 : 1C;
	1D85 : 1C;
	1D86 : 1C;
	1D87 : 1B;
	1D88 : 1B;
	1D89 : 1B;
	1D8A : 1A;
	1D8B : 1A;
	1D8C : 1A;
	1D8D : 1A;
	1D8E : 1A;
	1D8F : 19;
	1D90 : 19;
	1D91 : 18;
	1D92 : 18;
	1D93 : 17;
	1D94 : 16;
	1D95 : 15;
	1D96 : 14;
	1D97 : 13;
	1D98 : 12;
	1D99 : 10;
	1D9A : 0C;
	1D9B : 08;
	1D9C : 04;
	1D9D : 00;
	1D9E : 84;
	1D9F : 88;
	1DA0 : 8C;
	1DA1 : 92;
	1DA2 : 96;
	1DA3 : 99;
	1DA4 : 9B;
	1DA5 : 9D;
	1DA6 : 9F;
	1DA7 : A0;
	1DA8 : A2;
	1DA9 : A4;
	1DAA : A6;
	1DAB : A8;
	1DAC : A9;
	1DAD : AA;
	1DAE : AB;
	1DAF : AC;
	1DB0 : AD;
	1DB1 : AF;
	1DB2 : B0;
	1DB3 : B1;
	1DB4 : B2;
	1DB5 : B3;
	1DB6 : B4;
	1DB7 : B5;
	1DB8 : B6;
	1DB9 : B8;
	1DBA : B9;
	1DBB : BA;
	1DBC : BB;
	1DBD : BC;
	1DBE : BD;
	1DBF : BE;
	1DC0 : BF;
	1DC1 : C1;
	1DC2 : C2;
	1DC3 : C3;
	1DC4 : C4;
	1DC5 : C5;
	1DC6 : C6;
	1DC7 : C7;
	1DC8 : C8;
	1DC9 : C9;
	1DCA : CA;
	1DCB : CB;
	1DCC : CC;
	1DCD : CD;
	1DCE : CE;
	1DCF : CF;
	1DD0 : D0;
	1DD1 : D1;
	1DD2 : D2;
	1DD3 : D3;
	1DD4 : D4;
	1DD5 : D5;
	1DD6 : D6;
	1DD7 : D7;
	1DD8 : D8;
	1DD9 : D9;
	1DDA : DA;
	1DDB : DB;
	1DDC : DC;
	1DDD : DD;
	1DDE : DE;
	1DDF : DF;
	1DE0 : E0;
	1DE1 : E1;
	1DE2 : E2;
	1DE3 : E3;
	1DE4 : E4;
	1DE5 : E5;
	1DE6 : E6;
	1DE7 : E7;
	1DE8 : E8;
	1DE9 : E9;
	1DEA : EA;
	1DEB : EB;
	1DEC : EC;
	1DED : ED;
	1DEE : EE;
	1DEF : EF;
	1DF0 : F0;
	1DF1 : F1;
	1DF2 : F2;
	1DF3 : F3;
	1DF4 : F4;
	1DF5 : F5;
	1DF6 : F6;
	1DF7 : F7;
	1DF8 : F8;
	1DF9 : F9;
	1DFA : FA;
	1DFB : FB;
	1DFC : FC;
	1DFD : FD;
	1DFE : FE;
	1DFF : 7F;
	1E00 : 1E;
	1E01 : 1E;
	1E02 : 1E;
	1E03 : 1F;
	1E04 : 1F;
	1E05 : 1F;
	1E06 : 20;
	1E07 : 20;
	1E08 : 20;
	1E09 : 20;
	1E0A : 20;
	1E0B : 20;
	1E0C : 20;
	1E0D : 21;
	1E0E : 21;
	1E0F : 21;
	1E10 : 21;
	1E11 : 21;
	1E12 : 22;
	1E13 : 22;
	1E14 : 22;
	1E15 : 22;
	1E16 : 22;
	1E17 : 23;
	1E18 : 23;
	1E19 : 24;
	1E1A : 24;
	1E1B : 24;
	1E1C : 25;
	1E1D : 26;
	1E1E : 26;
	1E1F : 26;
	1E20 : 27;
	1E21 : 28;
	1E22 : 28;
	1E23 : 29;
	1E24 : 2A;
	1E25 : 2A;
	1E26 : 2A;
	1E27 : 2B;
	1E28 : 2C;
	1E29 : 2C;
	1E2A : 2E;
	1E2B : 2E;
	1E2C : 30;
	1E2D : 30;
	1E2E : 31;
	1E2F : 31;
	1E30 : 32;
	1E31 : 33;
	1E32 : 34;
	1E33 : 35;
	1E34 : 36;
	1E35 : 37;
	1E36 : 38;
	1E37 : 38;
	1E38 : 39;
	1E39 : 3A;
	1E3A : 3B;
	1E3B : 3C;
	1E3C : 3D;
	1E3D : 3E;
	1E3E : 3F;
	1E3F : 40;
	1E40 : 40;
	1E41 : 41;
	1E42 : 42;
	1E43 : 43;
	1E44 : 44;
	1E45 : 45;
	1E46 : 46;
	1E47 : 47;
	1E48 : 48;
	1E49 : 49;
	1E4A : 4A;
	1E4B : 4B;
	1E4C : 4C;
	1E4D : 4D;
	1E4E : 4E;
	1E4F : 4F;
	1E50 : 50;
	1E51 : 51;
	1E52 : 52;
	1E53 : 53;
	1E54 : 54;
	1E55 : 55;
	1E56 : 56;
	1E57 : 57;
	1E58 : 58;
	1E59 : 59;
	1E5A : 5A;
	1E5B : 5B;
	1E5C : 5C;
	1E5D : 5D;
	1E5E : 5E;
	1E5F : 5F;
	1E60 : 60;
	1E61 : 61;
	1E62 : 62;
	1E63 : 63;
	1E64 : 64;
	1E65 : 65;
	1E66 : 66;
	1E67 : 67;
	1E68 : 68;
	1E69 : 69;
	1E6A : 6A;
	1E6B : 6B;
	1E6C : 6C;
	1E6D : 6D;
	1E6E : 6E;
	1E6F : 6F;
	1E70 : 70;
	1E71 : 71;
	1E72 : 72;
	1E73 : 73;
	1E74 : 74;
	1E75 : 75;
	1E76 : 76;
	1E77 : 77;
	1E78 : 78;
	1E79 : 79;
	1E7A : 7A;
	1E7B : 7B;
	1E7C : 7C;
	1E7D : 7D;
	1E7E : 7E;
	1E7F : 7F;
	1E80 : 1E;
	1E81 : 1E;
	1E82 : 1E;
	1E83 : 1D;
	1E84 : 1D;
	1E85 : 1D;
	1E86 : 1C;
	1E87 : 1C;
	1E88 : 1C;
	1E89 : 1C;
	1E8A : 1C;
	1E8B : 1B;
	1E8C : 1B;
	1E8D : 1B;
	1E8E : 1A;
	1E8F : 1A;
	1E90 : 1A;
	1E91 : 1A;
	1E92 : 19;
	1E93 : 18;
	1E94 : 18;
	1E95 : 17;
	1E96 : 16;
	1E97 : 15;
	1E98 : 14;
	1E99 : 12;
	1E9A : 10;
	1E9B : 0C;
	1E9C : 08;
	1E9D : 04;
	1E9E : 00;
	1E9F : 84;
	1EA0 : 88;
	1EA1 : 90;
	1EA2 : 94;
	1EA3 : 98;
	1EA4 : 9A;
	1EA5 : 9C;
	1EA6 : 9E;
	1EA7 : A0;
	1EA8 : A1;
	1EA9 : A3;
	1EAA : A5;
	1EAB : A7;
	1EAC : A8;
	1EAD : AA;
	1EAE : AA;
	1EAF : AC;
	1EB0 : AC;
	1EB1 : AE;
	1EB2 : B0;
	1EB3 : B1;
	1EB4 : B2;
	1EB5 : B3;
	1EB6 : B4;
	1EB7 : B5;
	1EB8 : B6;
	1EB9 : B8;
	1EBA : B9;
	1EBB : BA;
	1EBC : BB;
	1EBD : BC;
	1EBE : BD;
	1EBF : BE;
	1EC0 : BF;
	1EC1 : C1;
	1EC2 : C2;
	1EC3 : C3;
	1EC4 : C4;
	1EC5 : C5;
	1EC6 : C6;
	1EC7 : C7;
	1EC8 : C8;
	1EC9 : C9;
	1ECA : CA;
	1ECB : CB;
	1ECC : CC;
	1ECD : CD;
	1ECE : CE;
	1ECF : CF;
	1ED0 : D0;
	1ED1 : D1;
	1ED2 : D2;
	1ED3 : D3;
	1ED4 : D4;
	1ED5 : D5;
	1ED6 : D6;
	1ED7 : D7;
	1ED8 : D8;
	1ED9 : D9;
	1EDA : DA;
	1EDB : DB;
	1EDC : DC;
	1EDD : DD;
	1EDE : DE;
	1EDF : DF;
	1EE0 : E0;
	1EE1 : E1;
	1EE2 : E2;
	1EE3 : E3;
	1EE4 : E4;
	1EE5 : E5;
	1EE6 : E6;
	1EE7 : E7;
	1EE8 : E8;
	1EE9 : E9;
	1EEA : EA;
	1EEB : EB;
	1EEC : EC;
	1EED : ED;
	1EEE : EE;
	1EEF : EF;
	1EF0 : F0;
	1EF1 : F1;
	1EF2 : F2;
	1EF3 : F3;
	1EF4 : F4;
	1EF5 : F5;
	1EF6 : F6;
	1EF7 : F7;
	1EF8 : F8;
	1EF9 : F9;
	1EFA : FA;
	1EFB : FB;
	1EFC : FC;
	1EFD : FD;
	1EFE : FE;
	1EFF : 7F;
	1F00 : 1F;
	1F01 : 1F;
	1F02 : 20;
	1F03 : 20;
	1F04 : 20;
	1F05 : 20;
	1F06 : 20;
	1F07 : 20;
	1F08 : 20;
	1F09 : 21;
	1F0A : 21;
	1F0B : 21;
	1F0C : 21;
	1F0D : 21;
	1F0E : 21;
	1F0F : 21;
	1F10 : 22;
	1F11 : 22;
	1F12 : 22;
	1F13 : 22;
	1F14 : 22;
	1F15 : 23;
	1F16 : 23;
	1F17 : 23;
	1F18 : 24;
	1F19 : 24;
	1F1A : 24;
	1F1B : 25;
	1F1C : 26;
	1F1D : 26;
	1F1E : 26;
	1F1F : 27;
	1F20 : 28;
	1F21 : 28;
	1F22 : 29;
	1F23 : 29;
	1F24 : 2A;
	1F25 : 2A;
	1F26 : 2B;
	1F27 : 2B;
	1F28 : 2C;
	1F29 : 2D;
	1F2A : 2E;
	1F2B : 2F;
	1F2C : 30;
	1F2D : 30;
	1F2E : 31;
	1F2F : 31;
	1F30 : 32;
	1F31 : 33;
	1F32 : 34;
	1F33 : 35;
	1F34 : 36;
	1F35 : 37;
	1F36 : 38;
	1F37 : 38;
	1F38 : 39;
	1F39 : 3A;
	1F3A : 3B;
	1F3B : 3C;
	1F3C : 3D;
	1F3D : 3E;
	1F3E : 3F;
	1F3F : 40;
	1F40 : 40;
	1F41 : 41;
	1F42 : 42;
	1F43 : 43;
	1F44 : 44;
	1F45 : 45;
	1F46 : 46;
	1F47 : 47;
	1F48 : 48;
	1F49 : 49;
	1F4A : 4A;
	1F4B : 4B;
	1F4C : 4C;
	1F4D : 4D;
	1F4E : 4E;
	1F4F : 4F;
	1F50 : 50;
	1F51 : 51;
	1F52 : 52;
	1F53 : 53;
	1F54 : 54;
	1F55 : 55;
	1F56 : 56;
	1F57 : 57;
	1F58 : 58;
	1F59 : 59;
	1F5A : 5A;
	1F5B : 5B;
	1F5C : 5C;
	1F5D : 5D;
	1F5E : 5E;
	1F5F : 5F;
	1F60 : 60;
	1F61 : 61;
	1F62 : 62;
	1F63 : 63;
	1F64 : 64;
	1F65 : 65;
	1F66 : 66;
	1F67 : 67;
	1F68 : 68;
	1F69 : 69;
	1F6A : 6A;
	1F6B : 6B;
	1F6C : 6C;
	1F6D : 6D;
	1F6E : 6E;
	1F6F : 6F;
	1F70 : 70;
	1F71 : 71;
	1F72 : 72;
	1F73 : 73;
	1F74 : 74;
	1F75 : 75;
	1F76 : 76;
	1F77 : 77;
	1F78 : 78;
	1F79 : 79;
	1F7A : 7A;
	1F7B : 7B;
	1F7C : 7C;
	1F7D : 7D;
	1F7E : 7E;
	1F7F : 7F;
	1F80 : 1F;
	1F81 : 1F;
	1F82 : 1E;
	1F83 : 1E;
	1F84 : 1E;
	1F85 : 1E;
	1F86 : 1E;
	1F87 : 1D;
	1F88 : 1D;
	1F89 : 1D;
	1F8A : 1C;
	1F8B : 1C;
	1F8C : 1C;
	1F8D : 1C;
	1F8E : 1C;
	1F8F : 1B;
	1F90 : 1B;
	1F91 : 1A;
	1F92 : 1A;
	1F93 : 1A;
	1F94 : 19;
	1F95 : 18;
	1F96 : 18;
	1F97 : 17;
	1F98 : 16;
	1F99 : 14;
	1F9A : 12;
	1F9B : 10;
	1F9C : 0C;
	1F9D : 08;
	1F9E : 04;
	1F9F : 00;
	1FA0 : 84;
	1FA1 : 8C;
	1FA2 : 92;
	1FA3 : 96;
	1FA4 : 99;
	1FA5 : 9B;
	1FA6 : 9D;
	1FA7 : 9F;
	1FA8 : A0;
	1FA9 : A2;
	1FAA : A4;
	1FAB : A6;
	1FAC : A8;
	1FAD : A9;
	1FAE : AA;
	1FAF : AB;
	1FB0 : AC;
	1FB1 : AE;
	1FB2 : B0;
	1FB3 : B1;
	1FB4 : B2;
	1FB5 : B3;
	1FB6 : B4;
	1FB7 : B5;
	1FB8 : B6;
	1FB9 : B8;
	1FBA : B9;
	1FBB : BA;
	1FBC : BB;
	1FBD : BC;
	1FBE : BD;
	1FBF : BE;
	1FC0 : BF;
	1FC1 : C1;
	1FC2 : C2;
	1FC3 : C3;
	1FC4 : C4;
	1FC5 : C5;
	1FC6 : C6;
	1FC7 : C7;
	1FC8 : C8;
	1FC9 : C9;
	1FCA : CA;
	1FCB : CB;
	1FCC : CC;
	1FCD : CD;
	1FCE : CE;
	1FCF : CF;
	1FD0 : D0;
	1FD1 : D1;
	1FD2 : D2;
	1FD3 : D3;
	1FD4 : D4;
	1FD5 : D5;
	1FD6 : D6;
	1FD7 : D7;
	1FD8 : D8;
	1FD9 : D9;
	1FDA : DA;
	1FDB : DB;
	1FDC : DC;
	1FDD : DD;
	1FDE : DE;
	1FDF : DF;
	1FE0 : E0;
	1FE1 : E1;
	1FE2 : E2;
	1FE3 : E3;
	1FE4 : E4;
	1FE5 : E5;
	1FE6 : E6;
	1FE7 : E7;
	1FE8 : E8;
	1FE9 : E9;
	1FEA : EA;
	1FEB : EB;
	1FEC : EC;
	1FED : ED;
	1FEE : EE;
	1FEF : EF;
	1FF0 : F0;
	1FF1 : F1;
	1FF2 : F2;
	1FF3 : F3;
	1FF4 : F4;
	1FF5 : F5;
	1FF6 : F6;
	1FF7 : F7;
	1FF8 : F8;
	1FF9 : F9;
	1FFA : FA;
	1FFB : FB;
	1FFC : FC;
	1FFD : FD;
	1FFE : FE;
	1FFF : 7F;
	2000 : 20;
	2001 : 20;
	2002 : 20;
	2003 : 20;
	2004 : 20;
	2005 : 21;
	2006 : 21;
	2007 : 21;
	2008 : 21;
	2009 : 21;
	200A : 21;
	200B : 21;
	200C : 22;
	200D : 22;
	200E : 22;
	200F : 22;
	2010 : 22;
	2011 : 22;
	2012 : 22;
	2013 : 23;
	2014 : 23;
	2015 : 23;
	2016 : 24;
	2017 : 24;
	2018 : 24;
	2019 : 24;
	201A : 25;
	201B : 26;
	201C : 26;
	201D : 26;
	201E : 27;
	201F : 28;
	2020 : 28;
	2021 : 28;
	2022 : 29;
	2023 : 2A;
	2024 : 2A;
	2025 : 2A;
	2026 : 2B;
	2027 : 2C;
	2028 : 2C;
	2029 : 2D;
	202A : 2E;
	202B : 2F;
	202C : 30;
	202D : 30;
	202E : 31;
	202F : 32;
	2030 : 32;
	2031 : 33;
	2032 : 34;
	2033 : 35;
	2034 : 36;
	2035 : 37;
	2036 : 38;
	2037 : 38;
	2038 : 39;
	2039 : 3A;
	203A : 3B;
	203B : 3C;
	203C : 3D;
	203D : 3E;
	203E : 3F;
	203F : 40;
	2040 : 40;
	2041 : 42;
	2042 : 42;
	2043 : 44;
	2044 : 44;
	2045 : 46;
	2046 : 46;
	2047 : 48;
	2048 : 48;
	2049 : 49;
	204A : 4A;
	204B : 4B;
	204C : 4C;
	204D : 4D;
	204E : 4E;
	204F : 4F;
	2050 : 50;
	2051 : 51;
	2052 : 52;
	2053 : 53;
	2054 : 54;
	2055 : 55;
	2056 : 56;
	2057 : 57;
	2058 : 58;
	2059 : 59;
	205A : 5A;
	205B : 5B;
	205C : 5C;
	205D : 5D;
	205E : 5E;
	205F : 5F;
	2060 : 60;
	2061 : 61;
	2062 : 62;
	2063 : 63;
	2064 : 64;
	2065 : 65;
	2066 : 66;
	2067 : 67;
	2068 : 68;
	2069 : 69;
	206A : 6A;
	206B : 6B;
	206C : 6C;
	206D : 6D;
	206E : 6E;
	206F : 6F;
	2070 : 70;
	2071 : 71;
	2072 : 72;
	2073 : 73;
	2074 : 74;
	2075 : 75;
	2076 : 76;
	2077 : 77;
	2078 : 78;
	2079 : 79;
	207A : 7A;
	207B : 7B;
	207C : 7C;
	207D : 7D;
	207E : 7E;
	207F : 7F;
	2080 : 20;
	2081 : 20;
	2082 : 20;
	2083 : 1F;
	2084 : 1F;
	2085 : 1F;
	2086 : 1E;
	2087 : 1E;
	2088 : 1E;
	2089 : 1E;
	208A : 1E;
	208B : 1D;
	208C : 1D;
	208D : 1D;
	208E : 1C;
	208F : 1C;
	2090 : 1C;
	2091 : 1C;
	2092 : 1B;
	2093 : 1A;
	2094 : 1A;
	2095 : 1A;
	2096 : 19;
	2097 : 18;
	2098 : 18;
	2099 : 16;
	209A : 14;
	209B : 12;
	209C : 10;
	209D : 0C;
	209E : 08;
	209F : 04;
	20A0 : 00;
	20A1 : 88;
	20A2 : 90;
	20A3 : 94;
	20A4 : 98;
	20A5 : 9A;
	20A6 : 9C;
	20A7 : 9E;
	20A8 : A0;
	20A9 : A2;
	20AA : A4;
	20AB : A6;
	20AC : A8;
	20AD : A9;
	20AE : AA;
	20AF : AB;
	20B0 : AC;
	20B1 : AE;
	20B2 : B0;
	20B3 : B1;
	20B4 : B2;
	20B5 : B3;
	20B6 : B4;
	20B7 : B5;
	20B8 : B6;
	20B9 : B8;
	20BA : B9;
	20BB : BA;
	20BC : BB;
	20BD : BC;
	20BE : BD;
	20BF : BE;
	20C0 : BF;
	20C1 : C0;
	20C2 : C2;
	20C3 : C2;
	20C4 : C4;
	20C5 : C4;
	20C6 : C6;
	20C7 : C6;
	20C8 : C8;
	20C9 : C9;
	20CA : CA;
	20CB : CB;
	20CC : CC;
	20CD : CD;
	20CE : CE;
	20CF : CF;
	20D0 : D0;
	20D1 : D1;
	20D2 : D2;
	20D3 : D3;
	20D4 : D4;
	20D5 : D5;
	20D6 : D6;
	20D7 : D7;
	20D8 : D8;
	20D9 : D9;
	20DA : DA;
	20DB : DB;
	20DC : DC;
	20DD : DD;
	20DE : DE;
	20DF : DF;
	20E0 : E0;
	20E1 : E1;
	20E2 : E2;
	20E3 : E3;
	20E4 : E4;
	20E5 : E5;
	20E6 : E6;
	20E7 : E7;
	20E8 : E8;
	20E9 : E9;
	20EA : EA;
	20EB : EB;
	20EC : EC;
	20ED : ED;
	20EE : EE;
	20EF : EF;
	20F0 : F0;
	20F1 : F1;
	20F2 : F2;
	20F3 : F3;
	20F4 : F4;
	20F5 : F5;
	20F6 : F6;
	20F7 : F7;
	20F8 : F8;
	20F9 : F9;
	20FA : FA;
	20FB : FB;
	20FC : FC;
	20FD : FD;
	20FE : FE;
	20FF : 7F;
	2100 : 21;
	2101 : 21;
	2102 : 21;
	2103 : 21;
	2104 : 22;
	2105 : 22;
	2106 : 22;
	2107 : 22;
	2108 : 22;
	2109 : 22;
	210A : 22;
	210B : 22;
	210C : 22;
	210D : 23;
	210E : 23;
	210F : 23;
	2110 : 23;
	2111 : 23;
	2112 : 24;
	2113 : 24;
	2114 : 24;
	2115 : 24;
	2116 : 24;
	2117 : 25;
	2118 : 25;
	2119 : 26;
	211A : 26;
	211B : 26;
	211C : 27;
	211D : 28;
	211E : 28;
	211F : 28;
	2120 : 28;
	2121 : 29;
	2122 : 2A;
	2123 : 2A;
	2124 : 2A;
	2125 : 2B;
	2126 : 2C;
	2127 : 2C;
	2128 : 2C;
	2129 : 2E;
	212A : 2E;
	212B : 30;
	212C : 30;
	212D : 31;
	212E : 31;
	212F : 32;
	2130 : 32;
	2131 : 33;
	2132 : 34;
	2133 : 35;
	2134 : 36;
	2135 : 37;
	2136 : 38;
	2137 : 39;
	2138 : 39;
	2139 : 3A;
	213A : 3B;
	213B : 3C;
	213C : 3D;
	213D : 3E;
	213E : 3F;
	213F : 40;
	2140 : 41;
	2141 : 42;
	2142 : 43;
	2143 : 44;
	2144 : 45;
	2145 : 46;
	2146 : 47;
	2147 : 48;
	2148 : 48;
	2149 : 49;
	214A : 4A;
	214B : 4B;
	214C : 4C;
	214D : 4D;
	214E : 4E;
	214F : 4F;
	2150 : 50;
	2151 : 51;
	2152 : 52;
	2153 : 53;
	2154 : 54;
	2155 : 55;
	2156 : 56;
	2157 : 57;
	2158 : 58;
	2159 : 59;
	215A : 5A;
	215B : 5B;
	215C : 5C;
	215D : 5D;
	215E : 5E;
	215F : 5F;
	2160 : 60;
	2161 : 61;
	2162 : 62;
	2163 : 63;
	2164 : 64;
	2165 : 65;
	2166 : 66;
	2167 : 67;
	2168 : 68;
	2169 : 69;
	216A : 6A;
	216B : 6B;
	216C : 6C;
	216D : 6D;
	216E : 6E;
	216F : 6F;
	2170 : 70;
	2171 : 71;
	2172 : 72;
	2173 : 73;
	2174 : 74;
	2175 : 75;
	2176 : 76;
	2177 : 77;
	2178 : 78;
	2179 : 79;
	217A : 7A;
	217B : 7B;
	217C : 7C;
	217D : 7D;
	217E : 7E;
	217F : 7F;
	2180 : 21;
	2181 : 21;
	2182 : 21;
	2183 : 21;
	2184 : 20;
	2185 : 20;
	2186 : 20;
	2187 : 20;
	2188 : 20;
	2189 : 20;
	218A : 20;
	218B : 1F;
	218C : 1F;
	218D : 1F;
	218E : 1E;
	218F : 1E;
	2190 : 1E;
	2191 : 1E;
	2192 : 1D;
	2193 : 1C;
	2194 : 1C;
	2195 : 1C;
	2196 : 1B;
	2197 : 1A;
	2198 : 1A;
	2199 : 19;
	219A : 18;
	219B : 16;
	219C : 14;
	219D : 12;
	219E : 10;
	219F : 0C;
	21A0 : 08;
	21A1 : 00;
	21A2 : 88;
	21A3 : 90;
	21A4 : 94;
	21A5 : 98;
	21A6 : 9A;
	21A7 : 9C;
	21A8 : 9E;
	21A9 : A1;
	21AA : A3;
	21AB : A5;
	21AC : A7;
	21AD : A8;
	21AE : AA;
	21AF : AA;
	21B0 : AC;
	21B1 : AE;
	21B2 : B0;
	21B3 : B1;
	21B4 : B2;
	21B5 : B3;
	21B6 : B4;
	21B7 : B5;
	21B8 : B6;
	21B9 : B8;
	21BA : B9;
	21BB : BA;
	21BC : BB;
	21BD : BC;
	21BE : BD;
	21BF : BE;
	21C0 : BF;
	21C1 : C0;
	21C2 : C1;
	21C3 : C2;
	21C4 : C3;
	21C5 : C4;
	21C6 : C5;
	21C7 : C6;
	21C8 : C7;
	21C9 : C9;
	21CA : CA;
	21CB : CB;
	21CC : CC;
	21CD : CD;
	21CE : CE;
	21CF : CF;
	21D0 : D0;
	21D1 : D1;
	21D2 : D2;
	21D3 : D3;
	21D4 : D4;
	21D5 : D5;
	21D6 : D6;
	21D7 : D7;
	21D8 : D8;
	21D9 : D9;
	21DA : DA;
	21DB : DB;
	21DC : DC;
	21DD : DD;
	21DE : DE;
	21DF : DF;
	21E0 : E0;
	21E1 : E1;
	21E2 : E2;
	21E3 : E3;
	21E4 : E4;
	21E5 : E5;
	21E6 : E6;
	21E7 : E7;
	21E8 : E8;
	21E9 : E9;
	21EA : EA;
	21EB : EB;
	21EC : EC;
	21ED : ED;
	21EE : EE;
	21EF : EF;
	21F0 : F0;
	21F1 : F1;
	21F2 : F2;
	21F3 : F3;
	21F4 : F4;
	21F5 : F5;
	21F6 : F6;
	21F7 : F7;
	21F8 : F8;
	21F9 : F9;
	21FA : FA;
	21FB : FB;
	21FC : FC;
	21FD : FD;
	21FE : FE;
	21FF : 7F;
	2200 : 22;
	2201 : 22;
	2202 : 22;
	2203 : 22;
	2204 : 22;
	2205 : 23;
	2206 : 23;
	2207 : 23;
	2208 : 23;
	2209 : 23;
	220A : 23;
	220B : 23;
	220C : 24;
	220D : 24;
	220E : 24;
	220F : 24;
	2210 : 24;
	2211 : 24;
	2212 : 24;
	2213 : 25;
	2214 : 25;
	2215 : 25;
	2216 : 26;
	2217 : 26;
	2218 : 26;
	2219 : 26;
	221A : 27;
	221B : 28;
	221C : 28;
	221D : 28;
	221E : 28;
	221F : 29;
	2220 : 29;
	2221 : 2A;
	2222 : 2A;
	2223 : 2A;
	2224 : 2B;
	2225 : 2C;
	2226 : 2C;
	2227 : 2C;
	2228 : 2D;
	2229 : 2E;
	222A : 2F;
	222B : 30;
	222C : 30;
	222D : 31;
	222E : 32;
	222F : 32;
	2230 : 32;
	2231 : 34;
	2232 : 34;
	2233 : 36;
	2234 : 36;
	2235 : 38;
	2236 : 38;
	2237 : 39;
	2238 : 39;
	2239 : 3A;
	223A : 3B;
	223B : 3C;
	223C : 3D;
	223D : 3E;
	223E : 3F;
	223F : 40;
	2240 : 41;
	2241 : 42;
	2242 : 43;
	2243 : 44;
	2244 : 45;
	2245 : 46;
	2246 : 47;
	2247 : 48;
	2248 : 48;
	2249 : 49;
	224A : 4A;
	224B : 4B;
	224C : 4C;
	224D : 4D;
	224E : 4E;
	224F : 4F;
	2250 : 50;
	2251 : 51;
	2252 : 52;
	2253 : 53;
	2254 : 54;
	2255 : 55;
	2256 : 56;
	2257 : 57;
	2258 : 58;
	2259 : 59;
	225A : 5A;
	225B : 5B;
	225C : 5C;
	225D : 5D;
	225E : 5E;
	225F : 5F;
	2260 : 60;
	2261 : 61;
	2262 : 62;
	2263 : 63;
	2264 : 64;
	2265 : 65;
	2266 : 66;
	2267 : 67;
	2268 : 68;
	2269 : 69;
	226A : 6A;
	226B : 6B;
	226C : 6C;
	226D : 6D;
	226E : 6E;
	226F : 6F;
	2270 : 70;
	2271 : 71;
	2272 : 72;
	2273 : 73;
	2274 : 74;
	2275 : 75;
	2276 : 76;
	2277 : 77;
	2278 : 78;
	2279 : 79;
	227A : 7A;
	227B : 7B;
	227C : 7C;
	227D : 7D;
	227E : 7E;
	227F : 7F;
	2280 : 22;
	2281 : 22;
	2282 : 22;
	2283 : 22;
	2284 : 22;
	2285 : 21;
	2286 : 21;
	2287 : 21;
	2288 : 21;
	2289 : 21;
	228A : 21;
	228B : 21;
	228C : 20;
	228D : 20;
	228E : 20;
	228F : 20;
	2290 : 20;
	2291 : 20;
	2292 : 1F;
	2293 : 1E;
	2294 : 1E;
	2295 : 1E;
	2296 : 1D;
	2297 : 1C;
	2298 : 1C;
	2299 : 1B;
	229A : 1A;
	229B : 19;
	229C : 18;
	229D : 16;
	229E : 14;
	229F : 12;
	22A0 : 10;
	22A1 : 08;
	22A2 : 00;
	22A3 : 88;
	22A4 : 90;
	22A5 : 94;
	22A6 : 98;
	22A7 : 9A;
	22A8 : 9C;
	22A9 : A0;
	22AA : A2;
	22AB : A4;
	22AC : A6;
	22AD : A8;
	22AE : A9;
	22AF : AA;
	22B0 : AB;
	22B1 : AD;
	22B2 : AF;
	22B3 : B0;
	22B4 : B2;
	22B5 : B2;
	22B6 : B4;
	22B7 : B4;
	22B8 : B6;
	22B9 : B8;
	22BA : B9;
	22BB : BA;
	22BC : BB;
	22BD : BC;
	22BE : BD;
	22BF : BE;
	22C0 : BF;
	22C1 : C0;
	22C2 : C1;
	22C3 : C2;
	22C4 : C3;
	22C5 : C4;
	22C6 : C5;
	22C7 : C6;
	22C8 : C7;
	22C9 : C9;
	22CA : CA;
	22CB : CB;
	22CC : CC;
	22CD : CD;
	22CE : CE;
	22CF : CF;
	22D0 : D0;
	22D1 : D1;
	22D2 : D2;
	22D3 : D3;
	22D4 : D4;
	22D5 : D5;
	22D6 : D6;
	22D7 : D7;
	22D8 : D8;
	22D9 : D9;
	22DA : DA;
	22DB : DB;
	22DC : DC;
	22DD : DD;
	22DE : DE;
	22DF : DF;
	22E0 : E0;
	22E1 : E1;
	22E2 : E2;
	22E3 : E3;
	22E4 : E4;
	22E5 : E5;
	22E6 : E6;
	22E7 : E7;
	22E8 : E8;
	22E9 : E9;
	22EA : EA;
	22EB : EB;
	22EC : EC;
	22ED : ED;
	22EE : EE;
	22EF : EF;
	22F0 : F0;
	22F1 : F1;
	22F2 : F2;
	22F3 : F3;
	22F4 : F4;
	22F5 : F5;
	22F6 : F6;
	22F7 : F7;
	22F8 : F8;
	22F9 : F9;
	22FA : FA;
	22FB : FB;
	22FC : FC;
	22FD : FD;
	22FE : FE;
	22FF : 7F;
	2300 : 23;
	2301 : 23;
	2302 : 23;
	2303 : 23;
	2304 : 24;
	2305 : 24;
	2306 : 24;
	2307 : 24;
	2308 : 24;
	2309 : 24;
	230A : 24;
	230B : 24;
	230C : 24;
	230D : 25;
	230E : 25;
	230F : 25;
	2310 : 25;
	2311 : 25;
	2312 : 26;
	2313 : 26;
	2314 : 26;
	2315 : 26;
	2316 : 26;
	2317 : 27;
	2318 : 27;
	2319 : 28;
	231A : 28;
	231B : 28;
	231C : 28;
	231D : 29;
	231E : 29;
	231F : 29;
	2320 : 2A;
	2321 : 2A;
	2322 : 2A;
	2323 : 2B;
	2324 : 2C;
	2325 : 2C;
	2326 : 2C;
	2327 : 2D;
	2328 : 2E;
	2329 : 2E;
	232A : 30;
	232B : 30;
	232C : 31;
	232D : 31;
	232E : 32;
	232F : 32;
	2330 : 33;
	2331 : 34;
	2332 : 35;
	2333 : 36;
	2334 : 37;
	2335 : 38;
	2336 : 38;
	2337 : 39;
	2338 : 39;
	2339 : 3A;
	233A : 3B;
	233B : 3C;
	233C : 3D;
	233D : 3E;
	233E : 3F;
	233F : 40;
	2340 : 41;
	2341 : 42;
	2342 : 43;
	2343 : 44;
	2344 : 45;
	2345 : 46;
	2346 : 47;
	2347 : 48;
	2348 : 48;
	2349 : 49;
	234A : 4A;
	234B : 4B;
	234C : 4C;
	234D : 4D;
	234E : 4E;
	234F : 4F;
	2350 : 50;
	2351 : 51;
	2352 : 52;
	2353 : 53;
	2354 : 54;
	2355 : 55;
	2356 : 56;
	2357 : 57;
	2358 : 58;
	2359 : 59;
	235A : 5A;
	235B : 5B;
	235C : 5C;
	235D : 5D;
	235E : 5E;
	235F : 5F;
	2360 : 60;
	2361 : 61;
	2362 : 62;
	2363 : 63;
	2364 : 64;
	2365 : 65;
	2366 : 66;
	2367 : 67;
	2368 : 68;
	2369 : 69;
	236A : 6A;
	236B : 6B;
	236C : 6C;
	236D : 6D;
	236E : 6E;
	236F : 6F;
	2370 : 70;
	2371 : 71;
	2372 : 72;
	2373 : 73;
	2374 : 74;
	2375 : 75;
	2376 : 76;
	2377 : 77;
	2378 : 78;
	2379 : 79;
	237A : 7A;
	237B : 7B;
	237C : 7C;
	237D : 7D;
	237E : 7E;
	237F : 7F;
	2380 : 23;
	2381 : 23;
	2382 : 23;
	2383 : 23;
	2384 : 22;
	2385 : 22;
	2386 : 22;
	2387 : 22;
	2388 : 22;
	2389 : 22;
	238A : 22;
	238B : 22;
	238C : 22;
	238D : 21;
	238E : 21;
	238F : 21;
	2390 : 21;
	2391 : 21;
	2392 : 20;
	2393 : 20;
	2394 : 20;
	2395 : 20;
	2396 : 1F;
	2397 : 1E;
	2398 : 1E;
	2399 : 1D;
	239A : 1C;
	239B : 1B;
	239C : 1A;
	239D : 19;
	239E : 18;
	239F : 16;
	23A0 : 14;
	23A1 : 10;
	23A2 : 08;
	23A3 : 00;
	23A4 : 88;
	23A5 : 90;
	23A6 : 94;
	23A7 : 98;
	23A8 : 9A;
	23A9 : 9E;
	23AA : A1;
	23AB : A3;
	23AC : A5;
	23AD : A7;
	23AE : A8;
	23AF : AA;
	23B0 : AA;
	23B1 : AC;
	23B2 : AE;
	23B3 : B0;
	23B4 : B1;
	23B5 : B2;
	23B6 : B3;
	23B7 : B4;
	23B8 : B5;
	23B9 : B7;
	23BA : B9;
	23BB : BA;
	23BC : BB;
	23BD : BC;
	23BE : BD;
	23BF : BE;
	23C0 : BF;
	23C1 : C0;
	23C2 : C1;
	23C3 : C2;
	23C4 : C3;
	23C5 : C4;
	23C6 : C5;
	23C7 : C6;
	23C8 : C7;
	23C9 : C9;
	23CA : CA;
	23CB : CB;
	23CC : CC;
	23CD : CD;
	23CE : CE;
	23CF : CF;
	23D0 : D0;
	23D1 : D1;
	23D2 : D2;
	23D3 : D3;
	23D4 : D4;
	23D5 : D5;
	23D6 : D6;
	23D7 : D7;
	23D8 : D8;
	23D9 : D9;
	23DA : DA;
	23DB : DB;
	23DC : DC;
	23DD : DD;
	23DE : DE;
	23DF : DF;
	23E0 : E0;
	23E1 : E1;
	23E2 : E2;
	23E3 : E3;
	23E4 : E4;
	23E5 : E5;
	23E6 : E6;
	23E7 : E7;
	23E8 : E8;
	23E9 : E9;
	23EA : EA;
	23EB : EB;
	23EC : EC;
	23ED : ED;
	23EE : EE;
	23EF : EF;
	23F0 : F0;
	23F1 : F1;
	23F2 : F2;
	23F3 : F3;
	23F4 : F4;
	23F5 : F5;
	23F6 : F6;
	23F7 : F7;
	23F8 : F8;
	23F9 : F9;
	23FA : FA;
	23FB : FB;
	23FC : FC;
	23FD : FD;
	23FE : FE;
	23FF : 7F;
	2400 : 24;
	2401 : 24;
	2402 : 24;
	2403 : 24;
	2404 : 24;
	2405 : 25;
	2406 : 25;
	2407 : 25;
	2408 : 25;
	2409 : 25;
	240A : 25;
	240B : 25;
	240C : 26;
	240D : 26;
	240E : 26;
	240F : 26;
	2410 : 26;
	2411 : 26;
	2412 : 26;
	2413 : 27;
	2414 : 27;
	2415 : 27;
	2416 : 28;
	2417 : 28;
	2418 : 28;
	2419 : 28;
	241A : 28;
	241B : 29;
	241C : 29;
	241D : 29;
	241E : 2A;
	241F : 2A;
	2420 : 2A;
	2421 : 2A;
	2422 : 2B;
	2423 : 2C;
	2424 : 2C;
	2425 : 2C;
	2426 : 2D;
	2427 : 2E;
	2428 : 2E;
	2429 : 2F;
	242A : 30;
	242B : 30;
	242C : 31;
	242D : 32;
	242E : 32;
	242F : 32;
	2430 : 33;
	2431 : 34;
	2432 : 35;
	2433 : 36;
	2434 : 37;
	2435 : 38;
	2436 : 38;
	2437 : 39;
	2438 : 3A;
	2439 : 3A;
	243A : 3C;
	243B : 3C;
	243C : 3E;
	243D : 3E;
	243E : 40;
	243F : 40;
	2440 : 41;
	2441 : 42;
	2442 : 43;
	2443 : 44;
	2444 : 45;
	2445 : 46;
	2446 : 47;
	2447 : 48;
	2448 : 48;
	2449 : 49;
	244A : 4A;
	244B : 4B;
	244C : 4C;
	244D : 4D;
	244E : 4E;
	244F : 4F;
	2450 : 50;
	2451 : 51;
	2452 : 52;
	2453 : 53;
	2454 : 54;
	2455 : 55;
	2456 : 56;
	2457 : 57;
	2458 : 58;
	2459 : 59;
	245A : 5A;
	245B : 5B;
	245C : 5C;
	245D : 5D;
	245E : 5E;
	245F : 5F;
	2460 : 60;
	2461 : 61;
	2462 : 62;
	2463 : 63;
	2464 : 64;
	2465 : 65;
	2466 : 66;
	2467 : 67;
	2468 : 68;
	2469 : 69;
	246A : 6A;
	246B : 6B;
	246C : 6C;
	246D : 6D;
	246E : 6E;
	246F : 6F;
	2470 : 70;
	2471 : 71;
	2472 : 72;
	2473 : 73;
	2474 : 74;
	2475 : 75;
	2476 : 76;
	2477 : 77;
	2478 : 78;
	2479 : 79;
	247A : 7A;
	247B : 7B;
	247C : 7C;
	247D : 7D;
	247E : 7E;
	247F : 7F;
	2480 : 24;
	2481 : 24;
	2482 : 24;
	2483 : 24;
	2484 : 24;
	2485 : 23;
	2486 : 23;
	2487 : 23;
	2488 : 23;
	2489 : 23;
	248A : 23;
	248B : 23;
	248C : 22;
	248D : 22;
	248E : 22;
	248F : 22;
	2490 : 22;
	2491 : 22;
	2492 : 22;
	2493 : 21;
	2494 : 21;
	2495 : 21;
	2496 : 20;
	2497 : 20;
	2498 : 20;
	2499 : 1F;
	249A : 1E;
	249B : 1D;
	249C : 1C;
	249D : 1B;
	249E : 1A;
	249F : 19;
	24A0 : 18;
	24A1 : 14;
	24A2 : 10;
	24A3 : 08;
	24A4 : 00;
	24A5 : 88;
	24A6 : 90;
	24A7 : 94;
	24A8 : 98;
	24A9 : 9C;
	24AA : A0;
	24AB : A2;
	24AC : A4;
	24AD : A6;
	24AE : A8;
	24AF : A9;
	24B0 : AA;
	24B1 : AC;
	24B2 : AE;
	24B3 : B0;
	24B4 : B1;
	24B5 : B2;
	24B6 : B3;
	24B7 : B4;
	24B8 : B5;
	24B9 : B7;
	24BA : B8;
	24BB : BA;
	24BC : BA;
	24BD : BC;
	24BE : BC;
	24BF : BE;
	24C0 : BE;
	24C1 : C0;
	24C2 : C1;
	24C3 : C2;
	24C4 : C3;
	24C5 : C4;
	24C6 : C5;
	24C7 : C6;
	24C8 : C7;
	24C9 : C9;
	24CA : CA;
	24CB : CB;
	24CC : CC;
	24CD : CD;
	24CE : CE;
	24CF : CF;
	24D0 : D0;
	24D1 : D1;
	24D2 : D2;
	24D3 : D3;
	24D4 : D4;
	24D5 : D5;
	24D6 : D6;
	24D7 : D7;
	24D8 : D8;
	24D9 : D9;
	24DA : DA;
	24DB : DB;
	24DC : DC;
	24DD : DD;
	24DE : DE;
	24DF : DF;
	24E0 : E0;
	24E1 : E1;
	24E2 : E2;
	24E3 : E3;
	24E4 : E4;
	24E5 : E5;
	24E6 : E6;
	24E7 : E7;
	24E8 : E8;
	24E9 : E9;
	24EA : EA;
	24EB : EB;
	24EC : EC;
	24ED : ED;
	24EE : EE;
	24EF : EF;
	24F0 : F0;
	24F1 : F1;
	24F2 : F2;
	24F3 : F3;
	24F4 : F4;
	24F5 : F5;
	24F6 : F6;
	24F7 : F7;
	24F8 : F8;
	24F9 : F9;
	24FA : FA;
	24FB : FB;
	24FC : FC;
	24FD : FD;
	24FE : FE;
	24FF : 7F;
	2500 : 25;
	2501 : 25;
	2502 : 25;
	2503 : 25;
	2504 : 26;
	2505 : 26;
	2506 : 26;
	2507 : 26;
	2508 : 26;
	2509 : 26;
	250A : 26;
	250B : 26;
	250C : 26;
	250D : 27;
	250E : 27;
	250F : 27;
	2510 : 27;
	2511 : 27;
	2512 : 28;
	2513 : 28;
	2514 : 28;
	2515 : 28;
	2516 : 28;
	2517 : 28;
	2518 : 28;
	2519 : 29;
	251A : 29;
	251B : 29;
	251C : 2A;
	251D : 2A;
	251E : 2A;
	251F : 2A;
	2520 : 2A;
	2521 : 2B;
	2522 : 2C;
	2523 : 2C;
	2524 : 2C;
	2525 : 2D;
	2526 : 2E;
	2527 : 2E;
	2528 : 2E;
	2529 : 30;
	252A : 30;
	252B : 31;
	252C : 31;
	252D : 32;
	252E : 32;
	252F : 33;
	2530 : 33;
	2531 : 34;
	2532 : 35;
	2533 : 36;
	2534 : 37;
	2535 : 38;
	2536 : 39;
	2537 : 39;
	2538 : 3A;
	2539 : 3B;
	253A : 3C;
	253B : 3D;
	253C : 3E;
	253D : 3F;
	253E : 40;
	253F : 40;
	2540 : 41;
	2541 : 42;
	2542 : 43;
	2543 : 44;
	2544 : 45;
	2545 : 46;
	2546 : 47;
	2547 : 48;
	2548 : 48;
	2549 : 49;
	254A : 4A;
	254B : 4B;
	254C : 4C;
	254D : 4D;
	254E : 4E;
	254F : 4F;
	2550 : 50;
	2551 : 51;
	2552 : 52;
	2553 : 53;
	2554 : 54;
	2555 : 55;
	2556 : 56;
	2557 : 57;
	2558 : 58;
	2559 : 59;
	255A : 5A;
	255B : 5B;
	255C : 5C;
	255D : 5D;
	255E : 5E;
	255F : 5F;
	2560 : 60;
	2561 : 61;
	2562 : 62;
	2563 : 63;
	2564 : 64;
	2565 : 65;
	2566 : 66;
	2567 : 67;
	2568 : 68;
	2569 : 69;
	256A : 6A;
	256B : 6B;
	256C : 6C;
	256D : 6D;
	256E : 6E;
	256F : 6F;
	2570 : 70;
	2571 : 71;
	2572 : 72;
	2573 : 73;
	2574 : 74;
	2575 : 75;
	2576 : 76;
	2577 : 77;
	2578 : 78;
	2579 : 79;
	257A : 7A;
	257B : 7B;
	257C : 7C;
	257D : 7D;
	257E : 7E;
	257F : 7F;
	2580 : 25;
	2581 : 25;
	2582 : 25;
	2583 : 25;
	2584 : 24;
	2585 : 24;
	2586 : 24;
	2587 : 24;
	2588 : 24;
	2589 : 24;
	258A : 24;
	258B : 24;
	258C : 24;
	258D : 23;
	258E : 23;
	258F : 23;
	2590 : 23;
	2591 : 23;
	2592 : 22;
	2593 : 22;
	2594 : 22;
	2595 : 22;
	2596 : 22;
	2597 : 21;
	2598 : 21;
	2599 : 20;
	259A : 20;
	259B : 1F;
	259C : 1E;
	259D : 1D;
	259E : 1C;
	259F : 1B;
	25A0 : 1A;
	25A1 : 18;
	25A2 : 14;
	25A3 : 10;
	25A4 : 08;
	25A5 : 00;
	25A6 : 88;
	25A7 : 90;
	25A8 : 94;
	25A9 : 9A;
	25AA : 9E;
	25AB : A1;
	25AC : A3;
	25AD : A5;
	25AE : A7;
	25AF : A8;
	25B0 : AA;
	25B1 : AC;
	25B2 : AE;
	25B3 : B0;
	25B4 : B1;
	25B5 : B2;
	25B6 : B3;
	25B7 : B4;
	25B8 : B5;
	25B9 : B7;
	25BA : B8;
	25BB : B9;
	25BC : BA;
	25BD : BB;
	25BE : BC;
	25BF : BD;
	25C0 : BE;
	25C1 : C0;
	25C2 : C1;
	25C3 : C2;
	25C4 : C3;
	25C5 : C4;
	25C6 : C5;
	25C7 : C6;
	25C8 : C7;
	25C9 : C9;
	25CA : CA;
	25CB : CB;
	25CC : CC;
	25CD : CD;
	25CE : CE;
	25CF : CF;
	25D0 : D0;
	25D1 : D1;
	25D2 : D2;
	25D3 : D3;
	25D4 : D4;
	25D5 : D5;
	25D6 : D6;
	25D7 : D7;
	25D8 : D8;
	25D9 : D9;
	25DA : DA;
	25DB : DB;
	25DC : DC;
	25DD : DD;
	25DE : DE;
	25DF : DF;
	25E0 : E0;
	25E1 : E1;
	25E2 : E2;
	25E3 : E3;
	25E4 : E4;
	25E5 : E5;
	25E6 : E6;
	25E7 : E7;
	25E8 : E8;
	25E9 : E9;
	25EA : EA;
	25EB : EB;
	25EC : EC;
	25ED : ED;
	25EE : EE;
	25EF : EF;
	25F0 : F0;
	25F1 : F1;
	25F2 : F2;
	25F3 : F3;
	25F4 : F4;
	25F5 : F5;
	25F6 : F6;
	25F7 : F7;
	25F8 : F8;
	25F9 : F9;
	25FA : FA;
	25FB : FB;
	25FC : FC;
	25FD : FD;
	25FE : FE;
	25FF : 7F;
	2600 : 26;
	2601 : 26;
	2602 : 26;
	2603 : 26;
	2604 : 26;
	2605 : 27;
	2606 : 27;
	2607 : 27;
	2608 : 27;
	2609 : 27;
	260A : 27;
	260B : 27;
	260C : 28;
	260D : 28;
	260E : 28;
	260F : 28;
	2610 : 28;
	2611 : 28;
	2612 : 28;
	2613 : 28;
	2614 : 28;
	2615 : 29;
	2616 : 29;
	2617 : 29;
	2618 : 29;
	2619 : 29;
	261A : 2A;
	261B : 2A;
	261C : 2A;
	261D : 2A;
	261E : 2A;
	261F : 2B;
	2620 : 2B;
	2621 : 2C;
	2622 : 2C;
	2623 : 2C;
	2624 : 2D;
	2625 : 2E;
	2626 : 2E;
	2627 : 2E;
	2628 : 2F;
	2629 : 30;
	262A : 30;
	262B : 31;
	262C : 32;
	262D : 32;
	262E : 32;
	262F : 33;
	2630 : 34;
	2631 : 34;
	2632 : 36;
	2633 : 36;
	2634 : 38;
	2635 : 38;
	2636 : 39;
	2637 : 39;
	2638 : 3A;
	2639 : 3B;
	263A : 3C;
	263B : 3D;
	263C : 3E;
	263D : 3F;
	263E : 40;
	263F : 40;
	2640 : 41;
	2641 : 42;
	2642 : 43;
	2643 : 44;
	2644 : 45;
	2645 : 46;
	2646 : 47;
	2647 : 48;
	2648 : 48;
	2649 : 49;
	264A : 4A;
	264B : 4B;
	264C : 4C;
	264D : 4D;
	264E : 4E;
	264F : 4F;
	2650 : 50;
	2651 : 51;
	2652 : 52;
	2653 : 53;
	2654 : 54;
	2655 : 55;
	2656 : 56;
	2657 : 57;
	2658 : 58;
	2659 : 59;
	265A : 5A;
	265B : 5B;
	265C : 5C;
	265D : 5D;
	265E : 5E;
	265F : 5F;
	2660 : 60;
	2661 : 61;
	2662 : 62;
	2663 : 63;
	2664 : 64;
	2665 : 65;
	2666 : 66;
	2667 : 67;
	2668 : 68;
	2669 : 69;
	266A : 6A;
	266B : 6B;
	266C : 6C;
	266D : 6D;
	266E : 6E;
	266F : 6F;
	2670 : 70;
	2671 : 71;
	2672 : 72;
	2673 : 73;
	2674 : 74;
	2675 : 75;
	2676 : 76;
	2677 : 77;
	2678 : 78;
	2679 : 79;
	267A : 7A;
	267B : 7B;
	267C : 7C;
	267D : 7D;
	267E : 7E;
	267F : 7F;
	2680 : 26;
	2681 : 26;
	2682 : 26;
	2683 : 26;
	2684 : 26;
	2685 : 25;
	2686 : 25;
	2687 : 25;
	2688 : 25;
	2689 : 25;
	268A : 25;
	268B : 25;
	268C : 24;
	268D : 24;
	268E : 24;
	268F : 24;
	2690 : 24;
	2691 : 24;
	2692 : 24;
	2693 : 23;
	2694 : 23;
	2695 : 23;
	2696 : 22;
	2697 : 22;
	2698 : 22;
	2699 : 22;
	269A : 21;
	269B : 20;
	269C : 20;
	269D : 1F;
	269E : 1E;
	269F : 1D;
	26A0 : 1C;
	26A1 : 1A;
	26A2 : 18;
	26A3 : 14;
	26A4 : 10;
	26A5 : 08;
	26A6 : 00;
	26A7 : 88;
	26A8 : 90;
	26A9 : 98;
	26AA : 9C;
	26AB : A0;
	26AC : A2;
	26AD : A4;
	26AE : A6;
	26AF : A8;
	26B0 : A9;
	26B1 : AB;
	26B2 : AD;
	26B3 : AF;
	26B4 : B0;
	26B5 : B2;
	26B6 : B2;
	26B7 : B4;
	26B8 : B4;
	26B9 : B6;
	26BA : B8;
	26BB : B9;
	26BC : BA;
	26BD : BB;
	26BE : BC;
	26BF : BD;
	26C0 : BE;
	26C1 : C0;
	26C2 : C1;
	26C3 : C2;
	26C4 : C3;
	26C5 : C4;
	26C6 : C5;
	26C7 : C6;
	26C8 : C7;
	26C9 : C9;
	26CA : CA;
	26CB : CB;
	26CC : CC;
	26CD : CD;
	26CE : CE;
	26CF : CF;
	26D0 : D0;
	26D1 : D1;
	26D2 : D2;
	26D3 : D3;
	26D4 : D4;
	26D5 : D5;
	26D6 : D6;
	26D7 : D7;
	26D8 : D8;
	26D9 : D9;
	26DA : DA;
	26DB : DB;
	26DC : DC;
	26DD : DD;
	26DE : DE;
	26DF : DF;
	26E0 : E0;
	26E1 : E1;
	26E2 : E2;
	26E3 : E3;
	26E4 : E4;
	26E5 : E5;
	26E6 : E6;
	26E7 : E7;
	26E8 : E8;
	26E9 : E9;
	26EA : EA;
	26EB : EB;
	26EC : EC;
	26ED : ED;
	26EE : EE;
	26EF : EF;
	26F0 : F0;
	26F1 : F1;
	26F2 : F2;
	26F3 : F3;
	26F4 : F4;
	26F5 : F5;
	26F6 : F6;
	26F7 : F7;
	26F8 : F8;
	26F9 : F9;
	26FA : FA;
	26FB : FB;
	26FC : FC;
	26FD : FD;
	26FE : FE;
	26FF : 7F;
	2700 : 27;
	2701 : 27;
	2702 : 27;
	2703 : 27;
	2704 : 28;
	2705 : 28;
	2706 : 28;
	2707 : 28;
	2708 : 28;
	2709 : 28;
	270A : 28;
	270B : 28;
	270C : 28;
	270D : 28;
	270E : 28;
	270F : 28;
	2710 : 28;
	2711 : 29;
	2712 : 29;
	2713 : 29;
	2714 : 29;
	2715 : 29;
	2716 : 29;
	2717 : 29;
	2718 : 2A;
	2719 : 2A;
	271A : 2A;
	271B : 2A;
	271C : 2A;
	271D : 2B;
	271E : 2B;
	271F : 2B;
	2720 : 2C;
	2721 : 2C;
	2722 : 2C;
	2723 : 2D;
	2724 : 2E;
	2725 : 2E;
	2726 : 2E;
	2727 : 2F;
	2728 : 30;
	2729 : 30;
	272A : 31;
	272B : 31;
	272C : 32;
	272D : 32;
	272E : 33;
	272F : 33;
	2730 : 34;
	2731 : 35;
	2732 : 36;
	2733 : 37;
	2734 : 38;
	2735 : 38;
	2736 : 39;
	2737 : 39;
	2738 : 3A;
	2739 : 3B;
	273A : 3C;
	273B : 3D;
	273C : 3E;
	273D : 3F;
	273E : 40;
	273F : 40;
	2740 : 41;
	2741 : 42;
	2742 : 43;
	2743 : 44;
	2744 : 45;
	2745 : 46;
	2746 : 47;
	2747 : 48;
	2748 : 48;
	2749 : 49;
	274A : 4A;
	274B : 4B;
	274C : 4C;
	274D : 4D;
	274E : 4E;
	274F : 4F;
	2750 : 50;
	2751 : 51;
	2752 : 52;
	2753 : 53;
	2754 : 54;
	2755 : 55;
	2756 : 56;
	2757 : 57;
	2758 : 58;
	2759 : 59;
	275A : 5A;
	275B : 5B;
	275C : 5C;
	275D : 5D;
	275E : 5E;
	275F : 5F;
	2760 : 60;
	2761 : 61;
	2762 : 62;
	2763 : 63;
	2764 : 64;
	2765 : 65;
	2766 : 66;
	2767 : 67;
	2768 : 68;
	2769 : 69;
	276A : 6A;
	276B : 6B;
	276C : 6C;
	276D : 6D;
	276E : 6E;
	276F : 6F;
	2770 : 70;
	2771 : 71;
	2772 : 72;
	2773 : 73;
	2774 : 74;
	2775 : 75;
	2776 : 76;
	2777 : 77;
	2778 : 78;
	2779 : 79;
	277A : 7A;
	277B : 7B;
	277C : 7C;
	277D : 7D;
	277E : 7E;
	277F : 7F;
	2780 : 27;
	2781 : 27;
	2782 : 27;
	2783 : 27;
	2784 : 26;
	2785 : 26;
	2786 : 26;
	2787 : 26;
	2788 : 26;
	2789 : 26;
	278A : 26;
	278B : 26;
	278C : 26;
	278D : 25;
	278E : 25;
	278F : 25;
	2790 : 25;
	2791 : 25;
	2792 : 24;
	2793 : 24;
	2794 : 24;
	2795 : 24;
	2796 : 24;
	2797 : 23;
	2798 : 23;
	2799 : 22;
	279A : 22;
	279B : 22;
	279C : 21;
	279D : 20;
	279E : 20;
	279F : 1F;
	27A0 : 1E;
	27A1 : 1C;
	27A2 : 1A;
	27A3 : 18;
	27A4 : 14;
	27A5 : 10;
	27A6 : 08;
	27A7 : 00;
	27A8 : 88;
	27A9 : 94;
	27AA : 9A;
	27AB : 9E;
	27AC : A1;
	27AD : A3;
	27AE : A5;
	27AF : A7;
	27B0 : A8;
	27B1 : AA;
	27B2 : AC;
	27B3 : AE;
	27B4 : B0;
	27B5 : B1;
	27B6 : B2;
	27B7 : B3;
	27B8 : B4;
	27B9 : B6;
	27BA : B8;
	27BB : B9;
	27BC : BA;
	27BD : BB;
	27BE : BC;
	27BF : BD;
	27C0 : BE;
	27C1 : C0;
	27C2 : C1;
	27C3 : C2;
	27C4 : C3;
	27C5 : C4;
	27C6 : C5;
	27C7 : C6;
	27C8 : C7;
	27C9 : C9;
	27CA : CA;
	27CB : CB;
	27CC : CC;
	27CD : CD;
	27CE : CE;
	27CF : CF;
	27D0 : D0;
	27D1 : D1;
	27D2 : D2;
	27D3 : D3;
	27D4 : D4;
	27D5 : D5;
	27D6 : D6;
	27D7 : D7;
	27D8 : D8;
	27D9 : D9;
	27DA : DA;
	27DB : DB;
	27DC : DC;
	27DD : DD;
	27DE : DE;
	27DF : DF;
	27E0 : E0;
	27E1 : E1;
	27E2 : E2;
	27E3 : E3;
	27E4 : E4;
	27E5 : E5;
	27E6 : E6;
	27E7 : E7;
	27E8 : E8;
	27E9 : E9;
	27EA : EA;
	27EB : EB;
	27EC : EC;
	27ED : ED;
	27EE : EE;
	27EF : EF;
	27F0 : F0;
	27F1 : F1;
	27F2 : F2;
	27F3 : F3;
	27F4 : F4;
	27F5 : F5;
	27F6 : F6;
	27F7 : F7;
	27F8 : F8;
	27F9 : F9;
	27FA : FA;
	27FB : FB;
	27FC : FC;
	27FD : FD;
	27FE : FE;
	27FF : 7F;
	2800 : 28;
	2801 : 28;
	2802 : 28;
	2803 : 28;
	2804 : 28;
	2805 : 28;
	2806 : 28;
	2807 : 28;
	2808 : 28;
	2809 : 29;
	280A : 29;
	280B : 29;
	280C : 29;
	280D : 29;
	280E : 29;
	280F : 29;
	2810 : 29;
	2811 : 29;
	2812 : 29;
	2813 : 29;
	2814 : 2A;
	2815 : 2A;
	2816 : 2A;
	2817 : 2A;
	2818 : 2A;
	2819 : 2A;
	281A : 2A;
	281B : 2B;
	281C : 2B;
	281D : 2B;
	281E : 2C;
	281F : 2C;
	2820 : 2C;
	2821 : 2C;
	2822 : 2D;
	2823 : 2E;
	2824 : 2E;
	2825 : 2E;
	2826 : 2F;
	2827 : 30;
	2828 : 30;
	2829 : 30;
	282A : 31;
	282B : 32;
	282C : 32;
	282D : 32;
	282E : 33;
	282F : 34;
	2830 : 34;
	2831 : 35;
	2832 : 36;
	2833 : 37;
	2834 : 38;
	2835 : 38;
	2836 : 39;
	2837 : 3A;
	2838 : 3A;
	2839 : 3B;
	283A : 3C;
	283B : 3D;
	283C : 3E;
	283D : 3F;
	283E : 40;
	283F : 40;
	2840 : 41;
	2841 : 42;
	2842 : 43;
	2843 : 44;
	2844 : 45;
	2845 : 46;
	2846 : 47;
	2847 : 48;
	2848 : 48;
	2849 : 4A;
	284A : 4A;
	284B : 4C;
	284C : 4C;
	284D : 4E;
	284E : 4E;
	284F : 50;
	2850 : 50;
	2851 : 51;
	2852 : 52;
	2853 : 53;
	2854 : 54;
	2855 : 55;
	2856 : 56;
	2857 : 57;
	2858 : 58;
	2859 : 59;
	285A : 5A;
	285B : 5B;
	285C : 5C;
	285D : 5D;
	285E : 5E;
	285F : 5F;
	2860 : 60;
	2861 : 61;
	2862 : 62;
	2863 : 63;
	2864 : 64;
	2865 : 65;
	2866 : 66;
	2867 : 67;
	2868 : 68;
	2869 : 69;
	286A : 6A;
	286B : 6B;
	286C : 6C;
	286D : 6D;
	286E : 6E;
	286F : 6F;
	2870 : 70;
	2871 : 71;
	2872 : 72;
	2873 : 73;
	2874 : 74;
	2875 : 75;
	2876 : 76;
	2877 : 77;
	2878 : 78;
	2879 : 79;
	287A : 7A;
	287B : 7B;
	287C : 7C;
	287D : 7D;
	287E : 7E;
	287F : 7F;
	2880 : 28;
	2881 : 28;
	2882 : 28;
	2883 : 28;
	2884 : 28;
	2885 : 27;
	2886 : 27;
	2887 : 27;
	2888 : 27;
	2889 : 27;
	288A : 27;
	288B : 27;
	288C : 26;
	288D : 26;
	288E : 26;
	288F : 26;
	2890 : 26;
	2891 : 26;
	2892 : 26;
	2893 : 25;
	2894 : 25;
	2895 : 25;
	2896 : 24;
	2897 : 24;
	2898 : 24;
	2899 : 24;
	289A : 23;
	289B : 22;
	289C : 22;
	289D : 22;
	289E : 21;
	289F : 20;
	28A0 : 20;
	28A1 : 1E;
	28A2 : 1C;
	28A3 : 1A;
	28A4 : 18;
	28A5 : 14;
	28A6 : 10;
	28A7 : 08;
	28A8 : 00;
	28A9 : 90;
	28AA : 98;
	28AB : 9C;
	28AC : A0;
	28AD : A2;
	28AE : A4;
	28AF : A6;
	28B0 : A8;
	28B1 : AA;
	28B2 : AC;
	28B3 : AE;
	28B4 : B0;
	28B5 : B1;
	28B6 : B2;
	28B7 : B3;
	28B8 : B4;
	28B9 : B6;
	28BA : B8;
	28BB : B9;
	28BC : BA;
	28BD : BB;
	28BE : BC;
	28BF : BD;
	28C0 : BE;
	28C1 : C0;
	28C2 : C1;
	28C3 : C2;
	28C4 : C3;
	28C5 : C4;
	28C6 : C5;
	28C7 : C6;
	28C8 : C7;
	28C9 : C8;
	28CA : CA;
	28CB : CA;
	28CC : CC;
	28CD : CC;
	28CE : CE;
	28CF : CE;
	28D0 : D0;
	28D1 : D1;
	28D2 : D2;
	28D3 : D3;
	28D4 : D4;
	28D5 : D5;
	28D6 : D6;
	28D7 : D7;
	28D8 : D8;
	28D9 : D9;
	28DA : DA;
	28DB : DB;
	28DC : DC;
	28DD : DD;
	28DE : DE;
	28DF : DF;
	28E0 : E0;
	28E1 : E1;
	28E2 : E2;
	28E3 : E3;
	28E4 : E4;
	28E5 : E5;
	28E6 : E6;
	28E7 : E7;
	28E8 : E8;
	28E9 : E9;
	28EA : EA;
	28EB : EB;
	28EC : EC;
	28ED : ED;
	28EE : EE;
	28EF : EF;
	28F0 : F0;
	28F1 : F1;
	28F2 : F2;
	28F3 : F3;
	28F4 : F4;
	28F5 : F5;
	28F6 : F6;
	28F7 : F7;
	28F8 : F8;
	28F9 : F9;
	28FA : FA;
	28FB : FB;
	28FC : FC;
	28FD : FD;
	28FE : FE;
	28FF : 7F;
	2900 : 29;
	2901 : 29;
	2902 : 29;
	2903 : 29;
	2904 : 29;
	2905 : 29;
	2906 : 29;
	2907 : 29;
	2908 : 2A;
	2909 : 2A;
	290A : 2A;
	290B : 2A;
	290C : 2A;
	290D : 2A;
	290E : 2A;
	290F : 2A;
	2910 : 2A;
	2911 : 2A;
	2912 : 2A;
	2913 : 2A;
	2914 : 2A;
	2915 : 2B;
	2916 : 2B;
	2917 : 2B;
	2918 : 2B;
	2919 : 2B;
	291A : 2C;
	291B : 2C;
	291C : 2C;
	291D : 2C;
	291E : 2C;
	291F : 2D;
	2920 : 2D;
	2921 : 2E;
	2922 : 2E;
	2923 : 2E;
	2924 : 2F;
	2925 : 30;
	2926 : 30;
	2927 : 30;
	2928 : 30;
	2929 : 31;
	292A : 32;
	292B : 32;
	292C : 32;
	292D : 33;
	292E : 34;
	292F : 34;
	2930 : 34;
	2931 : 36;
	2932 : 36;
	2933 : 38;
	2934 : 38;
	2935 : 39;
	2936 : 39;
	2937 : 3A;
	2938 : 3A;
	2939 : 3B;
	293A : 3C;
	293B : 3D;
	293C : 3E;
	293D : 3F;
	293E : 40;
	293F : 41;
	2940 : 41;
	2941 : 42;
	2942 : 43;
	2943 : 44;
	2944 : 45;
	2945 : 46;
	2946 : 47;
	2947 : 48;
	2948 : 49;
	2949 : 4A;
	294A : 4B;
	294B : 4C;
	294C : 4D;
	294D : 4E;
	294E : 4F;
	294F : 50;
	2950 : 50;
	2951 : 51;
	2952 : 52;
	2953 : 53;
	2954 : 54;
	2955 : 55;
	2956 : 56;
	2957 : 57;
	2958 : 58;
	2959 : 59;
	295A : 5A;
	295B : 5B;
	295C : 5C;
	295D : 5D;
	295E : 5E;
	295F : 5F;
	2960 : 60;
	2961 : 61;
	2962 : 62;
	2963 : 63;
	2964 : 64;
	2965 : 65;
	2966 : 66;
	2967 : 67;
	2968 : 68;
	2969 : 69;
	296A : 6A;
	296B : 6B;
	296C : 6C;
	296D : 6D;
	296E : 6E;
	296F : 6F;
	2970 : 70;
	2971 : 71;
	2972 : 72;
	2973 : 73;
	2974 : 74;
	2975 : 75;
	2976 : 76;
	2977 : 77;
	2978 : 78;
	2979 : 79;
	297A : 7A;
	297B : 7B;
	297C : 7C;
	297D : 7D;
	297E : 7E;
	297F : 7F;
	2980 : 29;
	2981 : 29;
	2982 : 29;
	2983 : 29;
	2984 : 29;
	2985 : 29;
	2986 : 29;
	2987 : 29;
	2988 : 28;
	2989 : 28;
	298A : 28;
	298B : 28;
	298C : 28;
	298D : 28;
	298E : 28;
	298F : 28;
	2990 : 28;
	2991 : 28;
	2992 : 28;
	2993 : 27;
	2994 : 27;
	2995 : 27;
	2996 : 26;
	2997 : 26;
	2998 : 26;
	2999 : 26;
	299A : 25;
	299B : 24;
	299C : 24;
	299D : 24;
	299E : 23;
	299F : 22;
	29A0 : 22;
	29A1 : 21;
	29A2 : 20;
	29A3 : 1E;
	29A4 : 1C;
	29A5 : 1A;
	29A6 : 18;
	29A7 : 14;
	29A8 : 10;
	29A9 : 00;
	29AA : 90;
	29AB : 98;
	29AC : 9C;
	29AD : A0;
	29AE : A2;
	29AF : A4;
	29B0 : A6;
	29B1 : A9;
	29B2 : AB;
	29B3 : AD;
	29B4 : AF;
	29B5 : B0;
	29B6 : B2;
	29B7 : B2;
	29B8 : B4;
	29B9 : B6;
	29BA : B8;
	29BB : B9;
	29BC : BA;
	29BD : BB;
	29BE : BC;
	29BF : BD;
	29C0 : BE;
	29C1 : C0;
	29C2 : C1;
	29C3 : C2;
	29C4 : C3;
	29C5 : C4;
	29C6 : C5;
	29C7 : C6;
	29C8 : C7;
	29C9 : C8;
	29CA : C9;
	29CB : CA;
	29CC : CB;
	29CD : CC;
	29CE : CD;
	29CF : CE;
	29D0 : CF;
	29D1 : D1;
	29D2 : D2;
	29D3 : D3;
	29D4 : D4;
	29D5 : D5;
	29D6 : D6;
	29D7 : D7;
	29D8 : D8;
	29D9 : D9;
	29DA : DA;
	29DB : DB;
	29DC : DC;
	29DD : DD;
	29DE : DE;
	29DF : DF;
	29E0 : E0;
	29E1 : E1;
	29E2 : E2;
	29E3 : E3;
	29E4 : E4;
	29E5 : E5;
	29E6 : E6;
	29E7 : E7;
	29E8 : E8;
	29E9 : E9;
	29EA : EA;
	29EB : EB;
	29EC : EC;
	29ED : ED;
	29EE : EE;
	29EF : EF;
	29F0 : F0;
	29F1 : F1;
	29F2 : F2;
	29F3 : F3;
	29F4 : F4;
	29F5 : F5;
	29F6 : F6;
	29F7 : F7;
	29F8 : F8;
	29F9 : F9;
	29FA : FA;
	29FB : FB;
	29FC : FC;
	29FD : FD;
	29FE : FE;
	29FF : 7F;
	2A00 : 2A;
	2A01 : 2A;
	2A02 : 2A;
	2A03 : 2A;
	2A04 : 2A;
	2A05 : 2A;
	2A06 : 2A;
	2A07 : 2A;
	2A08 : 2A;
	2A09 : 2B;
	2A0A : 2B;
	2A0B : 2B;
	2A0C : 2B;
	2A0D : 2B;
	2A0E : 2B;
	2A0F : 2B;
	2A10 : 2B;
	2A11 : 2B;
	2A12 : 2B;
	2A13 : 2B;
	2A14 : 2C;
	2A15 : 2C;
	2A16 : 2C;
	2A17 : 2C;
	2A18 : 2C;
	2A19 : 2C;
	2A1A : 2C;
	2A1B : 2D;
	2A1C : 2D;
	2A1D : 2D;
	2A1E : 2E;
	2A1F : 2E;
	2A20 : 2E;
	2A21 : 2E;
	2A22 : 2F;
	2A23 : 30;
	2A24 : 30;
	2A25 : 30;
	2A26 : 30;
	2A27 : 31;
	2A28 : 31;
	2A29 : 32;
	2A2A : 32;
	2A2B : 32;
	2A2C : 33;
	2A2D : 34;
	2A2E : 34;
	2A2F : 34;
	2A30 : 35;
	2A31 : 36;
	2A32 : 37;
	2A33 : 38;
	2A34 : 38;
	2A35 : 39;
	2A36 : 3A;
	2A37 : 3A;
	2A38 : 3A;
	2A39 : 3C;
	2A3A : 3C;
	2A3B : 3E;
	2A3C : 3E;
	2A3D : 40;
	2A3E : 40;
	2A3F : 41;
	2A40 : 41;
	2A41 : 42;
	2A42 : 43;
	2A43 : 44;
	2A44 : 45;
	2A45 : 46;
	2A46 : 47;
	2A47 : 48;
	2A48 : 49;
	2A49 : 4A;
	2A4A : 4B;
	2A4B : 4C;
	2A4C : 4D;
	2A4D : 4E;
	2A4E : 4F;
	2A4F : 50;
	2A50 : 50;
	2A51 : 51;
	2A52 : 52;
	2A53 : 53;
	2A54 : 54;
	2A55 : 55;
	2A56 : 56;
	2A57 : 57;
	2A58 : 58;
	2A59 : 59;
	2A5A : 5A;
	2A5B : 5B;
	2A5C : 5C;
	2A5D : 5D;
	2A5E : 5E;
	2A5F : 5F;
	2A60 : 60;
	2A61 : 61;
	2A62 : 62;
	2A63 : 63;
	2A64 : 64;
	2A65 : 65;
	2A66 : 66;
	2A67 : 67;
	2A68 : 68;
	2A69 : 69;
	2A6A : 6A;
	2A6B : 6B;
	2A6C : 6C;
	2A6D : 6D;
	2A6E : 6E;
	2A6F : 6F;
	2A70 : 70;
	2A71 : 71;
	2A72 : 72;
	2A73 : 73;
	2A74 : 74;
	2A75 : 75;
	2A76 : 76;
	2A77 : 77;
	2A78 : 78;
	2A79 : 79;
	2A7A : 7A;
	2A7B : 7B;
	2A7C : 7C;
	2A7D : 7D;
	2A7E : 7E;
	2A7F : 7F;
	2A80 : 2A;
	2A81 : 2A;
	2A82 : 2A;
	2A83 : 2A;
	2A84 : 2A;
	2A85 : 2A;
	2A86 : 2A;
	2A87 : 2A;
	2A88 : 2A;
	2A89 : 29;
	2A8A : 29;
	2A8B : 29;
	2A8C : 29;
	2A8D : 29;
	2A8E : 29;
	2A8F : 29;
	2A90 : 29;
	2A91 : 29;
	2A92 : 29;
	2A93 : 29;
	2A94 : 28;
	2A95 : 28;
	2A96 : 28;
	2A97 : 28;
	2A98 : 28;
	2A99 : 28;
	2A9A : 27;
	2A9B : 26;
	2A9C : 26;
	2A9D : 26;
	2A9E : 25;
	2A9F : 24;
	2AA0 : 24;
	2AA1 : 23;
	2AA2 : 22;
	2AA3 : 21;
	2AA4 : 20;
	2AA5 : 1E;
	2AA6 : 1C;
	2AA7 : 1A;
	2AA8 : 18;
	2AA9 : 10;
	2AAA : 00;
	2AAB : 90;
	2AAC : 98;
	2AAD : 9C;
	2AAE : A0;
	2AAF : A2;
	2AB0 : A4;
	2AB1 : A8;
	2AB2 : AA;
	2AB3 : AC;
	2AB4 : AE;
	2AB5 : B0;
	2AB6 : B1;
	2AB7 : B2;
	2AB8 : B3;
	2AB9 : B5;
	2ABA : B7;
	2ABB : B8;
	2ABC : BA;
	2ABD : BA;
	2ABE : BC;
	2ABF : BC;
	2AC0 : BE;
	2AC1 : C0;
	2AC2 : C1;
	2AC3 : C2;
	2AC4 : C3;
	2AC5 : C4;
	2AC6 : C5;
	2AC7 : C6;
	2AC8 : C7;
	2AC9 : C8;
	2ACA : C9;
	2ACB : CA;
	2ACC : CB;
	2ACD : CC;
	2ACE : CD;
	2ACF : CE;
	2AD0 : CF;
	2AD1 : D1;
	2AD2 : D2;
	2AD3 : D3;
	2AD4 : D4;
	2AD5 : D5;
	2AD6 : D6;
	2AD7 : D7;
	2AD8 : D8;
	2AD9 : D9;
	2ADA : DA;
	2ADB : DB;
	2ADC : DC;
	2ADD : DD;
	2ADE : DE;
	2ADF : DF;
	2AE0 : E0;
	2AE1 : E1;
	2AE2 : E2;
	2AE3 : E3;
	2AE4 : E4;
	2AE5 : E5;
	2AE6 : E6;
	2AE7 : E7;
	2AE8 : E8;
	2AE9 : E9;
	2AEA : EA;
	2AEB : EB;
	2AEC : EC;
	2AED : ED;
	2AEE : EE;
	2AEF : EF;
	2AF0 : F0;
	2AF1 : F1;
	2AF2 : F2;
	2AF3 : F3;
	2AF4 : F4;
	2AF5 : F5;
	2AF6 : F6;
	2AF7 : F7;
	2AF8 : F8;
	2AF9 : F9;
	2AFA : FA;
	2AFB : FB;
	2AFC : FC;
	2AFD : FD;
	2AFE : FE;
	2AFF : 7F;
	2B00 : 2B;
	2B01 : 2B;
	2B02 : 2B;
	2B03 : 2B;
	2B04 : 2B;
	2B05 : 2B;
	2B06 : 2B;
	2B07 : 2B;
	2B08 : 2C;
	2B09 : 2C;
	2B0A : 2C;
	2B0B : 2C;
	2B0C : 2C;
	2B0D : 2C;
	2B0E : 2C;
	2B0F : 2C;
	2B10 : 2C;
	2B11 : 2C;
	2B12 : 2C;
	2B13 : 2C;
	2B14 : 2C;
	2B15 : 2D;
	2B16 : 2D;
	2B17 : 2D;
	2B18 : 2D;
	2B19 : 2D;
	2B1A : 2E;
	2B1B : 2E;
	2B1C : 2E;
	2B1D : 2E;
	2B1E : 2E;
	2B1F : 2F;
	2B20 : 2F;
	2B21 : 30;
	2B22 : 30;
	2B23 : 30;
	2B24 : 30;
	2B25 : 31;
	2B26 : 31;
	2B27 : 31;
	2B28 : 32;
	2B29 : 32;
	2B2A : 32;
	2B2B : 33;
	2B2C : 34;
	2B2D : 34;
	2B2E : 34;
	2B2F : 35;
	2B30 : 36;
	2B31 : 36;
	2B32 : 38;
	2B33 : 38;
	2B34 : 39;
	2B35 : 39;
	2B36 : 3A;
	2B37 : 3A;
	2B38 : 3B;
	2B39 : 3C;
	2B3A : 3D;
	2B3B : 3E;
	2B3C : 3F;
	2B3D : 40;
	2B3E : 40;
	2B3F : 41;
	2B40 : 41;
	2B41 : 42;
	2B42 : 43;
	2B43 : 44;
	2B44 : 45;
	2B45 : 46;
	2B46 : 47;
	2B47 : 48;
	2B48 : 49;
	2B49 : 4A;
	2B4A : 4B;
	2B4B : 4C;
	2B4C : 4D;
	2B4D : 4E;
	2B4E : 4F;
	2B4F : 50;
	2B50 : 50;
	2B51 : 51;
	2B52 : 52;
	2B53 : 53;
	2B54 : 54;
	2B55 : 55;
	2B56 : 56;
	2B57 : 57;
	2B58 : 58;
	2B59 : 59;
	2B5A : 5A;
	2B5B : 5B;
	2B5C : 5C;
	2B5D : 5D;
	2B5E : 5E;
	2B5F : 5F;
	2B60 : 60;
	2B61 : 61;
	2B62 : 62;
	2B63 : 63;
	2B64 : 64;
	2B65 : 65;
	2B66 : 66;
	2B67 : 67;
	2B68 : 68;
	2B69 : 69;
	2B6A : 6A;
	2B6B : 6B;
	2B6C : 6C;
	2B6D : 6D;
	2B6E : 6E;
	2B6F : 6F;
	2B70 : 70;
	2B71 : 71;
	2B72 : 72;
	2B73 : 73;
	2B74 : 74;
	2B75 : 75;
	2B76 : 76;
	2B77 : 77;
	2B78 : 78;
	2B79 : 79;
	2B7A : 7A;
	2B7B : 7B;
	2B7C : 7C;
	2B7D : 7D;
	2B7E : 7E;
	2B7F : 7F;
	2B80 : 2B;
	2B81 : 2B;
	2B82 : 2B;
	2B83 : 2B;
	2B84 : 2B;
	2B85 : 2B;
	2B86 : 2B;
	2B87 : 2B;
	2B88 : 2A;
	2B89 : 2A;
	2B8A : 2A;
	2B8B : 2A;
	2B8C : 2A;
	2B8D : 2A;
	2B8E : 2A;
	2B8F : 2A;
	2B90 : 2A;
	2B91 : 2A;
	2B92 : 2A;
	2B93 : 2A;
	2B94 : 2A;
	2B95 : 29;
	2B96 : 29;
	2B97 : 29;
	2B98 : 29;
	2B99 : 29;
	2B9A : 28;
	2B9B : 28;
	2B9C : 28;
	2B9D : 28;
	2B9E : 27;
	2B9F : 26;
	2BA0 : 26;
	2BA1 : 25;
	2BA2 : 24;
	2BA3 : 23;
	2BA4 : 22;
	2BA5 : 21;
	2BA6 : 20;
	2BA7 : 1E;
	2BA8 : 1C;
	2BA9 : 18;
	2BAA : 10;
	2BAB : 00;
	2BAC : 90;
	2BAD : 98;
	2BAE : 9C;
	2BAF : A0;
	2BB0 : A2;
	2BB1 : A6;
	2BB2 : A9;
	2BB3 : AB;
	2BB4 : AD;
	2BB5 : AF;
	2BB6 : B0;
	2BB7 : B2;
	2BB8 : B2;
	2BB9 : B4;
	2BBA : B6;
	2BBB : B8;
	2BBC : B9;
	2BBD : BA;
	2BBE : BB;
	2BBF : BC;
	2BC0 : BD;
	2BC1 : BF;
	2BC2 : C1;
	2BC3 : C2;
	2BC4 : C3;
	2BC5 : C4;
	2BC6 : C5;
	2BC7 : C6;
	2BC8 : C7;
	2BC9 : C8;
	2BCA : C9;
	2BCB : CA;
	2BCC : CB;
	2BCD : CC;
	2BCE : CD;
	2BCF : CE;
	2BD0 : CF;
	2BD1 : D1;
	2BD2 : D2;
	2BD3 : D3;
	2BD4 : D4;
	2BD5 : D5;
	2BD6 : D6;
	2BD7 : D7;
	2BD8 : D8;
	2BD9 : D9;
	2BDA : DA;
	2BDB : DB;
	2BDC : DC;
	2BDD : DD;
	2BDE : DE;
	2BDF : DF;
	2BE0 : E0;
	2BE1 : E1;
	2BE2 : E2;
	2BE3 : E3;
	2BE4 : E4;
	2BE5 : E5;
	2BE6 : E6;
	2BE7 : E7;
	2BE8 : E8;
	2BE9 : E9;
	2BEA : EA;
	2BEB : EB;
	2BEC : EC;
	2BED : ED;
	2BEE : EE;
	2BEF : EF;
	2BF0 : F0;
	2BF1 : F1;
	2BF2 : F2;
	2BF3 : F3;
	2BF4 : F4;
	2BF5 : F5;
	2BF6 : F6;
	2BF7 : F7;
	2BF8 : F8;
	2BF9 : F9;
	2BFA : FA;
	2BFB : FB;
	2BFC : FC;
	2BFD : FD;
	2BFE : FE;
	2BFF : 7F;
	2C00 : 2C;
	2C01 : 2C;
	2C02 : 2C;
	2C03 : 2C;
	2C04 : 2C;
	2C05 : 2C;
	2C06 : 2C;
	2C07 : 2C;
	2C08 : 2C;
	2C09 : 2D;
	2C0A : 2D;
	2C0B : 2D;
	2C0C : 2D;
	2C0D : 2D;
	2C0E : 2D;
	2C0F : 2D;
	2C10 : 2D;
	2C11 : 2D;
	2C12 : 2D;
	2C13 : 2D;
	2C14 : 2E;
	2C15 : 2E;
	2C16 : 2E;
	2C17 : 2E;
	2C18 : 2E;
	2C19 : 2E;
	2C1A : 2E;
	2C1B : 2F;
	2C1C : 2F;
	2C1D : 2F;
	2C1E : 30;
	2C1F : 30;
	2C20 : 30;
	2C21 : 30;
	2C22 : 30;
	2C23 : 31;
	2C24 : 31;
	2C25 : 31;
	2C26 : 32;
	2C27 : 32;
	2C28 : 32;
	2C29 : 32;
	2C2A : 33;
	2C2B : 34;
	2C2C : 34;
	2C2D : 34;
	2C2E : 35;
	2C2F : 36;
	2C30 : 36;
	2C31 : 37;
	2C32 : 38;
	2C33 : 38;
	2C34 : 39;
	2C35 : 3A;
	2C36 : 3A;
	2C37 : 3A;
	2C38 : 3B;
	2C39 : 3C;
	2C3A : 3D;
	2C3B : 3E;
	2C3C : 3F;
	2C3D : 40;
	2C3E : 40;
	2C3F : 41;
	2C40 : 42;
	2C41 : 42;
	2C42 : 44;
	2C43 : 44;
	2C44 : 46;
	2C45 : 46;
	2C46 : 48;
	2C47 : 48;
	2C48 : 49;
	2C49 : 4A;
	2C4A : 4B;
	2C4B : 4C;
	2C4C : 4D;
	2C4D : 4E;
	2C4E : 4F;
	2C4F : 50;
	2C50 : 50;
	2C51 : 51;
	2C52 : 52;
	2C53 : 53;
	2C54 : 54;
	2C55 : 55;
	2C56 : 56;
	2C57 : 57;
	2C58 : 58;
	2C59 : 59;
	2C5A : 5A;
	2C5B : 5B;
	2C5C : 5C;
	2C5D : 5D;
	2C5E : 5E;
	2C5F : 5F;
	2C60 : 60;
	2C61 : 61;
	2C62 : 62;
	2C63 : 63;
	2C64 : 64;
	2C65 : 65;
	2C66 : 66;
	2C67 : 67;
	2C68 : 68;
	2C69 : 69;
	2C6A : 6A;
	2C6B : 6B;
	2C6C : 6C;
	2C6D : 6D;
	2C6E : 6E;
	2C6F : 6F;
	2C70 : 70;
	2C71 : 71;
	2C72 : 72;
	2C73 : 73;
	2C74 : 74;
	2C75 : 75;
	2C76 : 76;
	2C77 : 77;
	2C78 : 78;
	2C79 : 79;
	2C7A : 7A;
	2C7B : 7B;
	2C7C : 7C;
	2C7D : 7D;
	2C7E : 7E;
	2C7F : 7F;
	2C80 : 2C;
	2C81 : 2C;
	2C82 : 2C;
	2C83 : 2C;
	2C84 : 2C;
	2C85 : 2C;
	2C86 : 2C;
	2C87 : 2C;
	2C88 : 2C;
	2C89 : 2B;
	2C8A : 2B;
	2C8B : 2B;
	2C8C : 2B;
	2C8D : 2B;
	2C8E : 2B;
	2C8F : 2B;
	2C90 : 2B;
	2C91 : 2B;
	2C92 : 2B;
	2C93 : 2B;
	2C94 : 2A;
	2C95 : 2A;
	2C96 : 2A;
	2C97 : 2A;
	2C98 : 2A;
	2C99 : 2A;
	2C9A : 2A;
	2C9B : 29;
	2C9C : 29;
	2C9D : 29;
	2C9E : 28;
	2C9F : 28;
	2CA0 : 28;
	2CA1 : 27;
	2CA2 : 26;
	2CA3 : 25;
	2CA4 : 24;
	2CA5 : 23;
	2CA6 : 22;
	2CA7 : 21;
	2CA8 : 20;
	2CA9 : 1C;
	2CAA : 18;
	2CAB : 10;
	2CAC : 00;
	2CAD : 90;
	2CAE : 98;
	2CAF : 9C;
	2CB0 : A0;
	2CB1 : A4;
	2CB2 : A8;
	2CB3 : AA;
	2CB4 : AC;
	2CB5 : AE;
	2CB6 : B0;
	2CB7 : B1;
	2CB8 : B2;
	2CB9 : B4;
	2CBA : B6;
	2CBB : B8;
	2CBC : B9;
	2CBD : BA;
	2CBE : BB;
	2CBF : BC;
	2CC0 : BD;
	2CC1 : BF;
	2CC2 : C0;
	2CC3 : C2;
	2CC4 : C2;
	2CC5 : C4;
	2CC6 : C4;
	2CC7 : C6;
	2CC8 : C6;
	2CC9 : C8;
	2CCA : C9;
	2CCB : CA;
	2CCC : CB;
	2CCD : CC;
	2CCE : CD;
	2CCF : CE;
	2CD0 : CF;
	2CD1 : D1;
	2CD2 : D2;
	2CD3 : D3;
	2CD4 : D4;
	2CD5 : D5;
	2CD6 : D6;
	2CD7 : D7;
	2CD8 : D8;
	2CD9 : D9;
	2CDA : DA;
	2CDB : DB;
	2CDC : DC;
	2CDD : DD;
	2CDE : DE;
	2CDF : DF;
	2CE0 : E0;
	2CE1 : E1;
	2CE2 : E2;
	2CE3 : E3;
	2CE4 : E4;
	2CE5 : E5;
	2CE6 : E6;
	2CE7 : E7;
	2CE8 : E8;
	2CE9 : E9;
	2CEA : EA;
	2CEB : EB;
	2CEC : EC;
	2CED : ED;
	2CEE : EE;
	2CEF : EF;
	2CF0 : F0;
	2CF1 : F1;
	2CF2 : F2;
	2CF3 : F3;
	2CF4 : F4;
	2CF5 : F5;
	2CF6 : F6;
	2CF7 : F7;
	2CF8 : F8;
	2CF9 : F9;
	2CFA : FA;
	2CFB : FB;
	2CFC : FC;
	2CFD : FD;
	2CFE : FE;
	2CFF : 7F;
	2D00 : 2D;
	2D01 : 2D;
	2D02 : 2D;
	2D03 : 2D;
	2D04 : 2D;
	2D05 : 2D;
	2D06 : 2D;
	2D07 : 2D;
	2D08 : 2E;
	2D09 : 2E;
	2D0A : 2E;
	2D0B : 2E;
	2D0C : 2E;
	2D0D : 2E;
	2D0E : 2E;
	2D0F : 2E;
	2D10 : 2E;
	2D11 : 2E;
	2D12 : 2E;
	2D13 : 2E;
	2D14 : 2E;
	2D15 : 2F;
	2D16 : 2F;
	2D17 : 2F;
	2D18 : 2F;
	2D19 : 2F;
	2D1A : 30;
	2D1B : 30;
	2D1C : 30;
	2D1D : 30;
	2D1E : 30;
	2D1F : 30;
	2D20 : 30;
	2D21 : 31;
	2D22 : 31;
	2D23 : 31;
	2D24 : 32;
	2D25 : 32;
	2D26 : 32;
	2D27 : 32;
	2D28 : 32;
	2D29 : 33;
	2D2A : 34;
	2D2B : 34;
	2D2C : 34;
	2D2D : 35;
	2D2E : 36;
	2D2F : 36;
	2D30 : 36;
	2D31 : 38;
	2D32 : 38;
	2D33 : 39;
	2D34 : 39;
	2D35 : 3A;
	2D36 : 3A;
	2D37 : 3B;
	2D38 : 3B;
	2D39 : 3C;
	2D3A : 3D;
	2D3B : 3E;
	2D3C : 3F;
	2D3D : 40;
	2D3E : 41;
	2D3F : 41;
	2D40 : 42;
	2D41 : 43;
	2D42 : 44;
	2D43 : 45;
	2D44 : 46;
	2D45 : 47;
	2D46 : 48;
	2D47 : 48;
	2D48 : 49;
	2D49 : 4A;
	2D4A : 4B;
	2D4B : 4C;
	2D4C : 4D;
	2D4D : 4E;
	2D4E : 4F;
	2D4F : 50;
	2D50 : 50;
	2D51 : 51;
	2D52 : 52;
	2D53 : 53;
	2D54 : 54;
	2D55 : 55;
	2D56 : 56;
	2D57 : 57;
	2D58 : 58;
	2D59 : 59;
	2D5A : 5A;
	2D5B : 5B;
	2D5C : 5C;
	2D5D : 5D;
	2D5E : 5E;
	2D5F : 5F;
	2D60 : 60;
	2D61 : 61;
	2D62 : 62;
	2D63 : 63;
	2D64 : 64;
	2D65 : 65;
	2D66 : 66;
	2D67 : 67;
	2D68 : 68;
	2D69 : 69;
	2D6A : 6A;
	2D6B : 6B;
	2D6C : 6C;
	2D6D : 6D;
	2D6E : 6E;
	2D6F : 6F;
	2D70 : 70;
	2D71 : 71;
	2D72 : 72;
	2D73 : 73;
	2D74 : 74;
	2D75 : 75;
	2D76 : 76;
	2D77 : 77;
	2D78 : 78;
	2D79 : 79;
	2D7A : 7A;
	2D7B : 7B;
	2D7C : 7C;
	2D7D : 7D;
	2D7E : 7E;
	2D7F : 7F;
	2D80 : 2D;
	2D81 : 2D;
	2D82 : 2D;
	2D83 : 2D;
	2D84 : 2D;
	2D85 : 2D;
	2D86 : 2D;
	2D87 : 2D;
	2D88 : 2C;
	2D89 : 2C;
	2D8A : 2C;
	2D8B : 2C;
	2D8C : 2C;
	2D8D : 2C;
	2D8E : 2C;
	2D8F : 2C;
	2D90 : 2C;
	2D91 : 2C;
	2D92 : 2C;
	2D93 : 2C;
	2D94 : 2C;
	2D95 : 2B;
	2D96 : 2B;
	2D97 : 2B;
	2D98 : 2B;
	2D99 : 2B;
	2D9A : 2A;
	2D9B : 2A;
	2D9C : 2A;
	2D9D : 2A;
	2D9E : 2A;
	2D9F : 29;
	2DA0 : 29;
	2DA1 : 28;
	2DA2 : 28;
	2DA3 : 27;
	2DA4 : 26;
	2DA5 : 25;
	2DA6 : 24;
	2DA7 : 23;
	2DA8 : 22;
	2DA9 : 20;
	2DAA : 1C;
	2DAB : 18;
	2DAC : 10;
	2DAD : 00;
	2DAE : 90;
	2DAF : 98;
	2DB0 : 9C;
	2DB1 : A2;
	2DB2 : A6;
	2DB3 : A9;
	2DB4 : AB;
	2DB5 : AD;
	2DB6 : AF;
	2DB7 : B0;
	2DB8 : B2;
	2DB9 : B4;
	2DBA : B6;
	2DBB : B8;
	2DBC : B9;
	2DBD : BA;
	2DBE : BB;
	2DBF : BC;
	2DC0 : BD;
	2DC1 : BF;
	2DC2 : C0;
	2DC3 : C1;
	2DC4 : C2;
	2DC5 : C3;
	2DC6 : C4;
	2DC7 : C5;
	2DC8 : C6;
	2DC9 : C8;
	2DCA : C9;
	2DCB : CA;
	2DCC : CB;
	2DCD : CC;
	2DCE : CD;
	2DCF : CE;
	2DD0 : CF;
	2DD1 : D1;
	2DD2 : D2;
	2DD3 : D3;
	2DD4 : D4;
	2DD5 : D5;
	2DD6 : D6;
	2DD7 : D7;
	2DD8 : D8;
	2DD9 : D9;
	2DDA : DA;
	2DDB : DB;
	2DDC : DC;
	2DDD : DD;
	2DDE : DE;
	2DDF : DF;
	2DE0 : E0;
	2DE1 : E1;
	2DE2 : E2;
	2DE3 : E3;
	2DE4 : E4;
	2DE5 : E5;
	2DE6 : E6;
	2DE7 : E7;
	2DE8 : E8;
	2DE9 : E9;
	2DEA : EA;
	2DEB : EB;
	2DEC : EC;
	2DED : ED;
	2DEE : EE;
	2DEF : EF;
	2DF0 : F0;
	2DF1 : F1;
	2DF2 : F2;
	2DF3 : F3;
	2DF4 : F4;
	2DF5 : F5;
	2DF6 : F6;
	2DF7 : F7;
	2DF8 : F8;
	2DF9 : F9;
	2DFA : FA;
	2DFB : FB;
	2DFC : FC;
	2DFD : FD;
	2DFE : FE;
	2DFF : 7F;
	2E00 : 2E;
	2E01 : 2E;
	2E02 : 2E;
	2E03 : 2E;
	2E04 : 2E;
	2E05 : 2E;
	2E06 : 2E;
	2E07 : 2E;
	2E08 : 2E;
	2E09 : 2F;
	2E0A : 2F;
	2E0B : 2F;
	2E0C : 2F;
	2E0D : 2F;
	2E0E : 2F;
	2E0F : 2F;
	2E10 : 2F;
	2E11 : 2F;
	2E12 : 2F;
	2E13 : 2F;
	2E14 : 30;
	2E15 : 30;
	2E16 : 30;
	2E17 : 30;
	2E18 : 30;
	2E19 : 30;
	2E1A : 30;
	2E1B : 30;
	2E1C : 30;
	2E1D : 31;
	2E1E : 31;
	2E1F : 31;
	2E20 : 31;
	2E21 : 31;
	2E22 : 32;
	2E23 : 32;
	2E24 : 32;
	2E25 : 32;
	2E26 : 32;
	2E27 : 33;
	2E28 : 33;
	2E29 : 34;
	2E2A : 34;
	2E2B : 34;
	2E2C : 35;
	2E2D : 36;
	2E2E : 36;
	2E2F : 36;
	2E30 : 37;
	2E31 : 38;
	2E32 : 38;
	2E33 : 39;
	2E34 : 3A;
	2E35 : 3A;
	2E36 : 3A;
	2E37 : 3B;
	2E38 : 3C;
	2E39 : 3C;
	2E3A : 3E;
	2E3B : 3E;
	2E3C : 40;
	2E3D : 40;
	2E3E : 41;
	2E3F : 41;
	2E40 : 42;
	2E41 : 43;
	2E42 : 44;
	2E43 : 45;
	2E44 : 46;
	2E45 : 47;
	2E46 : 48;
	2E47 : 48;
	2E48 : 49;
	2E49 : 4A;
	2E4A : 4B;
	2E4B : 4C;
	2E4C : 4D;
	2E4D : 4E;
	2E4E : 4F;
	2E4F : 50;
	2E50 : 50;
	2E51 : 51;
	2E52 : 52;
	2E53 : 53;
	2E54 : 54;
	2E55 : 55;
	2E56 : 56;
	2E57 : 57;
	2E58 : 58;
	2E59 : 59;
	2E5A : 5A;
	2E5B : 5B;
	2E5C : 5C;
	2E5D : 5D;
	2E5E : 5E;
	2E5F : 5F;
	2E60 : 60;
	2E61 : 61;
	2E62 : 62;
	2E63 : 63;
	2E64 : 64;
	2E65 : 65;
	2E66 : 66;
	2E67 : 67;
	2E68 : 68;
	2E69 : 69;
	2E6A : 6A;
	2E6B : 6B;
	2E6C : 6C;
	2E6D : 6D;
	2E6E : 6E;
	2E6F : 6F;
	2E70 : 70;
	2E71 : 71;
	2E72 : 72;
	2E73 : 73;
	2E74 : 74;
	2E75 : 75;
	2E76 : 76;
	2E77 : 77;
	2E78 : 78;
	2E79 : 79;
	2E7A : 7A;
	2E7B : 7B;
	2E7C : 7C;
	2E7D : 7D;
	2E7E : 7E;
	2E7F : 7F;
	2E80 : 2E;
	2E81 : 2E;
	2E82 : 2E;
	2E83 : 2E;
	2E84 : 2E;
	2E85 : 2E;
	2E86 : 2E;
	2E87 : 2E;
	2E88 : 2E;
	2E89 : 2D;
	2E8A : 2D;
	2E8B : 2D;
	2E8C : 2D;
	2E8D : 2D;
	2E8E : 2D;
	2E8F : 2D;
	2E90 : 2D;
	2E91 : 2D;
	2E92 : 2D;
	2E93 : 2D;
	2E94 : 2C;
	2E95 : 2C;
	2E96 : 2C;
	2E97 : 2C;
	2E98 : 2C;
	2E99 : 2C;
	2E9A : 2C;
	2E9B : 2B;
	2E9C : 2B;
	2E9D : 2B;
	2E9E : 2A;
	2E9F : 2A;
	2EA0 : 2A;
	2EA1 : 2A;
	2EA2 : 29;
	2EA3 : 28;
	2EA4 : 28;
	2EA5 : 27;
	2EA6 : 26;
	2EA7 : 25;
	2EA8 : 24;
	2EA9 : 22;
	2EAA : 20;
	2EAB : 1C;
	2EAC : 18;
	2EAD : 10;
	2EAE : 00;
	2EAF : 90;
	2EB0 : 98;
	2EB1 : A0;
	2EB2 : A4;
	2EB3 : A8;
	2EB4 : AA;
	2EB5 : AC;
	2EB6 : AE;
	2EB7 : B0;
	2EB8 : B1;
	2EB9 : B3;
	2EBA : B5;
	2EBB : B7;
	2EBC : B8;
	2EBD : BA;
	2EBE : BA;
	2EBF : BC;
	2EC0 : BC;
	2EC1 : BE;
	2EC2 : C0;
	2EC3 : C1;
	2EC4 : C2;
	2EC5 : C3;
	2EC6 : C4;
	2EC7 : C5;
	2EC8 : C6;
	2EC9 : C8;
	2ECA : C9;
	2ECB : CA;
	2ECC : CB;
	2ECD : CC;
	2ECE : CD;
	2ECF : CE;
	2ED0 : CF;
	2ED1 : D1;
	2ED2 : D2;
	2ED3 : D3;
	2ED4 : D4;
	2ED5 : D5;
	2ED6 : D6;
	2ED7 : D7;
	2ED8 : D8;
	2ED9 : D9;
	2EDA : DA;
	2EDB : DB;
	2EDC : DC;
	2EDD : DD;
	2EDE : DE;
	2EDF : DF;
	2EE0 : E0;
	2EE1 : E1;
	2EE2 : E2;
	2EE3 : E3;
	2EE4 : E4;
	2EE5 : E5;
	2EE6 : E6;
	2EE7 : E7;
	2EE8 : E8;
	2EE9 : E9;
	2EEA : EA;
	2EEB : EB;
	2EEC : EC;
	2EED : ED;
	2EEE : EE;
	2EEF : EF;
	2EF0 : F0;
	2EF1 : F1;
	2EF2 : F2;
	2EF3 : F3;
	2EF4 : F4;
	2EF5 : F5;
	2EF6 : F6;
	2EF7 : F7;
	2EF8 : F8;
	2EF9 : F9;
	2EFA : FA;
	2EFB : FB;
	2EFC : FC;
	2EFD : FD;
	2EFE : FE;
	2EFF : 7F;
	2F00 : 2F;
	2F01 : 2F;
	2F02 : 2F;
	2F03 : 2F;
	2F04 : 2F;
	2F05 : 2F;
	2F06 : 2F;
	2F07 : 2F;
	2F08 : 30;
	2F09 : 30;
	2F0A : 30;
	2F0B : 30;
	2F0C : 30;
	2F0D : 30;
	2F0E : 30;
	2F0F : 30;
	2F10 : 30;
	2F11 : 30;
	2F12 : 30;
	2F13 : 30;
	2F14 : 30;
	2F15 : 30;
	2F16 : 30;
	2F17 : 30;
	2F18 : 30;
	2F19 : 31;
	2F1A : 31;
	2F1B : 31;
	2F1C : 31;
	2F1D : 31;
	2F1E : 31;
	2F1F : 31;
	2F20 : 32;
	2F21 : 32;
	2F22 : 32;
	2F23 : 32;
	2F24 : 32;
	2F25 : 33;
	2F26 : 33;
	2F27 : 33;
	2F28 : 34;
	2F29 : 34;
	2F2A : 34;
	2F2B : 35;
	2F2C : 36;
	2F2D : 36;
	2F2E : 36;
	2F2F : 37;
	2F30 : 38;
	2F31 : 38;
	2F32 : 39;
	2F33 : 39;
	2F34 : 3A;
	2F35 : 3A;
	2F36 : 3B;
	2F37 : 3B;
	2F38 : 3C;
	2F39 : 3D;
	2F3A : 3E;
	2F3B : 3F;
	2F3C : 40;
	2F3D : 40;
	2F3E : 41;
	2F3F : 41;
	2F40 : 42;
	2F41 : 43;
	2F42 : 44;
	2F43 : 45;
	2F44 : 46;
	2F45 : 47;
	2F46 : 48;
	2F47 : 48;
	2F48 : 49;
	2F49 : 4A;
	2F4A : 4B;
	2F4B : 4C;
	2F4C : 4D;
	2F4D : 4E;
	2F4E : 4F;
	2F4F : 50;
	2F50 : 50;
	2F51 : 51;
	2F52 : 52;
	2F53 : 53;
	2F54 : 54;
	2F55 : 55;
	2F56 : 56;
	2F57 : 57;
	2F58 : 58;
	2F59 : 59;
	2F5A : 5A;
	2F5B : 5B;
	2F5C : 5C;
	2F5D : 5D;
	2F5E : 5E;
	2F5F : 5F;
	2F60 : 60;
	2F61 : 61;
	2F62 : 62;
	2F63 : 63;
	2F64 : 64;
	2F65 : 65;
	2F66 : 66;
	2F67 : 67;
	2F68 : 68;
	2F69 : 69;
	2F6A : 6A;
	2F6B : 6B;
	2F6C : 6C;
	2F6D : 6D;
	2F6E : 6E;
	2F6F : 6F;
	2F70 : 70;
	2F71 : 71;
	2F72 : 72;
	2F73 : 73;
	2F74 : 74;
	2F75 : 75;
	2F76 : 76;
	2F77 : 77;
	2F78 : 78;
	2F79 : 79;
	2F7A : 7A;
	2F7B : 7B;
	2F7C : 7C;
	2F7D : 7D;
	2F7E : 7E;
	2F7F : 7F;
	2F80 : 2F;
	2F81 : 2F;
	2F82 : 2F;
	2F83 : 2F;
	2F84 : 2F;
	2F85 : 2F;
	2F86 : 2F;
	2F87 : 2F;
	2F88 : 2E;
	2F89 : 2E;
	2F8A : 2E;
	2F8B : 2E;
	2F8C : 2E;
	2F8D : 2E;
	2F8E : 2E;
	2F8F : 2E;
	2F90 : 2E;
	2F91 : 2E;
	2F92 : 2E;
	2F93 : 2E;
	2F94 : 2E;
	2F95 : 2D;
	2F96 : 2D;
	2F97 : 2D;
	2F98 : 2D;
	2F99 : 2D;
	2F9A : 2C;
	2F9B : 2C;
	2F9C : 2C;
	2F9D : 2C;
	2F9E : 2C;
	2F9F : 2B;
	2FA0 : 2B;
	2FA1 : 2A;
	2FA2 : 2A;
	2FA3 : 2A;
	2FA4 : 29;
	2FA5 : 28;
	2FA6 : 28;
	2FA7 : 27;
	2FA8 : 26;
	2FA9 : 24;
	2FAA : 22;
	2FAB : 20;
	2FAC : 1C;
	2FAD : 18;
	2FAE : 10;
	2FAF : 00;
	2FB0 : 90;
	2FB1 : 9C;
	2FB2 : A2;
	2FB3 : A6;
	2FB4 : A9;
	2FB5 : AB;
	2FB6 : AD;
	2FB7 : AF;
	2FB8 : B0;
	2FB9 : B2;
	2FBA : B4;
	2FBB : B6;
	2FBC : B8;
	2FBD : B9;
	2FBE : BA;
	2FBF : BB;
	2FC0 : BC;
	2FC1 : BE;
	2FC2 : C0;
	2FC3 : C1;
	2FC4 : C2;
	2FC5 : C3;
	2FC6 : C4;
	2FC7 : C5;
	2FC8 : C6;
	2FC9 : C8;
	2FCA : C9;
	2FCB : CA;
	2FCC : CB;
	2FCD : CC;
	2FCE : CD;
	2FCF : CE;
	2FD0 : CF;
	2FD1 : D1;
	2FD2 : D2;
	2FD3 : D3;
	2FD4 : D4;
	2FD5 : D5;
	2FD6 : D6;
	2FD7 : D7;
	2FD8 : D8;
	2FD9 : D9;
	2FDA : DA;
	2FDB : DB;
	2FDC : DC;
	2FDD : DD;
	2FDE : DE;
	2FDF : DF;
	2FE0 : E0;
	2FE1 : E1;
	2FE2 : E2;
	2FE3 : E3;
	2FE4 : E4;
	2FE5 : E5;
	2FE6 : E6;
	2FE7 : E7;
	2FE8 : E8;
	2FE9 : E9;
	2FEA : EA;
	2FEB : EB;
	2FEC : EC;
	2FED : ED;
	2FEE : EE;
	2FEF : EF;
	2FF0 : F0;
	2FF1 : F1;
	2FF2 : F2;
	2FF3 : F3;
	2FF4 : F4;
	2FF5 : F5;
	2FF6 : F6;
	2FF7 : F7;
	2FF8 : F8;
	2FF9 : F9;
	2FFA : FA;
	2FFB : FB;
	2FFC : FC;
	2FFD : FD;
	2FFE : FE;
	2FFF : 7F;
	3000 : 30;
	3001 : 30;
	3002 : 30;
	3003 : 30;
	3004 : 30;
	3005 : 30;
	3006 : 30;
	3007 : 30;
	3008 : 30;
	3009 : 30;
	300A : 30;
	300B : 30;
	300C : 30;
	300D : 30;
	300E : 30;
	300F : 30;
	3010 : 30;
	3011 : 31;
	3012 : 31;
	3013 : 31;
	3014 : 31;
	3015 : 31;
	3016 : 31;
	3017 : 31;
	3018 : 31;
	3019 : 31;
	301A : 31;
	301B : 31;
	301C : 32;
	301D : 32;
	301E : 32;
	301F : 32;
	3020 : 32;
	3021 : 32;
	3022 : 32;
	3023 : 33;
	3024 : 33;
	3025 : 33;
	3026 : 34;
	3027 : 34;
	3028 : 34;
	3029 : 34;
	302A : 35;
	302B : 36;
	302C : 36;
	302D : 36;
	302E : 37;
	302F : 38;
	3030 : 38;
	3031 : 38;
	3032 : 39;
	3033 : 3A;
	3034 : 3A;
	3035 : 3A;
	3036 : 3B;
	3037 : 3C;
	3038 : 3C;
	3039 : 3D;
	303A : 3E;
	303B : 3F;
	303C : 40;
	303D : 40;
	303E : 41;
	303F : 42;
	3040 : 42;
	3041 : 43;
	3042 : 44;
	3043 : 45;
	3044 : 46;
	3045 : 47;
	3046 : 48;
	3047 : 48;
	3048 : 49;
	3049 : 4A;
	304A : 4B;
	304B : 4C;
	304C : 4D;
	304D : 4E;
	304E : 4F;
	304F : 50;
	3050 : 50;
	3051 : 52;
	3052 : 52;
	3053 : 54;
	3054 : 54;
	3055 : 56;
	3056 : 56;
	3057 : 58;
	3058 : 58;
	3059 : 59;
	305A : 5A;
	305B : 5B;
	305C : 5C;
	305D : 5D;
	305E : 5E;
	305F : 5F;
	3060 : 60;
	3061 : 61;
	3062 : 62;
	3063 : 63;
	3064 : 64;
	3065 : 65;
	3066 : 66;
	3067 : 67;
	3068 : 68;
	3069 : 69;
	306A : 6A;
	306B : 6B;
	306C : 6C;
	306D : 6D;
	306E : 6E;
	306F : 6F;
	3070 : 70;
	3071 : 71;
	3072 : 72;
	3073 : 73;
	3074 : 74;
	3075 : 75;
	3076 : 76;
	3077 : 77;
	3078 : 78;
	3079 : 79;
	307A : 7A;
	307B : 7B;
	307C : 7C;
	307D : 7D;
	307E : 7E;
	307F : 7F;
	3080 : 30;
	3081 : 30;
	3082 : 30;
	3083 : 30;
	3084 : 30;
	3085 : 30;
	3086 : 30;
	3087 : 30;
	3088 : 30;
	3089 : 2F;
	308A : 2F;
	308B : 2F;
	308C : 2F;
	308D : 2F;
	308E : 2F;
	308F : 2F;
	3090 : 2F;
	3091 : 2F;
	3092 : 2F;
	3093 : 2F;
	3094 : 2E;
	3095 : 2E;
	3096 : 2E;
	3097 : 2E;
	3098 : 2E;
	3099 : 2E;
	309A : 2E;
	309B : 2D;
	309C : 2D;
	309D : 2D;
	309E : 2C;
	309F : 2C;
	30A0 : 2C;
	30A1 : 2C;
	30A2 : 2B;
	30A3 : 2A;
	30A4 : 2A;
	30A5 : 2A;
	30A6 : 29;
	30A7 : 28;
	30A8 : 28;
	30A9 : 26;
	30AA : 24;
	30AB : 22;
	30AC : 20;
	30AD : 1C;
	30AE : 18;
	30AF : 10;
	30B0 : 00;
	30B1 : 98;
	30B2 : A0;
	30B3 : A4;
	30B4 : A8;
	30B5 : AA;
	30B6 : AC;
	30B7 : AE;
	30B8 : B0;
	30B9 : B2;
	30BA : B4;
	30BB : B6;
	30BC : B8;
	30BD : B9;
	30BE : BA;
	30BF : BB;
	30C0 : BC;
	30C1 : BE;
	30C2 : C0;
	30C3 : C1;
	30C4 : C2;
	30C5 : C3;
	30C6 : C4;
	30C7 : C5;
	30C8 : C6;
	30C9 : C8;
	30CA : C9;
	30CB : CA;
	30CC : CB;
	30CD : CC;
	30CE : CD;
	30CF : CE;
	30D0 : CF;
	30D1 : D0;
	30D2 : D2;
	30D3 : D2;
	30D4 : D4;
	30D5 : D4;
	30D6 : D6;
	30D7 : D6;
	30D8 : D8;
	30D9 : D9;
	30DA : DA;
	30DB : DB;
	30DC : DC;
	30DD : DD;
	30DE : DE;
	30DF : DF;
	30E0 : E0;
	30E1 : E1;
	30E2 : E2;
	30E3 : E3;
	30E4 : E4;
	30E5 : E5;
	30E6 : E6;
	30E7 : E7;
	30E8 : E8;
	30E9 : E9;
	30EA : EA;
	30EB : EB;
	30EC : EC;
	30ED : ED;
	30EE : EE;
	30EF : EF;
	30F0 : F0;
	30F1 : F1;
	30F2 : F2;
	30F3 : F3;
	30F4 : F4;
	30F5 : F5;
	30F6 : F6;
	30F7 : F7;
	30F8 : F8;
	30F9 : F9;
	30FA : FA;
	30FB : FB;
	30FC : FC;
	30FD : FD;
	30FE : FE;
	30FF : 7F;
	3100 : 31;
	3101 : 31;
	3102 : 31;
	3103 : 31;
	3104 : 31;
	3105 : 31;
	3106 : 31;
	3107 : 31;
	3108 : 31;
	3109 : 31;
	310A : 31;
	310B : 31;
	310C : 31;
	310D : 31;
	310E : 31;
	310F : 31;
	3110 : 32;
	3111 : 32;
	3112 : 32;
	3113 : 32;
	3114 : 32;
	3115 : 32;
	3116 : 32;
	3117 : 32;
	3118 : 32;
	3119 : 32;
	311A : 32;
	311B : 32;
	311C : 32;
	311D : 33;
	311E : 33;
	311F : 33;
	3120 : 33;
	3121 : 33;
	3122 : 34;
	3123 : 34;
	3124 : 34;
	3125 : 34;
	3126 : 34;
	3127 : 35;
	3128 : 35;
	3129 : 36;
	312A : 36;
	312B : 36;
	312C : 37;
	312D : 38;
	312E : 38;
	312F : 38;
	3130 : 38;
	3131 : 39;
	3132 : 3A;
	3133 : 3A;
	3134 : 3A;
	3135 : 3B;
	3136 : 3C;
	3137 : 3C;
	3138 : 3C;
	3139 : 3E;
	313A : 3E;
	313B : 40;
	313C : 40;
	313D : 41;
	313E : 41;
	313F : 42;
	3140 : 42;
	3141 : 43;
	3142 : 44;
	3143 : 45;
	3144 : 46;
	3145 : 47;
	3146 : 48;
	3147 : 49;
	3148 : 49;
	3149 : 4A;
	314A : 4B;
	314B : 4C;
	314C : 4D;
	314D : 4E;
	314E : 4F;
	314F : 50;
	3150 : 51;
	3151 : 52;
	3152 : 53;
	3153 : 54;
	3154 : 55;
	3155 : 56;
	3156 : 57;
	3157 : 58;
	3158 : 58;
	3159 : 59;
	315A : 5A;
	315B : 5B;
	315C : 5C;
	315D : 5D;
	315E : 5E;
	315F : 5F;
	3160 : 60;
	3161 : 61;
	3162 : 62;
	3163 : 63;
	3164 : 64;
	3165 : 65;
	3166 : 66;
	3167 : 67;
	3168 : 68;
	3169 : 69;
	316A : 6A;
	316B : 6B;
	316C : 6C;
	316D : 6D;
	316E : 6E;
	316F : 6F;
	3170 : 70;
	3171 : 71;
	3172 : 72;
	3173 : 73;
	3174 : 74;
	3175 : 75;
	3176 : 76;
	3177 : 77;
	3178 : 78;
	3179 : 79;
	317A : 7A;
	317B : 7B;
	317C : 7C;
	317D : 7D;
	317E : 7E;
	317F : 7F;
	3180 : 31;
	3181 : 31;
	3182 : 31;
	3183 : 31;
	3184 : 31;
	3185 : 31;
	3186 : 31;
	3187 : 31;
	3188 : 31;
	3189 : 31;
	318A : 31;
	318B : 31;
	318C : 31;
	318D : 31;
	318E : 31;
	318F : 31;
	3190 : 30;
	3191 : 30;
	3192 : 30;
	3193 : 30;
	3194 : 30;
	3195 : 30;
	3196 : 30;
	3197 : 30;
	3198 : 30;
	3199 : 30;
	319A : 30;
	319B : 2F;
	319C : 2F;
	319D : 2F;
	319E : 2E;
	319F : 2E;
	31A0 : 2E;
	31A1 : 2E;
	31A2 : 2D;
	31A3 : 2C;
	31A4 : 2C;
	31A5 : 2C;
	31A6 : 2B;
	31A7 : 2A;
	31A8 : 2A;
	31A9 : 29;
	31AA : 28;
	31AB : 26;
	31AC : 24;
	31AD : 22;
	31AE : 20;
	31AF : 1C;
	31B0 : 18;
	31B1 : 00;
	31B2 : 98;
	31B3 : A0;
	31B4 : A4;
	31B5 : A8;
	31B6 : AA;
	31B7 : AC;
	31B8 : AE;
	31B9 : B1;
	31BA : B3;
	31BB : B5;
	31BC : B7;
	31BD : B8;
	31BE : BA;
	31BF : BA;
	31C0 : BC;
	31C1 : BE;
	31C2 : C0;
	31C3 : C1;
	31C4 : C2;
	31C5 : C3;
	31C6 : C4;
	31C7 : C5;
	31C8 : C6;
	31C9 : C8;
	31CA : C9;
	31CB : CA;
	31CC : CB;
	31CD : CC;
	31CE : CD;
	31CF : CE;
	31D0 : CF;
	31D1 : D0;
	31D2 : D1;
	31D3 : D2;
	31D4 : D3;
	31D5 : D4;
	31D6 : D5;
	31D7 : D6;
	31D8 : D7;
	31D9 : D9;
	31DA : DA;
	31DB : DB;
	31DC : DC;
	31DD : DD;
	31DE : DE;
	31DF : DF;
	31E0 : E0;
	31E1 : E1;
	31E2 : E2;
	31E3 : E3;
	31E4 : E4;
	31E5 : E5;
	31E6 : E6;
	31E7 : E7;
	31E8 : E8;
	31E9 : E9;
	31EA : EA;
	31EB : EB;
	31EC : EC;
	31ED : ED;
	31EE : EE;
	31EF : EF;
	31F0 : F0;
	31F1 : F1;
	31F2 : F2;
	31F3 : F3;
	31F4 : F4;
	31F5 : F5;
	31F6 : F6;
	31F7 : F7;
	31F8 : F8;
	31F9 : F9;
	31FA : FA;
	31FB : FB;
	31FC : FC;
	31FD : FD;
	31FE : FE;
	31FF : 7F;
	3200 : 32;
	3201 : 32;
	3202 : 32;
	3203 : 32;
	3204 : 32;
	3205 : 32;
	3206 : 32;
	3207 : 32;
	3208 : 32;
	3209 : 32;
	320A : 32;
	320B : 32;
	320C : 32;
	320D : 32;
	320E : 32;
	320F : 32;
	3210 : 32;
	3211 : 33;
	3212 : 33;
	3213 : 33;
	3214 : 33;
	3215 : 33;
	3216 : 33;
	3217 : 33;
	3218 : 33;
	3219 : 33;
	321A : 33;
	321B : 33;
	321C : 34;
	321D : 34;
	321E : 34;
	321F : 34;
	3220 : 34;
	3221 : 34;
	3222 : 34;
	3223 : 35;
	3224 : 35;
	3225 : 35;
	3226 : 36;
	3227 : 36;
	3228 : 36;
	3229 : 36;
	322A : 37;
	322B : 38;
	322C : 38;
	322D : 38;
	322E : 38;
	322F : 39;
	3230 : 39;
	3231 : 3A;
	3232 : 3A;
	3233 : 3A;
	3234 : 3B;
	3235 : 3C;
	3236 : 3C;
	3237 : 3C;
	3238 : 3D;
	3239 : 3E;
	323A : 3F;
	323B : 40;
	323C : 40;
	323D : 41;
	323E : 42;
	323F : 42;
	3240 : 42;
	3241 : 44;
	3242 : 44;
	3243 : 46;
	3244 : 46;
	3245 : 48;
	3246 : 48;
	3247 : 49;
	3248 : 49;
	3249 : 4A;
	324A : 4B;
	324B : 4C;
	324C : 4D;
	324D : 4E;
	324E : 4F;
	324F : 50;
	3250 : 51;
	3251 : 52;
	3252 : 53;
	3253 : 54;
	3254 : 55;
	3255 : 56;
	3256 : 57;
	3257 : 58;
	3258 : 58;
	3259 : 59;
	325A : 5A;
	325B : 5B;
	325C : 5C;
	325D : 5D;
	325E : 5E;
	325F : 5F;
	3260 : 60;
	3261 : 61;
	3262 : 62;
	3263 : 63;
	3264 : 64;
	3265 : 65;
	3266 : 66;
	3267 : 67;
	3268 : 68;
	3269 : 69;
	326A : 6A;
	326B : 6B;
	326C : 6C;
	326D : 6D;
	326E : 6E;
	326F : 6F;
	3270 : 70;
	3271 : 71;
	3272 : 72;
	3273 : 73;
	3274 : 74;
	3275 : 75;
	3276 : 76;
	3277 : 77;
	3278 : 78;
	3279 : 79;
	327A : 7A;
	327B : 7B;
	327C : 7C;
	327D : 7D;
	327E : 7E;
	327F : 7F;
	3280 : 32;
	3281 : 32;
	3282 : 32;
	3283 : 32;
	3284 : 32;
	3285 : 32;
	3286 : 32;
	3287 : 32;
	3288 : 32;
	3289 : 32;
	328A : 32;
	328B : 32;
	328C : 32;
	328D : 32;
	328E : 32;
	328F : 32;
	3290 : 32;
	3291 : 31;
	3292 : 31;
	3293 : 31;
	3294 : 31;
	3295 : 31;
	3296 : 31;
	3297 : 31;
	3298 : 31;
	3299 : 31;
	329A : 31;
	329B : 31;
	329C : 30;
	329D : 30;
	329E : 30;
	329F : 30;
	32A0 : 30;
	32A1 : 30;
	32A2 : 2F;
	32A3 : 2E;
	32A4 : 2E;
	32A5 : 2E;
	32A6 : 2D;
	32A7 : 2C;
	32A8 : 2C;
	32A9 : 2B;
	32AA : 2A;
	32AB : 29;
	32AC : 28;
	32AD : 26;
	32AE : 24;
	32AF : 22;
	32B0 : 20;
	32B1 : 18;
	32B2 : 00;
	32B3 : 98;
	32B4 : A0;
	32B5 : A4;
	32B6 : A8;
	32B7 : AA;
	32B8 : AC;
	32B9 : B0;
	32BA : B2;
	32BB : B4;
	32BC : B6;
	32BD : B8;
	32BE : B9;
	32BF : BA;
	32C0 : BB;
	32C1 : BD;
	32C2 : BF;
	32C3 : C0;
	32C4 : C2;
	32C5 : C2;
	32C6 : C4;
	32C7 : C4;
	32C8 : C6;
	32C9 : C8;
	32CA : C9;
	32CB : CA;
	32CC : CB;
	32CD : CC;
	32CE : CD;
	32CF : CE;
	32D0 : CF;
	32D1 : D0;
	32D2 : D1;
	32D3 : D2;
	32D4 : D3;
	32D5 : D4;
	32D6 : D5;
	32D7 : D6;
	32D8 : D7;
	32D9 : D9;
	32DA : DA;
	32DB : DB;
	32DC : DC;
	32DD : DD;
	32DE : DE;
	32DF : DF;
	32E0 : E0;
	32E1 : E1;
	32E2 : E2;
	32E3 : E3;
	32E4 : E4;
	32E5 : E5;
	32E6 : E6;
	32E7 : E7;
	32E8 : E8;
	32E9 : E9;
	32EA : EA;
	32EB : EB;
	32EC : EC;
	32ED : ED;
	32EE : EE;
	32EF : EF;
	32F0 : F0;
	32F1 : F1;
	32F2 : F2;
	32F3 : F3;
	32F4 : F4;
	32F5 : F5;
	32F6 : F6;
	32F7 : F7;
	32F8 : F8;
	32F9 : F9;
	32FA : FA;
	32FB : FB;
	32FC : FC;
	32FD : FD;
	32FE : FE;
	32FF : 7F;
	3300 : 33;
	3301 : 33;
	3302 : 33;
	3303 : 33;
	3304 : 33;
	3305 : 33;
	3306 : 33;
	3307 : 33;
	3308 : 33;
	3309 : 33;
	330A : 33;
	330B : 33;
	330C : 33;
	330D : 33;
	330E : 33;
	330F : 33;
	3310 : 34;
	3311 : 34;
	3312 : 34;
	3313 : 34;
	3314 : 34;
	3315 : 34;
	3316 : 34;
	3317 : 34;
	3318 : 34;
	3319 : 34;
	331A : 34;
	331B : 34;
	331C : 34;
	331D : 35;
	331E : 35;
	331F : 35;
	3320 : 35;
	3321 : 35;
	3322 : 36;
	3323 : 36;
	3324 : 36;
	3325 : 36;
	3326 : 36;
	3327 : 37;
	3328 : 37;
	3329 : 38;
	332A : 38;
	332B : 38;
	332C : 38;
	332D : 39;
	332E : 39;
	332F : 39;
	3330 : 3A;
	3331 : 3A;
	3332 : 3A;
	3333 : 3B;
	3334 : 3C;
	3335 : 3C;
	3336 : 3C;
	3337 : 3D;
	3338 : 3E;
	3339 : 3E;
	333A : 40;
	333B : 40;
	333C : 41;
	333D : 41;
	333E : 42;
	333F : 42;
	3340 : 43;
	3341 : 44;
	3342 : 45;
	3343 : 46;
	3344 : 47;
	3345 : 48;
	3346 : 48;
	3347 : 49;
	3348 : 49;
	3349 : 4A;
	334A : 4B;
	334B : 4C;
	334C : 4D;
	334D : 4E;
	334E : 4F;
	334F : 50;
	3350 : 51;
	3351 : 52;
	3352 : 53;
	3353 : 54;
	3354 : 55;
	3355 : 56;
	3356 : 57;
	3357 : 58;
	3358 : 58;
	3359 : 59;
	335A : 5A;
	335B : 5B;
	335C : 5C;
	335D : 5D;
	335E : 5E;
	335F : 5F;
	3360 : 60;
	3361 : 61;
	3362 : 62;
	3363 : 63;
	3364 : 64;
	3365 : 65;
	3366 : 66;
	3367 : 67;
	3368 : 68;
	3369 : 69;
	336A : 6A;
	336B : 6B;
	336C : 6C;
	336D : 6D;
	336E : 6E;
	336F : 6F;
	3370 : 70;
	3371 : 71;
	3372 : 72;
	3373 : 73;
	3374 : 74;
	3375 : 75;
	3376 : 76;
	3377 : 77;
	3378 : 78;
	3379 : 79;
	337A : 7A;
	337B : 7B;
	337C : 7C;
	337D : 7D;
	337E : 7E;
	337F : 7F;
	3380 : 33;
	3381 : 33;
	3382 : 33;
	3383 : 33;
	3384 : 33;
	3385 : 33;
	3386 : 33;
	3387 : 33;
	3388 : 33;
	3389 : 33;
	338A : 33;
	338B : 33;
	338C : 33;
	338D : 33;
	338E : 33;
	338F : 33;
	3390 : 32;
	3391 : 32;
	3392 : 32;
	3393 : 32;
	3394 : 32;
	3395 : 32;
	3396 : 32;
	3397 : 32;
	3398 : 32;
	3399 : 32;
	339A : 32;
	339B : 32;
	339C : 32;
	339D : 31;
	339E : 31;
	339F : 31;
	33A0 : 31;
	33A1 : 31;
	33A2 : 30;
	33A3 : 30;
	33A4 : 30;
	33A5 : 30;
	33A6 : 2F;
	33A7 : 2E;
	33A8 : 2E;
	33A9 : 2D;
	33AA : 2C;
	33AB : 2B;
	33AC : 2A;
	33AD : 29;
	33AE : 28;
	33AF : 26;
	33B0 : 24;
	33B1 : 20;
	33B2 : 18;
	33B3 : 00;
	33B4 : 98;
	33B5 : A0;
	33B6 : A4;
	33B7 : A8;
	33B8 : AA;
	33B9 : AE;
	33BA : B1;
	33BB : B3;
	33BC : B5;
	33BD : B7;
	33BE : B8;
	33BF : BA;
	33C0 : BA;
	33C1 : BC;
	33C2 : BE;
	33C3 : C0;
	33C4 : C1;
	33C5 : C2;
	33C6 : C3;
	33C7 : C4;
	33C8 : C5;
	33C9 : C7;
	33CA : C9;
	33CB : CA;
	33CC : CB;
	33CD : CC;
	33CE : CD;
	33CF : CE;
	33D0 : CF;
	33D1 : D0;
	33D2 : D1;
	33D3 : D2;
	33D4 : D3;
	33D5 : D4;
	33D6 : D5;
	33D7 : D6;
	33D8 : D7;
	33D9 : D9;
	33DA : DA;
	33DB : DB;
	33DC : DC;
	33DD : DD;
	33DE : DE;
	33DF : DF;
	33E0 : E0;
	33E1 : E1;
	33E2 : E2;
	33E3 : E3;
	33E4 : E4;
	33E5 : E5;
	33E6 : E6;
	33E7 : E7;
	33E8 : E8;
	33E9 : E9;
	33EA : EA;
	33EB : EB;
	33EC : EC;
	33ED : ED;
	33EE : EE;
	33EF : EF;
	33F0 : F0;
	33F1 : F1;
	33F2 : F2;
	33F3 : F3;
	33F4 : F4;
	33F5 : F5;
	33F6 : F6;
	33F7 : F7;
	33F8 : F8;
	33F9 : F9;
	33FA : FA;
	33FB : FB;
	33FC : FC;
	33FD : FD;
	33FE : FE;
	33FF : 7F;
	3400 : 34;
	3401 : 34;
	3402 : 34;
	3403 : 34;
	3404 : 34;
	3405 : 34;
	3406 : 34;
	3407 : 34;
	3408 : 34;
	3409 : 34;
	340A : 34;
	340B : 34;
	340C : 34;
	340D : 34;
	340E : 34;
	340F : 34;
	3410 : 34;
	3411 : 35;
	3412 : 35;
	3413 : 35;
	3414 : 35;
	3415 : 35;
	3416 : 35;
	3417 : 35;
	3418 : 35;
	3419 : 35;
	341A : 35;
	341B : 35;
	341C : 36;
	341D : 36;
	341E : 36;
	341F : 36;
	3420 : 36;
	3421 : 36;
	3422 : 36;
	3423 : 37;
	3424 : 37;
	3425 : 37;
	3426 : 38;
	3427 : 38;
	3428 : 38;
	3429 : 38;
	342A : 38;
	342B : 39;
	342C : 39;
	342D : 39;
	342E : 3A;
	342F : 3A;
	3430 : 3A;
	3431 : 3A;
	3432 : 3B;
	3433 : 3C;
	3434 : 3C;
	3435 : 3C;
	3436 : 3D;
	3437 : 3E;
	3438 : 3E;
	3439 : 3F;
	343A : 40;
	343B : 40;
	343C : 41;
	343D : 42;
	343E : 42;
	343F : 42;
	3440 : 43;
	3441 : 44;
	3442 : 45;
	3443 : 46;
	3444 : 47;
	3445 : 48;
	3446 : 48;
	3447 : 49;
	3448 : 4A;
	3449 : 4A;
	344A : 4C;
	344B : 4C;
	344C : 4E;
	344D : 4E;
	344E : 50;
	344F : 50;
	3450 : 51;
	3451 : 52;
	3452 : 53;
	3453 : 54;
	3454 : 55;
	3455 : 56;
	3456 : 57;
	3457 : 58;
	3458 : 58;
	3459 : 59;
	345A : 5A;
	345B : 5B;
	345C : 5C;
	345D : 5D;
	345E : 5E;
	345F : 5F;
	3460 : 60;
	3461 : 61;
	3462 : 62;
	3463 : 63;
	3464 : 64;
	3465 : 65;
	3466 : 66;
	3467 : 67;
	3468 : 68;
	3469 : 69;
	346A : 6A;
	346B : 6B;
	346C : 6C;
	346D : 6D;
	346E : 6E;
	346F : 6F;
	3470 : 70;
	3471 : 71;
	3472 : 72;
	3473 : 73;
	3474 : 74;
	3475 : 75;
	3476 : 76;
	3477 : 77;
	3478 : 78;
	3479 : 79;
	347A : 7A;
	347B : 7B;
	347C : 7C;
	347D : 7D;
	347E : 7E;
	347F : 7F;
	3480 : 34;
	3481 : 34;
	3482 : 34;
	3483 : 34;
	3484 : 34;
	3485 : 34;
	3486 : 34;
	3487 : 34;
	3488 : 34;
	3489 : 34;
	348A : 34;
	348B : 34;
	348C : 34;
	348D : 34;
	348E : 34;
	348F : 34;
	3490 : 34;
	3491 : 33;
	3492 : 33;
	3493 : 33;
	3494 : 33;
	3495 : 33;
	3496 : 33;
	3497 : 33;
	3498 : 33;
	3499 : 33;
	349A : 33;
	349B : 33;
	349C : 32;
	349D : 32;
	349E : 32;
	349F : 32;
	34A0 : 32;
	34A1 : 32;
	34A2 : 32;
	34A3 : 31;
	34A4 : 31;
	34A5 : 31;
	34A6 : 30;
	34A7 : 30;
	34A8 : 30;
	34A9 : 2F;
	34AA : 2E;
	34AB : 2D;
	34AC : 2C;
	34AD : 2B;
	34AE : 2A;
	34AF : 29;
	34B0 : 28;
	34B1 : 24;
	34B2 : 20;
	34B3 : 18;
	34B4 : 00;
	34B5 : 98;
	34B6 : A0;
	34B7 : A4;
	34B8 : A8;
	34B9 : AC;
	34BA : B0;
	34BB : B2;
	34BC : B4;
	34BD : B6;
	34BE : B8;
	34BF : B9;
	34C0 : BA;
	34C1 : BC;
	34C2 : BE;
	34C3 : C0;
	34C4 : C1;
	34C5 : C2;
	34C6 : C3;
	34C7 : C4;
	34C8 : C5;
	34C9 : C7;
	34CA : C8;
	34CB : CA;
	34CC : CA;
	34CD : CC;
	34CE : CC;
	34CF : CE;
	34D0 : CE;
	34D1 : D0;
	34D2 : D1;
	34D3 : D2;
	34D4 : D3;
	34D5 : D4;
	34D6 : D5;
	34D7 : D6;
	34D8 : D7;
	34D9 : D9;
	34DA : DA;
	34DB : DB;
	34DC : DC;
	34DD : DD;
	34DE : DE;
	34DF : DF;
	34E0 : E0;
	34E1 : E1;
	34E2 : E2;
	34E3 : E3;
	34E4 : E4;
	34E5 : E5;
	34E6 : E6;
	34E7 : E7;
	34E8 : E8;
	34E9 : E9;
	34EA : EA;
	34EB : EB;
	34EC : EC;
	34ED : ED;
	34EE : EE;
	34EF : EF;
	34F0 : F0;
	34F1 : F1;
	34F2 : F2;
	34F3 : F3;
	34F4 : F4;
	34F5 : F5;
	34F6 : F6;
	34F7 : F7;
	34F8 : F8;
	34F9 : F9;
	34FA : FA;
	34FB : FB;
	34FC : FC;
	34FD : FD;
	34FE : FE;
	34FF : 7F;
	3500 : 35;
	3501 : 35;
	3502 : 35;
	3503 : 35;
	3504 : 35;
	3505 : 35;
	3506 : 35;
	3507 : 35;
	3508 : 35;
	3509 : 35;
	350A : 35;
	350B : 35;
	350C : 35;
	350D : 35;
	350E : 35;
	350F : 35;
	3510 : 36;
	3511 : 36;
	3512 : 36;
	3513 : 36;
	3514 : 36;
	3515 : 36;
	3516 : 36;
	3517 : 36;
	3518 : 36;
	3519 : 36;
	351A : 36;
	351B : 36;
	351C : 36;
	351D : 37;
	351E : 37;
	351F : 37;
	3520 : 37;
	3521 : 37;
	3522 : 38;
	3523 : 38;
	3524 : 38;
	3525 : 38;
	3526 : 38;
	3527 : 38;
	3528 : 38;
	3529 : 39;
	352A : 39;
	352B : 39;
	352C : 3A;
	352D : 3A;
	352E : 3A;
	352F : 3A;
	3530 : 3A;
	3531 : 3B;
	3532 : 3C;
	3533 : 3C;
	3534 : 3C;
	3535 : 3D;
	3536 : 3E;
	3537 : 3E;
	3538 : 3E;
	3539 : 40;
	353A : 40;
	353B : 41;
	353C : 41;
	353D : 42;
	353E : 42;
	353F : 43;
	3540 : 43;
	3541 : 44;
	3542 : 45;
	3543 : 46;
	3544 : 47;
	3545 : 48;
	3546 : 49;
	3547 : 49;
	3548 : 4A;
	3549 : 4B;
	354A : 4C;
	354B : 4D;
	354C : 4E;
	354D : 4F;
	354E : 50;
	354F : 50;
	3550 : 51;
	3551 : 52;
	3552 : 53;
	3553 : 54;
	3554 : 55;
	3555 : 56;
	3556 : 57;
	3557 : 58;
	3558 : 58;
	3559 : 59;
	355A : 5A;
	355B : 5B;
	355C : 5C;
	355D : 5D;
	355E : 5E;
	355F : 5F;
	3560 : 60;
	3561 : 61;
	3562 : 62;
	3563 : 63;
	3564 : 64;
	3565 : 65;
	3566 : 66;
	3567 : 67;
	3568 : 68;
	3569 : 69;
	356A : 6A;
	356B : 6B;
	356C : 6C;
	356D : 6D;
	356E : 6E;
	356F : 6F;
	3570 : 70;
	3571 : 71;
	3572 : 72;
	3573 : 73;
	3574 : 74;
	3575 : 75;
	3576 : 76;
	3577 : 77;
	3578 : 78;
	3579 : 79;
	357A : 7A;
	357B : 7B;
	357C : 7C;
	357D : 7D;
	357E : 7E;
	357F : 7F;
	3580 : 35;
	3581 : 35;
	3582 : 35;
	3583 : 35;
	3584 : 35;
	3585 : 35;
	3586 : 35;
	3587 : 35;
	3588 : 35;
	3589 : 35;
	358A : 35;
	358B : 35;
	358C : 35;
	358D : 35;
	358E : 35;
	358F : 35;
	3590 : 34;
	3591 : 34;
	3592 : 34;
	3593 : 34;
	3594 : 34;
	3595 : 34;
	3596 : 34;
	3597 : 34;
	3598 : 34;
	3599 : 34;
	359A : 34;
	359B : 34;
	359C : 34;
	359D : 33;
	359E : 33;
	359F : 33;
	35A0 : 33;
	35A1 : 33;
	35A2 : 32;
	35A3 : 32;
	35A4 : 32;
	35A5 : 32;
	35A6 : 32;
	35A7 : 31;
	35A8 : 31;
	35A9 : 30;
	35AA : 30;
	35AB : 2F;
	35AC : 2E;
	35AD : 2D;
	35AE : 2C;
	35AF : 2B;
	35B0 : 2A;
	35B1 : 28;
	35B2 : 24;
	35B3 : 20;
	35B4 : 18;
	35B5 : 00;
	35B6 : 98;
	35B7 : A0;
	35B8 : A4;
	35B9 : AA;
	35BA : AE;
	35BB : B1;
	35BC : B3;
	35BD : B5;
	35BE : B7;
	35BF : B8;
	35C0 : BA;
	35C1 : BC;
	35C2 : BE;
	35C3 : C0;
	35C4 : C1;
	35C5 : C2;
	35C6 : C3;
	35C7 : C4;
	35C8 : C5;
	35C9 : C7;
	35CA : C8;
	35CB : C9;
	35CC : CA;
	35CD : CB;
	35CE : CC;
	35CF : CD;
	35D0 : CE;
	35D1 : D0;
	35D2 : D1;
	35D3 : D2;
	35D4 : D3;
	35D5 : D4;
	35D6 : D5;
	35D7 : D6;
	35D8 : D7;
	35D9 : D9;
	35DA : DA;
	35DB : DB;
	35DC : DC;
	35DD : DD;
	35DE : DE;
	35DF : DF;
	35E0 : E0;
	35E1 : E1;
	35E2 : E2;
	35E3 : E3;
	35E4 : E4;
	35E5 : E5;
	35E6 : E6;
	35E7 : E7;
	35E8 : E8;
	35E9 : E9;
	35EA : EA;
	35EB : EB;
	35EC : EC;
	35ED : ED;
	35EE : EE;
	35EF : EF;
	35F0 : F0;
	35F1 : F1;
	35F2 : F2;
	35F3 : F3;
	35F4 : F4;
	35F5 : F5;
	35F6 : F6;
	35F7 : F7;
	35F8 : F8;
	35F9 : F9;
	35FA : FA;
	35FB : FB;
	35FC : FC;
	35FD : FD;
	35FE : FE;
	35FF : 7F;
	3600 : 36;
	3601 : 36;
	3602 : 36;
	3603 : 36;
	3604 : 36;
	3605 : 36;
	3606 : 36;
	3607 : 36;
	3608 : 36;
	3609 : 36;
	360A : 36;
	360B : 36;
	360C : 36;
	360D : 36;
	360E : 36;
	360F : 36;
	3610 : 36;
	3611 : 37;
	3612 : 37;
	3613 : 37;
	3614 : 37;
	3615 : 37;
	3616 : 37;
	3617 : 37;
	3618 : 37;
	3619 : 37;
	361A : 37;
	361B : 37;
	361C : 38;
	361D : 38;
	361E : 38;
	361F : 38;
	3620 : 38;
	3621 : 38;
	3622 : 38;
	3623 : 38;
	3624 : 38;
	3625 : 39;
	3626 : 39;
	3627 : 39;
	3628 : 39;
	3629 : 39;
	362A : 3A;
	362B : 3A;
	362C : 3A;
	362D : 3A;
	362E : 3A;
	362F : 3B;
	3630 : 3B;
	3631 : 3C;
	3632 : 3C;
	3633 : 3C;
	3634 : 3D;
	3635 : 3E;
	3636 : 3E;
	3637 : 3E;
	3638 : 3F;
	3639 : 40;
	363A : 40;
	363B : 41;
	363C : 42;
	363D : 42;
	363E : 42;
	363F : 43;
	3640 : 44;
	3641 : 44;
	3642 : 46;
	3643 : 46;
	3644 : 48;
	3645 : 48;
	3646 : 49;
	3647 : 49;
	3648 : 4A;
	3649 : 4B;
	364A : 4C;
	364B : 4D;
	364C : 4E;
	364D : 4F;
	364E : 50;
	364F : 50;
	3650 : 51;
	3651 : 52;
	3652 : 53;
	3653 : 54;
	3654 : 55;
	3655 : 56;
	3656 : 57;
	3657 : 58;
	3658 : 58;
	3659 : 59;
	365A : 5A;
	365B : 5B;
	365C : 5C;
	365D : 5D;
	365E : 5E;
	365F : 5F;
	3660 : 60;
	3661 : 61;
	3662 : 62;
	3663 : 63;
	3664 : 64;
	3665 : 65;
	3666 : 66;
	3667 : 67;
	3668 : 68;
	3669 : 69;
	366A : 6A;
	366B : 6B;
	366C : 6C;
	366D : 6D;
	366E : 6E;
	366F : 6F;
	3670 : 70;
	3671 : 71;
	3672 : 72;
	3673 : 73;
	3674 : 74;
	3675 : 75;
	3676 : 76;
	3677 : 77;
	3678 : 78;
	3679 : 79;
	367A : 7A;
	367B : 7B;
	367C : 7C;
	367D : 7D;
	367E : 7E;
	367F : 7F;
	3680 : 36;
	3681 : 36;
	3682 : 36;
	3683 : 36;
	3684 : 36;
	3685 : 36;
	3686 : 36;
	3687 : 36;
	3688 : 36;
	3689 : 36;
	368A : 36;
	368B : 36;
	368C : 36;
	368D : 36;
	368E : 36;
	368F : 36;
	3690 : 36;
	3691 : 35;
	3692 : 35;
	3693 : 35;
	3694 : 35;
	3695 : 35;
	3696 : 35;
	3697 : 35;
	3698 : 35;
	3699 : 35;
	369A : 35;
	369B : 35;
	369C : 34;
	369D : 34;
	369E : 34;
	369F : 34;
	36A0 : 34;
	36A1 : 34;
	36A2 : 34;
	36A3 : 33;
	36A4 : 33;
	36A5 : 33;
	36A6 : 32;
	36A7 : 32;
	36A8 : 32;
	36A9 : 32;
	36AA : 31;
	36AB : 30;
	36AC : 30;
	36AD : 2F;
	36AE : 2E;
	36AF : 2D;
	36B0 : 2C;
	36B1 : 2A;
	36B2 : 28;
	36B3 : 24;
	36B4 : 20;
	36B5 : 18;
	36B6 : 00;
	36B7 : 98;
	36B8 : A0;
	36B9 : A8;
	36BA : AC;
	36BB : B0;
	36BC : B2;
	36BD : B4;
	36BE : B6;
	36BF : B8;
	36C0 : B9;
	36C1 : BB;
	36C2 : BD;
	36C3 : BF;
	36C4 : C0;
	36C5 : C2;
	36C6 : C2;
	36C7 : C4;
	36C8 : C4;
	36C9 : C6;
	36CA : C8;
	36CB : C9;
	36CC : CA;
	36CD : CB;
	36CE : CC;
	36CF : CD;
	36D0 : CE;
	36D1 : D0;
	36D2 : D1;
	36D3 : D2;
	36D4 : D3;
	36D5 : D4;
	36D6 : D5;
	36D7 : D6;
	36D8 : D7;
	36D9 : D9;
	36DA : DA;
	36DB : DB;
	36DC : DC;
	36DD : DD;
	36DE : DE;
	36DF : DF;
	36E0 : E0;
	36E1 : E1;
	36E2 : E2;
	36E3 : E3;
	36E4 : E4;
	36E5 : E5;
	36E6 : E6;
	36E7 : E7;
	36E8 : E8;
	36E9 : E9;
	36EA : EA;
	36EB : EB;
	36EC : EC;
	36ED : ED;
	36EE : EE;
	36EF : EF;
	36F0 : F0;
	36F1 : F1;
	36F2 : F2;
	36F3 : F3;
	36F4 : F4;
	36F5 : F5;
	36F6 : F6;
	36F7 : F7;
	36F8 : F8;
	36F9 : F9;
	36FA : FA;
	36FB : FB;
	36FC : FC;
	36FD : FD;
	36FE : FE;
	36FF : 7F;
	3700 : 37;
	3701 : 37;
	3702 : 37;
	3703 : 37;
	3704 : 37;
	3705 : 37;
	3706 : 37;
	3707 : 37;
	3708 : 37;
	3709 : 37;
	370A : 37;
	370B : 37;
	370C : 37;
	370D : 37;
	370E : 37;
	370F : 37;
	3710 : 38;
	3711 : 38;
	3712 : 38;
	3713 : 38;
	3714 : 38;
	3715 : 38;
	3716 : 38;
	3717 : 38;
	3718 : 38;
	3719 : 38;
	371A : 38;
	371B : 38;
	371C : 38;
	371D : 38;
	371E : 38;
	371F : 38;
	3720 : 38;
	3721 : 39;
	3722 : 39;
	3723 : 39;
	3724 : 39;
	3725 : 39;
	3726 : 39;
	3727 : 39;
	3728 : 3A;
	3729 : 3A;
	372A : 3A;
	372B : 3A;
	372C : 3A;
	372D : 3B;
	372E : 3B;
	372F : 3B;
	3730 : 3C;
	3731 : 3C;
	3732 : 3C;
	3733 : 3D;
	3734 : 3E;
	3735 : 3E;
	3736 : 3E;
	3737 : 3F;
	3738 : 40;
	3739 : 40;
	373A : 41;
	373B : 41;
	373C : 42;
	373D : 42;
	373E : 43;
	373F : 43;
	3740 : 44;
	3741 : 45;
	3742 : 46;
	3743 : 47;
	3744 : 48;
	3745 : 48;
	3746 : 49;
	3747 : 49;
	3748 : 4A;
	3749 : 4B;
	374A : 4C;
	374B : 4D;
	374C : 4E;
	374D : 4F;
	374E : 50;
	374F : 50;
	3750 : 51;
	3751 : 52;
	3752 : 53;
	3753 : 54;
	3754 : 55;
	3755 : 56;
	3756 : 57;
	3757 : 58;
	3758 : 58;
	3759 : 59;
	375A : 5A;
	375B : 5B;
	375C : 5C;
	375D : 5D;
	375E : 5E;
	375F : 5F;
	3760 : 60;
	3761 : 61;
	3762 : 62;
	3763 : 63;
	3764 : 64;
	3765 : 65;
	3766 : 66;
	3767 : 67;
	3768 : 68;
	3769 : 69;
	376A : 6A;
	376B : 6B;
	376C : 6C;
	376D : 6D;
	376E : 6E;
	376F : 6F;
	3770 : 70;
	3771 : 71;
	3772 : 72;
	3773 : 73;
	3774 : 74;
	3775 : 75;
	3776 : 76;
	3777 : 77;
	3778 : 78;
	3779 : 79;
	377A : 7A;
	377B : 7B;
	377C : 7C;
	377D : 7D;
	377E : 7E;
	377F : 7F;
	3780 : 37;
	3781 : 37;
	3782 : 37;
	3783 : 37;
	3784 : 37;
	3785 : 37;
	3786 : 37;
	3787 : 37;
	3788 : 37;
	3789 : 37;
	378A : 37;
	378B : 37;
	378C : 37;
	378D : 37;
	378E : 37;
	378F : 37;
	3790 : 36;
	3791 : 36;
	3792 : 36;
	3793 : 36;
	3794 : 36;
	3795 : 36;
	3796 : 36;
	3797 : 36;
	3798 : 36;
	3799 : 36;
	379A : 36;
	379B : 36;
	379C : 36;
	379D : 35;
	379E : 35;
	379F : 35;
	37A0 : 35;
	37A1 : 35;
	37A2 : 34;
	37A3 : 34;
	37A4 : 34;
	37A5 : 34;
	37A6 : 34;
	37A7 : 33;
	37A8 : 33;
	37A9 : 32;
	37AA : 32;
	37AB : 32;
	37AC : 31;
	37AD : 30;
	37AE : 30;
	37AF : 2F;
	37B0 : 2E;
	37B1 : 2C;
	37B2 : 2A;
	37B3 : 28;
	37B4 : 24;
	37B5 : 20;
	37B6 : 18;
	37B7 : 00;
	37B8 : 98;
	37B9 : A4;
	37BA : AA;
	37BB : AE;
	37BC : B1;
	37BD : B3;
	37BE : B5;
	37BF : B7;
	37C0 : B8;
	37C1 : BA;
	37C2 : BC;
	37C3 : BE;
	37C4 : C0;
	37C5 : C1;
	37C6 : C2;
	37C7 : C3;
	37C8 : C4;
	37C9 : C6;
	37CA : C8;
	37CB : C9;
	37CC : CA;
	37CD : CB;
	37CE : CC;
	37CF : CD;
	37D0 : CE;
	37D1 : D0;
	37D2 : D1;
	37D3 : D2;
	37D4 : D3;
	37D5 : D4;
	37D6 : D5;
	37D7 : D6;
	37D8 : D7;
	37D9 : D9;
	37DA : DA;
	37DB : DB;
	37DC : DC;
	37DD : DD;
	37DE : DE;
	37DF : DF;
	37E0 : E0;
	37E1 : E1;
	37E2 : E2;
	37E3 : E3;
	37E4 : E4;
	37E5 : E5;
	37E6 : E6;
	37E7 : E7;
	37E8 : E8;
	37E9 : E9;
	37EA : EA;
	37EB : EB;
	37EC : EC;
	37ED : ED;
	37EE : EE;
	37EF : EF;
	37F0 : F0;
	37F1 : F1;
	37F2 : F2;
	37F3 : F3;
	37F4 : F4;
	37F5 : F5;
	37F6 : F6;
	37F7 : F7;
	37F8 : F8;
	37F9 : F9;
	37FA : FA;
	37FB : FB;
	37FC : FC;
	37FD : FD;
	37FE : FE;
	37FF : 7F;
	3800 : 38;
	3801 : 38;
	3802 : 38;
	3803 : 38;
	3804 : 38;
	3805 : 38;
	3806 : 38;
	3807 : 38;
	3808 : 38;
	3809 : 38;
	380A : 38;
	380B : 38;
	380C : 38;
	380D : 38;
	380E : 38;
	380F : 38;
	3810 : 38;
	3811 : 38;
	3812 : 38;
	3813 : 38;
	3814 : 38;
	3815 : 38;
	3816 : 38;
	3817 : 38;
	3818 : 38;
	3819 : 39;
	381A : 39;
	381B : 39;
	381C : 39;
	381D : 39;
	381E : 39;
	381F : 39;
	3820 : 39;
	3821 : 39;
	3822 : 39;
	3823 : 39;
	3824 : 3A;
	3825 : 3A;
	3826 : 3A;
	3827 : 3A;
	3828 : 3A;
	3829 : 3A;
	382A : 3A;
	382B : 3B;
	382C : 3B;
	382D : 3B;
	382E : 3C;
	382F : 3C;
	3830 : 3C;
	3831 : 3C;
	3832 : 3D;
	3833 : 3E;
	3834 : 3E;
	3835 : 3E;
	3836 : 3F;
	3837 : 40;
	3838 : 40;
	3839 : 40;
	383A : 41;
	383B : 42;
	383C : 42;
	383D : 42;
	383E : 43;
	383F : 44;
	3840 : 44;
	3841 : 45;
	3842 : 46;
	3843 : 47;
	3844 : 48;
	3845 : 48;
	3846 : 49;
	3847 : 4A;
	3848 : 4A;
	3849 : 4B;
	384A : 4C;
	384B : 4D;
	384C : 4E;
	384D : 4F;
	384E : 50;
	384F : 50;
	3850 : 51;
	3851 : 52;
	3852 : 53;
	3853 : 54;
	3854 : 55;
	3855 : 56;
	3856 : 57;
	3857 : 58;
	3858 : 58;
	3859 : 5A;
	385A : 5A;
	385B : 5C;
	385C : 5C;
	385D : 5E;
	385E : 5E;
	385F : 60;
	3860 : 60;
	3861 : 61;
	3862 : 62;
	3863 : 63;
	3864 : 64;
	3865 : 65;
	3866 : 66;
	3867 : 67;
	3868 : 68;
	3869 : 69;
	386A : 6A;
	386B : 6B;
	386C : 6C;
	386D : 6D;
	386E : 6E;
	386F : 6F;
	3870 : 70;
	3871 : 71;
	3872 : 72;
	3873 : 73;
	3874 : 74;
	3875 : 75;
	3876 : 76;
	3877 : 77;
	3878 : 78;
	3879 : 79;
	387A : 7A;
	387B : 7B;
	387C : 7C;
	387D : 7D;
	387E : 7E;
	387F : 7F;
	3880 : 38;
	3881 : 38;
	3882 : 38;
	3883 : 38;
	3884 : 38;
	3885 : 38;
	3886 : 38;
	3887 : 38;
	3888 : 38;
	3889 : 38;
	388A : 38;
	388B : 38;
	388C : 38;
	388D : 38;
	388E : 38;
	388F : 38;
	3890 : 38;
	3891 : 37;
	3892 : 37;
	3893 : 37;
	3894 : 37;
	3895 : 37;
	3896 : 37;
	3897 : 37;
	3898 : 37;
	3899 : 37;
	389A : 37;
	389B : 37;
	389C : 36;
	389D : 36;
	389E : 36;
	389F : 36;
	38A0 : 36;
	38A1 : 36;
	38A2 : 36;
	38A3 : 35;
	38A4 : 35;
	38A5 : 35;
	38A6 : 34;
	38A7 : 34;
	38A8 : 34;
	38A9 : 34;
	38AA : 33;
	38AB : 32;
	38AC : 32;
	38AD : 32;
	38AE : 31;
	38AF : 30;
	38B0 : 30;
	38B1 : 2E;
	38B2 : 2C;
	38B3 : 2A;
	38B4 : 28;
	38B5 : 24;
	38B6 : 20;
	38B7 : 18;
	38B8 : 00;
	38B9 : A0;
	38BA : A8;
	38BB : AC;
	38BC : B0;
	38BD : B2;
	38BE : B4;
	38BF : B6;
	38C0 : B8;
	38C1 : BA;
	38C2 : BC;
	38C3 : BE;
	38C4 : C0;
	38C5 : C1;
	38C6 : C2;
	38C7 : C3;
	38C8 : C4;
	38C9 : C6;
	38CA : C8;
	38CB : C9;
	38CC : CA;
	38CD : CB;
	38CE : CC;
	38CF : CD;
	38D0 : CE;
	38D1 : D0;
	38D2 : D1;
	38D3 : D2;
	38D4 : D3;
	38D5 : D4;
	38D6 : D5;
	38D7 : D6;
	38D8 : D7;
	38D9 : D8;
	38DA : DA;
	38DB : DA;
	38DC : DC;
	38DD : DC;
	38DE : DE;
	38DF : DE;
	38E0 : E0;
	38E1 : E1;
	38E2 : E2;
	38E3 : E3;
	38E4 : E4;
	38E5 : E5;
	38E6 : E6;
	38E7 : E7;
	38E8 : E8;
	38E9 : E9;
	38EA : EA;
	38EB : EB;
	38EC : EC;
	38ED : ED;
	38EE : EE;
	38EF : EF;
	38F0 : F0;
	38F1 : F1;
	38F2 : F2;
	38F3 : F3;
	38F4 : F4;
	38F5 : F5;
	38F6 : F6;
	38F7 : F7;
	38F8 : F8;
	38F9 : F9;
	38FA : FA;
	38FB : FB;
	38FC : FC;
	38FD : FD;
	38FE : FE;
	38FF : 7F;
	3900 : 39;
	3901 : 39;
	3902 : 39;
	3903 : 39;
	3904 : 39;
	3905 : 39;
	3906 : 39;
	3907 : 39;
	3908 : 39;
	3909 : 39;
	390A : 39;
	390B : 39;
	390C : 39;
	390D : 39;
	390E : 39;
	390F : 39;
	3910 : 39;
	3911 : 39;
	3912 : 39;
	3913 : 39;
	3914 : 39;
	3915 : 39;
	3916 : 39;
	3917 : 39;
	3918 : 3A;
	3919 : 3A;
	391A : 3A;
	391B : 3A;
	391C : 3A;
	391D : 3A;
	391E : 3A;
	391F : 3A;
	3920 : 3A;
	3921 : 3A;
	3922 : 3A;
	3923 : 3A;
	3924 : 3A;
	3925 : 3B;
	3926 : 3B;
	3927 : 3B;
	3928 : 3B;
	3929 : 3B;
	392A : 3C;
	392B : 3C;
	392C : 3C;
	392D : 3C;
	392E : 3C;
	392F : 3D;
	3930 : 3D;
	3931 : 3E;
	3932 : 3E;
	3933 : 3E;
	3934 : 3F;
	3935 : 40;
	3936 : 40;
	3937 : 40;
	3938 : 40;
	3939 : 41;
	393A : 42;
	393B : 42;
	393C : 42;
	393D : 43;
	393E : 44;
	393F : 44;
	3940 : 44;
	3941 : 46;
	3942 : 46;
	3943 : 48;
	3944 : 48;
	3945 : 49;
	3946 : 49;
	3947 : 4A;
	3948 : 4A;
	3949 : 4B;
	394A : 4C;
	394B : 4D;
	394C : 4E;
	394D : 4F;
	394E : 50;
	394F : 51;
	3950 : 51;
	3951 : 52;
	3952 : 53;
	3953 : 54;
	3954 : 55;
	3955 : 56;
	3956 : 57;
	3957 : 58;
	3958 : 59;
	3959 : 5A;
	395A : 5B;
	395B : 5C;
	395C : 5D;
	395D : 5E;
	395E : 5F;
	395F : 60;
	3960 : 60;
	3961 : 61;
	3962 : 62;
	3963 : 63;
	3964 : 64;
	3965 : 65;
	3966 : 66;
	3967 : 67;
	3968 : 68;
	3969 : 69;
	396A : 6A;
	396B : 6B;
	396C : 6C;
	396D : 6D;
	396E : 6E;
	396F : 6F;
	3970 : 70;
	3971 : 71;
	3972 : 72;
	3973 : 73;
	3974 : 74;
	3975 : 75;
	3976 : 76;
	3977 : 77;
	3978 : 78;
	3979 : 79;
	397A : 7A;
	397B : 7B;
	397C : 7C;
	397D : 7D;
	397E : 7E;
	397F : 7F;
	3980 : 39;
	3981 : 39;
	3982 : 39;
	3983 : 39;
	3984 : 39;
	3985 : 39;
	3986 : 39;
	3987 : 39;
	3988 : 39;
	3989 : 39;
	398A : 39;
	398B : 39;
	398C : 39;
	398D : 39;
	398E : 39;
	398F : 39;
	3990 : 39;
	3991 : 39;
	3992 : 39;
	3993 : 39;
	3994 : 39;
	3995 : 39;
	3996 : 39;
	3997 : 39;
	3998 : 38;
	3999 : 38;
	399A : 38;
	399B : 38;
	399C : 38;
	399D : 38;
	399E : 38;
	399F : 38;
	39A0 : 38;
	39A1 : 38;
	39A2 : 38;
	39A3 : 37;
	39A4 : 37;
	39A5 : 37;
	39A6 : 36;
	39A7 : 36;
	39A8 : 36;
	39A9 : 36;
	39AA : 35;
	39AB : 34;
	39AC : 34;
	39AD : 34;
	39AE : 33;
	39AF : 32;
	39B0 : 32;
	39B1 : 31;
	39B2 : 30;
	39B3 : 2E;
	39B4 : 2C;
	39B5 : 2A;
	39B6 : 28;
	39B7 : 24;
	39B8 : 20;
	39B9 : 00;
	39BA : A0;
	39BB : A8;
	39BC : AC;
	39BD : B0;
	39BE : B2;
	39BF : B4;
	39C0 : B6;
	39C1 : B9;
	39C2 : BB;
	39C3 : BD;
	39C4 : BF;
	39C5 : C0;
	39C6 : C2;
	39C7 : C2;
	39C8 : C4;
	39C9 : C6;
	39CA : C8;
	39CB : C9;
	39CC : CA;
	39CD : CB;
	39CE : CC;
	39CF : CD;
	39D0 : CE;
	39D1 : D0;
	39D2 : D1;
	39D3 : D2;
	39D4 : D3;
	39D5 : D4;
	39D6 : D5;
	39D7 : D6;
	39D8 : D7;
	39D9 : D8;
	39DA : D9;
	39DB : DA;
	39DC : DB;
	39DD : DC;
	39DE : DD;
	39DF : DE;
	39E0 : DF;
	39E1 : E1;
	39E2 : E2;
	39E3 : E3;
	39E4 : E4;
	39E5 : E5;
	39E6 : E6;
	39E7 : E7;
	39E8 : E8;
	39E9 : E9;
	39EA : EA;
	39EB : EB;
	39EC : EC;
	39ED : ED;
	39EE : EE;
	39EF : EF;
	39F0 : F0;
	39F1 : F1;
	39F2 : F2;
	39F3 : F3;
	39F4 : F4;
	39F5 : F5;
	39F6 : F6;
	39F7 : F7;
	39F8 : F8;
	39F9 : F9;
	39FA : FA;
	39FB : FB;
	39FC : FC;
	39FD : FD;
	39FE : FE;
	39FF : 7F;
	3A00 : 3A;
	3A01 : 3A;
	3A02 : 3A;
	3A03 : 3A;
	3A04 : 3A;
	3A05 : 3A;
	3A06 : 3A;
	3A07 : 3A;
	3A08 : 3A;
	3A09 : 3A;
	3A0A : 3A;
	3A0B : 3A;
	3A0C : 3A;
	3A0D : 3A;
	3A0E : 3A;
	3A0F : 3A;
	3A10 : 3A;
	3A11 : 3A;
	3A12 : 3A;
	3A13 : 3A;
	3A14 : 3A;
	3A15 : 3A;
	3A16 : 3A;
	3A17 : 3A;
	3A18 : 3A;
	3A19 : 3B;
	3A1A : 3B;
	3A1B : 3B;
	3A1C : 3B;
	3A1D : 3B;
	3A1E : 3B;
	3A1F : 3B;
	3A20 : 3B;
	3A21 : 3B;
	3A22 : 3B;
	3A23 : 3B;
	3A24 : 3C;
	3A25 : 3C;
	3A26 : 3C;
	3A27 : 3C;
	3A28 : 3C;
	3A29 : 3C;
	3A2A : 3C;
	3A2B : 3D;
	3A2C : 3D;
	3A2D : 3D;
	3A2E : 3E;
	3A2F : 3E;
	3A30 : 3E;
	3A31 : 3E;
	3A32 : 3F;
	3A33 : 40;
	3A34 : 40;
	3A35 : 40;
	3A36 : 40;
	3A37 : 41;
	3A38 : 41;
	3A39 : 42;
	3A3A : 42;
	3A3B : 42;
	3A3C : 43;
	3A3D : 44;
	3A3E : 44;
	3A3F : 44;
	3A40 : 45;
	3A41 : 46;
	3A42 : 47;
	3A43 : 48;
	3A44 : 48;
	3A45 : 49;
	3A46 : 4A;
	3A47 : 4A;
	3A48 : 4A;
	3A49 : 4C;
	3A4A : 4C;
	3A4B : 4E;
	3A4C : 4E;
	3A4D : 50;
	3A4E : 50;
	3A4F : 51;
	3A50 : 51;
	3A51 : 52;
	3A52 : 53;
	3A53 : 54;
	3A54 : 55;
	3A55 : 56;
	3A56 : 57;
	3A57 : 58;
	3A58 : 59;
	3A59 : 5A;
	3A5A : 5B;
	3A5B : 5C;
	3A5C : 5D;
	3A5D : 5E;
	3A5E : 5F;
	3A5F : 60;
	3A60 : 60;
	3A61 : 61;
	3A62 : 62;
	3A63 : 63;
	3A64 : 64;
	3A65 : 65;
	3A66 : 66;
	3A67 : 67;
	3A68 : 68;
	3A69 : 69;
	3A6A : 6A;
	3A6B : 6B;
	3A6C : 6C;
	3A6D : 6D;
	3A6E : 6E;
	3A6F : 6F;
	3A70 : 70;
	3A71 : 71;
	3A72 : 72;
	3A73 : 73;
	3A74 : 74;
	3A75 : 75;
	3A76 : 76;
	3A77 : 77;
	3A78 : 78;
	3A79 : 79;
	3A7A : 7A;
	3A7B : 7B;
	3A7C : 7C;
	3A7D : 7D;
	3A7E : 7E;
	3A7F : 7F;
	3A80 : 3A;
	3A81 : 3A;
	3A82 : 3A;
	3A83 : 3A;
	3A84 : 3A;
	3A85 : 3A;
	3A86 : 3A;
	3A87 : 3A;
	3A88 : 3A;
	3A89 : 3A;
	3A8A : 3A;
	3A8B : 3A;
	3A8C : 3A;
	3A8D : 3A;
	3A8E : 3A;
	3A8F : 3A;
	3A90 : 3A;
	3A91 : 3A;
	3A92 : 3A;
	3A93 : 3A;
	3A94 : 3A;
	3A95 : 3A;
	3A96 : 3A;
	3A97 : 3A;
	3A98 : 3A;
	3A99 : 39;
	3A9A : 39;
	3A9B : 39;
	3A9C : 39;
	3A9D : 39;
	3A9E : 39;
	3A9F : 39;
	3AA0 : 39;
	3AA1 : 39;
	3AA2 : 39;
	3AA3 : 39;
	3AA4 : 38;
	3AA5 : 38;
	3AA6 : 38;
	3AA7 : 38;
	3AA8 : 38;
	3AA9 : 38;
	3AAA : 37;
	3AAB : 36;
	3AAC : 36;
	3AAD : 36;
	3AAE : 35;
	3AAF : 34;
	3AB0 : 34;
	3AB1 : 33;
	3AB2 : 32;
	3AB3 : 31;
	3AB4 : 30;
	3AB5 : 2E;
	3AB6 : 2C;
	3AB7 : 2A;
	3AB8 : 28;
	3AB9 : 20;
	3ABA : 00;
	3ABB : A0;
	3ABC : A8;
	3ABD : AC;
	3ABE : B0;
	3ABF : B2;
	3AC0 : B4;
	3AC1 : B8;
	3AC2 : BA;
	3AC3 : BC;
	3AC4 : BE;
	3AC5 : C0;
	3AC6 : C1;
	3AC7 : C2;
	3AC8 : C3;
	3AC9 : C5;
	3ACA : C7;
	3ACB : C8;
	3ACC : CA;
	3ACD : CA;
	3ACE : CC;
	3ACF : CC;
	3AD0 : CE;
	3AD1 : D0;
	3AD2 : D1;
	3AD3 : D2;
	3AD4 : D3;
	3AD5 : D4;
	3AD6 : D5;
	3AD7 : D6;
	3AD8 : D7;
	3AD9 : D8;
	3ADA : D9;
	3ADB : DA;
	3ADC : DB;
	3ADD : DC;
	3ADE : DD;
	3ADF : DE;
	3AE0 : DF;
	3AE1 : E1;
	3AE2 : E2;
	3AE3 : E3;
	3AE4 : E4;
	3AE5 : E5;
	3AE6 : E6;
	3AE7 : E7;
	3AE8 : E8;
	3AE9 : E9;
	3AEA : EA;
	3AEB : EB;
	3AEC : EC;
	3AED : ED;
	3AEE : EE;
	3AEF : EF;
	3AF0 : F0;
	3AF1 : F1;
	3AF2 : F2;
	3AF3 : F3;
	3AF4 : F4;
	3AF5 : F5;
	3AF6 : F6;
	3AF7 : F7;
	3AF8 : F8;
	3AF9 : F9;
	3AFA : FA;
	3AFB : FB;
	3AFC : FC;
	3AFD : FD;
	3AFE : FE;
	3AFF : 7F;
	3B00 : 3B;
	3B01 : 3B;
	3B02 : 3B;
	3B03 : 3B;
	3B04 : 3B;
	3B05 : 3B;
	3B06 : 3B;
	3B07 : 3B;
	3B08 : 3B;
	3B09 : 3B;
	3B0A : 3B;
	3B0B : 3B;
	3B0C : 3B;
	3B0D : 3B;
	3B0E : 3B;
	3B0F : 3B;
	3B10 : 3B;
	3B11 : 3B;
	3B12 : 3B;
	3B13 : 3B;
	3B14 : 3B;
	3B15 : 3B;
	3B16 : 3B;
	3B17 : 3B;
	3B18 : 3C;
	3B19 : 3C;
	3B1A : 3C;
	3B1B : 3C;
	3B1C : 3C;
	3B1D : 3C;
	3B1E : 3C;
	3B1F : 3C;
	3B20 : 3C;
	3B21 : 3C;
	3B22 : 3C;
	3B23 : 3C;
	3B24 : 3C;
	3B25 : 3D;
	3B26 : 3D;
	3B27 : 3D;
	3B28 : 3D;
	3B29 : 3D;
	3B2A : 3E;
	3B2B : 3E;
	3B2C : 3E;
	3B2D : 3E;
	3B2E : 3E;
	3B2F : 3F;
	3B30 : 3F;
	3B31 : 40;
	3B32 : 40;
	3B33 : 40;
	3B34 : 40;
	3B35 : 41;
	3B36 : 41;
	3B37 : 41;
	3B38 : 42;
	3B39 : 42;
	3B3A : 42;
	3B3B : 43;
	3B3C : 44;
	3B3D : 44;
	3B3E : 44;
	3B3F : 45;
	3B40 : 46;
	3B41 : 46;
	3B42 : 48;
	3B43 : 48;
	3B44 : 49;
	3B45 : 49;
	3B46 : 4A;
	3B47 : 4A;
	3B48 : 4B;
	3B49 : 4C;
	3B4A : 4D;
	3B4B : 4E;
	3B4C : 4F;
	3B4D : 50;
	3B4E : 50;
	3B4F : 51;
	3B50 : 51;
	3B51 : 52;
	3B52 : 53;
	3B53 : 54;
	3B54 : 55;
	3B55 : 56;
	3B56 : 57;
	3B57 : 58;
	3B58 : 59;
	3B59 : 5A;
	3B5A : 5B;
	3B5B : 5C;
	3B5C : 5D;
	3B5D : 5E;
	3B5E : 5F;
	3B5F : 60;
	3B60 : 60;
	3B61 : 61;
	3B62 : 62;
	3B63 : 63;
	3B64 : 64;
	3B65 : 65;
	3B66 : 66;
	3B67 : 67;
	3B68 : 68;
	3B69 : 69;
	3B6A : 6A;
	3B6B : 6B;
	3B6C : 6C;
	3B6D : 6D;
	3B6E : 6E;
	3B6F : 6F;
	3B70 : 70;
	3B71 : 71;
	3B72 : 72;
	3B73 : 73;
	3B74 : 74;
	3B75 : 75;
	3B76 : 76;
	3B77 : 77;
	3B78 : 78;
	3B79 : 79;
	3B7A : 7A;
	3B7B : 7B;
	3B7C : 7C;
	3B7D : 7D;
	3B7E : 7E;
	3B7F : 7F;
	3B80 : 3B;
	3B81 : 3B;
	3B82 : 3B;
	3B83 : 3B;
	3B84 : 3B;
	3B85 : 3B;
	3B86 : 3B;
	3B87 : 3B;
	3B88 : 3B;
	3B89 : 3B;
	3B8A : 3B;
	3B8B : 3B;
	3B8C : 3B;
	3B8D : 3B;
	3B8E : 3B;
	3B8F : 3B;
	3B90 : 3B;
	3B91 : 3B;
	3B92 : 3B;
	3B93 : 3B;
	3B94 : 3B;
	3B95 : 3B;
	3B96 : 3B;
	3B97 : 3B;
	3B98 : 3A;
	3B99 : 3A;
	3B9A : 3A;
	3B9B : 3A;
	3B9C : 3A;
	3B9D : 3A;
	3B9E : 3A;
	3B9F : 3A;
	3BA0 : 3A;
	3BA1 : 3A;
	3BA2 : 3A;
	3BA3 : 3A;
	3BA4 : 3A;
	3BA5 : 39;
	3BA6 : 39;
	3BA7 : 39;
	3BA8 : 39;
	3BA9 : 39;
	3BAA : 38;
	3BAB : 38;
	3BAC : 38;
	3BAD : 38;
	3BAE : 37;
	3BAF : 36;
	3BB0 : 36;
	3BB1 : 35;
	3BB2 : 34;
	3BB3 : 33;
	3BB4 : 32;
	3BB5 : 31;
	3BB6 : 30;
	3BB7 : 2E;
	3BB8 : 2C;
	3BB9 : 28;
	3BBA : 20;
	3BBB : 00;
	3BBC : A0;
	3BBD : A8;
	3BBE : AC;
	3BBF : B0;
	3BC0 : B2;
	3BC1 : B6;
	3BC2 : B9;
	3BC3 : BB;
	3BC4 : BD;
	3BC5 : BF;
	3BC6 : C0;
	3BC7 : C2;
	3BC8 : C2;
	3BC9 : C4;
	3BCA : C6;
	3BCB : C8;
	3BCC : C9;
	3BCD : CA;
	3BCE : CB;
	3BCF : CC;
	3BD0 : CD;
	3BD1 : CF;
	3BD2 : D1;
	3BD3 : D2;
	3BD4 : D3;
	3BD5 : D4;
	3BD6 : D5;
	3BD7 : D6;
	3BD8 : D7;
	3BD9 : D8;
	3BDA : D9;
	3BDB : DA;
	3BDC : DB;
	3BDD : DC;
	3BDE : DD;
	3BDF : DE;
	3BE0 : DF;
	3BE1 : E1;
	3BE2 : E2;
	3BE3 : E3;
	3BE4 : E4;
	3BE5 : E5;
	3BE6 : E6;
	3BE7 : E7;
	3BE8 : E8;
	3BE9 : E9;
	3BEA : EA;
	3BEB : EB;
	3BEC : EC;
	3BED : ED;
	3BEE : EE;
	3BEF : EF;
	3BF0 : F0;
	3BF1 : F1;
	3BF2 : F2;
	3BF3 : F3;
	3BF4 : F4;
	3BF5 : F5;
	3BF6 : F6;
	3BF7 : F7;
	3BF8 : F8;
	3BF9 : F9;
	3BFA : FA;
	3BFB : FB;
	3BFC : FC;
	3BFD : FD;
	3BFE : FE;
	3BFF : 7F;
	3C00 : 3C;
	3C01 : 3C;
	3C02 : 3C;
	3C03 : 3C;
	3C04 : 3C;
	3C05 : 3C;
	3C06 : 3C;
	3C07 : 3C;
	3C08 : 3C;
	3C09 : 3C;
	3C0A : 3C;
	3C0B : 3C;
	3C0C : 3C;
	3C0D : 3C;
	3C0E : 3C;
	3C0F : 3C;
	3C10 : 3C;
	3C11 : 3C;
	3C12 : 3C;
	3C13 : 3C;
	3C14 : 3C;
	3C15 : 3C;
	3C16 : 3C;
	3C17 : 3C;
	3C18 : 3C;
	3C19 : 3D;
	3C1A : 3D;
	3C1B : 3D;
	3C1C : 3D;
	3C1D : 3D;
	3C1E : 3D;
	3C1F : 3D;
	3C20 : 3D;
	3C21 : 3D;
	3C22 : 3D;
	3C23 : 3D;
	3C24 : 3E;
	3C25 : 3E;
	3C26 : 3E;
	3C27 : 3E;
	3C28 : 3E;
	3C29 : 3E;
	3C2A : 3E;
	3C2B : 3F;
	3C2C : 3F;
	3C2D : 3F;
	3C2E : 40;
	3C2F : 40;
	3C30 : 40;
	3C31 : 40;
	3C32 : 40;
	3C33 : 41;
	3C34 : 41;
	3C35 : 41;
	3C36 : 42;
	3C37 : 42;
	3C38 : 42;
	3C39 : 42;
	3C3A : 43;
	3C3B : 44;
	3C3C : 44;
	3C3D : 44;
	3C3E : 45;
	3C3F : 46;
	3C40 : 46;
	3C41 : 47;
	3C42 : 48;
	3C43 : 48;
	3C44 : 49;
	3C45 : 4A;
	3C46 : 4A;
	3C47 : 4A;
	3C48 : 4B;
	3C49 : 4C;
	3C4A : 4D;
	3C4B : 4E;
	3C4C : 4F;
	3C4D : 50;
	3C4E : 50;
	3C4F : 51;
	3C50 : 52;
	3C51 : 52;
	3C52 : 54;
	3C53 : 54;
	3C54 : 56;
	3C55 : 56;
	3C56 : 58;
	3C57 : 58;
	3C58 : 59;
	3C59 : 5A;
	3C5A : 5B;
	3C5B : 5C;
	3C5C : 5D;
	3C5D : 5E;
	3C5E : 5F;
	3C5F : 60;
	3C60 : 60;
	3C61 : 61;
	3C62 : 62;
	3C63 : 63;
	3C64 : 64;
	3C65 : 65;
	3C66 : 66;
	3C67 : 67;
	3C68 : 68;
	3C69 : 69;
	3C6A : 6A;
	3C6B : 6B;
	3C6C : 6C;
	3C6D : 6D;
	3C6E : 6E;
	3C6F : 6F;
	3C70 : 70;
	3C71 : 71;
	3C72 : 72;
	3C73 : 73;
	3C74 : 74;
	3C75 : 75;
	3C76 : 76;
	3C77 : 77;
	3C78 : 78;
	3C79 : 79;
	3C7A : 7A;
	3C7B : 7B;
	3C7C : 7C;
	3C7D : 7D;
	3C7E : 7E;
	3C7F : 7F;
	3C80 : 3C;
	3C81 : 3C;
	3C82 : 3C;
	3C83 : 3C;
	3C84 : 3C;
	3C85 : 3C;
	3C86 : 3C;
	3C87 : 3C;
	3C88 : 3C;
	3C89 : 3C;
	3C8A : 3C;
	3C8B : 3C;
	3C8C : 3C;
	3C8D : 3C;
	3C8E : 3C;
	3C8F : 3C;
	3C90 : 3C;
	3C91 : 3C;
	3C92 : 3C;
	3C93 : 3C;
	3C94 : 3C;
	3C95 : 3C;
	3C96 : 3C;
	3C97 : 3C;
	3C98 : 3C;
	3C99 : 3B;
	3C9A : 3B;
	3C9B : 3B;
	3C9C : 3B;
	3C9D : 3B;
	3C9E : 3B;
	3C9F : 3B;
	3CA0 : 3B;
	3CA1 : 3B;
	3CA2 : 3B;
	3CA3 : 3B;
	3CA4 : 3A;
	3CA5 : 3A;
	3CA6 : 3A;
	3CA7 : 3A;
	3CA8 : 3A;
	3CA9 : 3A;
	3CAA : 3A;
	3CAB : 39;
	3CAC : 39;
	3CAD : 39;
	3CAE : 38;
	3CAF : 38;
	3CB0 : 38;
	3CB1 : 37;
	3CB2 : 36;
	3CB3 : 35;
	3CB4 : 34;
	3CB5 : 33;
	3CB6 : 32;
	3CB7 : 31;
	3CB8 : 30;
	3CB9 : 2C;
	3CBA : 28;
	3CBB : 20;
	3CBC : 00;
	3CBD : A0;
	3CBE : A8;
	3CBF : AC;
	3CC0 : B0;
	3CC1 : B4;
	3CC2 : B8;
	3CC3 : BA;
	3CC4 : BC;
	3CC5 : BE;
	3CC6 : C0;
	3CC7 : C1;
	3CC8 : C2;
	3CC9 : C4;
	3CCA : C6;
	3CCB : C8;
	3CCC : C9;
	3CCD : CA;
	3CCE : CB;
	3CCF : CC;
	3CD0 : CD;
	3CD1 : CF;
	3CD2 : D0;
	3CD3 : D2;
	3CD4 : D2;
	3CD5 : D4;
	3CD6 : D4;
	3CD7 : D6;
	3CD8 : D6;
	3CD9 : D8;
	3CDA : D9;
	3CDB : DA;
	3CDC : DB;
	3CDD : DC;
	3CDE : DD;
	3CDF : DE;
	3CE0 : DF;
	3CE1 : E1;
	3CE2 : E2;
	3CE3 : E3;
	3CE4 : E4;
	3CE5 : E5;
	3CE6 : E6;
	3CE7 : E7;
	3CE8 : E8;
	3CE9 : E9;
	3CEA : EA;
	3CEB : EB;
	3CEC : EC;
	3CED : ED;
	3CEE : EE;
	3CEF : EF;
	3CF0 : F0;
	3CF1 : F1;
	3CF2 : F2;
	3CF3 : F3;
	3CF4 : F4;
	3CF5 : F5;
	3CF6 : F6;
	3CF7 : F7;
	3CF8 : F8;
	3CF9 : F9;
	3CFA : FA;
	3CFB : FB;
	3CFC : FC;
	3CFD : FD;
	3CFE : FE;
	3CFF : 7F;
	3D00 : 3D;
	3D01 : 3D;
	3D02 : 3D;
	3D03 : 3D;
	3D04 : 3D;
	3D05 : 3D;
	3D06 : 3D;
	3D07 : 3D;
	3D08 : 3D;
	3D09 : 3D;
	3D0A : 3D;
	3D0B : 3D;
	3D0C : 3D;
	3D0D : 3D;
	3D0E : 3D;
	3D0F : 3D;
	3D10 : 3D;
	3D11 : 3D;
	3D12 : 3D;
	3D13 : 3D;
	3D14 : 3D;
	3D15 : 3D;
	3D16 : 3D;
	3D17 : 3D;
	3D18 : 3E;
	3D19 : 3E;
	3D1A : 3E;
	3D1B : 3E;
	3D1C : 3E;
	3D1D : 3E;
	3D1E : 3E;
	3D1F : 3E;
	3D20 : 3E;
	3D21 : 3E;
	3D22 : 3E;
	3D23 : 3E;
	3D24 : 3E;
	3D25 : 3F;
	3D26 : 3F;
	3D27 : 3F;
	3D28 : 3F;
	3D29 : 3F;
	3D2A : 40;
	3D2B : 40;
	3D2C : 40;
	3D2D : 40;
	3D2E : 40;
	3D2F : 40;
	3D30 : 40;
	3D31 : 41;
	3D32 : 41;
	3D33 : 41;
	3D34 : 42;
	3D35 : 42;
	3D36 : 42;
	3D37 : 42;
	3D38 : 42;
	3D39 : 43;
	3D3A : 44;
	3D3B : 44;
	3D3C : 44;
	3D3D : 45;
	3D3E : 46;
	3D3F : 46;
	3D40 : 46;
	3D41 : 48;
	3D42 : 48;
	3D43 : 49;
	3D44 : 49;
	3D45 : 4A;
	3D46 : 4A;
	3D47 : 4B;
	3D48 : 4B;
	3D49 : 4C;
	3D4A : 4D;
	3D4B : 4E;
	3D4C : 4F;
	3D4D : 50;
	3D4E : 51;
	3D4F : 51;
	3D50 : 52;
	3D51 : 53;
	3D52 : 54;
	3D53 : 55;
	3D54 : 56;
	3D55 : 57;
	3D56 : 58;
	3D57 : 58;
	3D58 : 59;
	3D59 : 5A;
	3D5A : 5B;
	3D5B : 5C;
	3D5C : 5D;
	3D5D : 5E;
	3D5E : 5F;
	3D5F : 60;
	3D60 : 60;
	3D61 : 61;
	3D62 : 62;
	3D63 : 63;
	3D64 : 64;
	3D65 : 65;
	3D66 : 66;
	3D67 : 67;
	3D68 : 68;
	3D69 : 69;
	3D6A : 6A;
	3D6B : 6B;
	3D6C : 6C;
	3D6D : 6D;
	3D6E : 6E;
	3D6F : 6F;
	3D70 : 70;
	3D71 : 71;
	3D72 : 72;
	3D73 : 73;
	3D74 : 74;
	3D75 : 75;
	3D76 : 76;
	3D77 : 77;
	3D78 : 78;
	3D79 : 79;
	3D7A : 7A;
	3D7B : 7B;
	3D7C : 7C;
	3D7D : 7D;
	3D7E : 7E;
	3D7F : 7F;
	3D80 : 3D;
	3D81 : 3D;
	3D82 : 3D;
	3D83 : 3D;
	3D84 : 3D;
	3D85 : 3D;
	3D86 : 3D;
	3D87 : 3D;
	3D88 : 3D;
	3D89 : 3D;
	3D8A : 3D;
	3D8B : 3D;
	3D8C : 3D;
	3D8D : 3D;
	3D8E : 3D;
	3D8F : 3D;
	3D90 : 3D;
	3D91 : 3D;
	3D92 : 3D;
	3D93 : 3D;
	3D94 : 3D;
	3D95 : 3D;
	3D96 : 3D;
	3D97 : 3D;
	3D98 : 3C;
	3D99 : 3C;
	3D9A : 3C;
	3D9B : 3C;
	3D9C : 3C;
	3D9D : 3C;
	3D9E : 3C;
	3D9F : 3C;
	3DA0 : 3C;
	3DA1 : 3C;
	3DA2 : 3C;
	3DA3 : 3C;
	3DA4 : 3C;
	3DA5 : 3B;
	3DA6 : 3B;
	3DA7 : 3B;
	3DA8 : 3B;
	3DA9 : 3B;
	3DAA : 3A;
	3DAB : 3A;
	3DAC : 3A;
	3DAD : 3A;
	3DAE : 3A;
	3DAF : 39;
	3DB0 : 39;
	3DB1 : 38;
	3DB2 : 38;
	3DB3 : 37;
	3DB4 : 36;
	3DB5 : 35;
	3DB6 : 34;
	3DB7 : 33;
	3DB8 : 32;
	3DB9 : 30;
	3DBA : 2C;
	3DBB : 28;
	3DBC : 20;
	3DBD : 00;
	3DBE : A0;
	3DBF : A8;
	3DC0 : AC;
	3DC1 : B2;
	3DC2 : B6;
	3DC3 : B9;
	3DC4 : BB;
	3DC5 : BD;
	3DC6 : BF;
	3DC7 : C0;
	3DC8 : C2;
	3DC9 : C4;
	3DCA : C6;
	3DCB : C8;
	3DCC : C9;
	3DCD : CA;
	3DCE : CB;
	3DCF : CC;
	3DD0 : CD;
	3DD1 : CF;
	3DD2 : D0;
	3DD3 : D1;
	3DD4 : D2;
	3DD5 : D3;
	3DD6 : D4;
	3DD7 : D5;
	3DD8 : D6;
	3DD9 : D8;
	3DDA : D9;
	3DDB : DA;
	3DDC : DB;
	3DDD : DC;
	3DDE : DD;
	3DDF : DE;
	3DE0 : DF;
	3DE1 : E1;
	3DE2 : E2;
	3DE3 : E3;
	3DE4 : E4;
	3DE5 : E5;
	3DE6 : E6;
	3DE7 : E7;
	3DE8 : E8;
	3DE9 : E9;
	3DEA : EA;
	3DEB : EB;
	3DEC : EC;
	3DED : ED;
	3DEE : EE;
	3DEF : EF;
	3DF0 : F0;
	3DF1 : F1;
	3DF2 : F2;
	3DF3 : F3;
	3DF4 : F4;
	3DF5 : F5;
	3DF6 : F6;
	3DF7 : F7;
	3DF8 : F8;
	3DF9 : F9;
	3DFA : FA;
	3DFB : FB;
	3DFC : FC;
	3DFD : FD;
	3DFE : FE;
	3DFF : 7F;
	3E00 : 3E;
	3E01 : 3E;
	3E02 : 3E;
	3E03 : 3E;
	3E04 : 3E;
	3E05 : 3E;
	3E06 : 3E;
	3E07 : 3E;
	3E08 : 3E;
	3E09 : 3E;
	3E0A : 3E;
	3E0B : 3E;
	3E0C : 3E;
	3E0D : 3E;
	3E0E : 3E;
	3E0F : 3E;
	3E10 : 3E;
	3E11 : 3E;
	3E12 : 3E;
	3E13 : 3E;
	3E14 : 3E;
	3E15 : 3E;
	3E16 : 3E;
	3E17 : 3E;
	3E18 : 3E;
	3E19 : 3F;
	3E1A : 3F;
	3E1B : 3F;
	3E1C : 3F;
	3E1D : 3F;
	3E1E : 3F;
	3E1F : 3F;
	3E20 : 3F;
	3E21 : 3F;
	3E22 : 3F;
	3E23 : 3F;
	3E24 : 40;
	3E25 : 40;
	3E26 : 40;
	3E27 : 40;
	3E28 : 40;
	3E29 : 40;
	3E2A : 40;
	3E2B : 40;
	3E2C : 40;
	3E2D : 41;
	3E2E : 41;
	3E2F : 41;
	3E30 : 41;
	3E31 : 41;
	3E32 : 42;
	3E33 : 42;
	3E34 : 42;
	3E35 : 42;
	3E36 : 42;
	3E37 : 43;
	3E38 : 43;
	3E39 : 44;
	3E3A : 44;
	3E3B : 44;
	3E3C : 45;
	3E3D : 46;
	3E3E : 46;
	3E3F : 46;
	3E40 : 47;
	3E41 : 48;
	3E42 : 48;
	3E43 : 49;
	3E44 : 4A;
	3E45 : 4A;
	3E46 : 4A;
	3E47 : 4B;
	3E48 : 4C;
	3E49 : 4C;
	3E4A : 4E;
	3E4B : 4E;
	3E4C : 50;
	3E4D : 50;
	3E4E : 51;
	3E4F : 51;
	3E50 : 52;
	3E51 : 53;
	3E52 : 54;
	3E53 : 55;
	3E54 : 56;
	3E55 : 57;
	3E56 : 58;
	3E57 : 58;
	3E58 : 59;
	3E59 : 5A;
	3E5A : 5B;
	3E5B : 5C;
	3E5C : 5D;
	3E5D : 5E;
	3E5E : 5F;
	3E5F : 60;
	3E60 : 60;
	3E61 : 61;
	3E62 : 62;
	3E63 : 63;
	3E64 : 64;
	3E65 : 65;
	3E66 : 66;
	3E67 : 67;
	3E68 : 68;
	3E69 : 69;
	3E6A : 6A;
	3E6B : 6B;
	3E6C : 6C;
	3E6D : 6D;
	3E6E : 6E;
	3E6F : 6F;
	3E70 : 70;
	3E71 : 71;
	3E72 : 72;
	3E73 : 73;
	3E74 : 74;
	3E75 : 75;
	3E76 : 76;
	3E77 : 77;
	3E78 : 78;
	3E79 : 79;
	3E7A : 7A;
	3E7B : 7B;
	3E7C : 7C;
	3E7D : 7D;
	3E7E : 7E;
	3E7F : 7F;
	3E80 : 3E;
	3E81 : 3E;
	3E82 : 3E;
	3E83 : 3E;
	3E84 : 3E;
	3E85 : 3E;
	3E86 : 3E;
	3E87 : 3E;
	3E88 : 3E;
	3E89 : 3E;
	3E8A : 3E;
	3E8B : 3E;
	3E8C : 3E;
	3E8D : 3E;
	3E8E : 3E;
	3E8F : 3E;
	3E90 : 3E;
	3E91 : 3E;
	3E92 : 3E;
	3E93 : 3E;
	3E94 : 3E;
	3E95 : 3E;
	3E96 : 3E;
	3E97 : 3E;
	3E98 : 3E;
	3E99 : 3D;
	3E9A : 3D;
	3E9B : 3D;
	3E9C : 3D;
	3E9D : 3D;
	3E9E : 3D;
	3E9F : 3D;
	3EA0 : 3D;
	3EA1 : 3D;
	3EA2 : 3D;
	3EA3 : 3D;
	3EA4 : 3C;
	3EA5 : 3C;
	3EA6 : 3C;
	3EA7 : 3C;
	3EA8 : 3C;
	3EA9 : 3C;
	3EAA : 3C;
	3EAB : 3B;
	3EAC : 3B;
	3EAD : 3B;
	3EAE : 3A;
	3EAF : 3A;
	3EB0 : 3A;
	3EB1 : 3A;
	3EB2 : 39;
	3EB3 : 38;
	3EB4 : 38;
	3EB5 : 37;
	3EB6 : 36;
	3EB7 : 35;
	3EB8 : 34;
	3EB9 : 32;
	3EBA : 30;
	3EBB : 2C;
	3EBC : 28;
	3EBD : 20;
	3EBE : 00;
	3EBF : A0;
	3EC0 : A8;
	3EC1 : B0;
	3EC2 : B4;
	3EC3 : B8;
	3EC4 : BA;
	3EC5 : BC;
	3EC6 : BE;
	3EC7 : C0;
	3EC8 : C1;
	3EC9 : C3;
	3ECA : C5;
	3ECB : C7;
	3ECC : C8;
	3ECD : CA;
	3ECE : CA;
	3ECF : CC;
	3ED0 : CC;
	3ED1 : CE;
	3ED2 : D0;
	3ED3 : D1;
	3ED4 : D2;
	3ED5 : D3;
	3ED6 : D4;
	3ED7 : D5;
	3ED8 : D6;
	3ED9 : D8;
	3EDA : D9;
	3EDB : DA;
	3EDC : DB;
	3EDD : DC;
	3EDE : DD;
	3EDF : DE;
	3EE0 : DF;
	3EE1 : E1;
	3EE2 : E2;
	3EE3 : E3;
	3EE4 : E4;
	3EE5 : E5;
	3EE6 : E6;
	3EE7 : E7;
	3EE8 : E8;
	3EE9 : E9;
	3EEA : EA;
	3EEB : EB;
	3EEC : EC;
	3EED : ED;
	3EEE : EE;
	3EEF : EF;
	3EF0 : F0;
	3EF1 : F1;
	3EF2 : F2;
	3EF3 : F3;
	3EF4 : F4;
	3EF5 : F5;
	3EF6 : F6;
	3EF7 : F7;
	3EF8 : F8;
	3EF9 : F9;
	3EFA : FA;
	3EFB : FB;
	3EFC : FC;
	3EFD : FD;
	3EFE : FE;
	3EFF : 7F;
	3F00 : 3F;
	3F01 : 3F;
	3F02 : 3F;
	3F03 : 3F;
	3F04 : 3F;
	3F05 : 3F;
	3F06 : 3F;
	3F07 : 3F;
	3F08 : 3F;
	3F09 : 3F;
	3F0A : 3F;
	3F0B : 3F;
	3F0C : 3F;
	3F0D : 3F;
	3F0E : 3F;
	3F0F : 3F;
	3F10 : 3F;
	3F11 : 3F;
	3F12 : 3F;
	3F13 : 3F;
	3F14 : 3F;
	3F15 : 3F;
	3F16 : 3F;
	3F17 : 3F;
	3F18 : 40;
	3F19 : 40;
	3F1A : 40;
	3F1B : 40;
	3F1C : 40;
	3F1D : 40;
	3F1E : 40;
	3F1F : 40;
	3F20 : 40;
	3F21 : 40;
	3F22 : 40;
	3F23 : 40;
	3F24 : 40;
	3F25 : 40;
	3F26 : 40;
	3F27 : 40;
	3F28 : 40;
	3F29 : 41;
	3F2A : 41;
	3F2B : 41;
	3F2C : 41;
	3F2D : 41;
	3F2E : 41;
	3F2F : 41;
	3F30 : 42;
	3F31 : 42;
	3F32 : 42;
	3F33 : 42;
	3F34 : 42;
	3F35 : 43;
	3F36 : 43;
	3F37 : 43;
	3F38 : 44;
	3F39 : 44;
	3F3A : 44;
	3F3B : 45;
	3F3C : 46;
	3F3D : 46;
	3F3E : 46;
	3F3F : 47;
	3F40 : 48;
	3F41 : 48;
	3F42 : 49;
	3F43 : 49;
	3F44 : 4A;
	3F45 : 4A;
	3F46 : 4B;
	3F47 : 4B;
	3F48 : 4C;
	3F49 : 4D;
	3F4A : 4E;
	3F4B : 4F;
	3F4C : 50;
	3F4D : 50;
	3F4E : 51;
	3F4F : 51;
	3F50 : 52;
	3F51 : 53;
	3F52 : 54;
	3F53 : 55;
	3F54 : 56;
	3F55 : 57;
	3F56 : 58;
	3F57 : 58;
	3F58 : 59;
	3F59 : 5A;
	3F5A : 5B;
	3F5B : 5C;
	3F5C : 5D;
	3F5D : 5E;
	3F5E : 5F;
	3F5F : 60;
	3F60 : 60;
	3F61 : 61;
	3F62 : 62;
	3F63 : 63;
	3F64 : 64;
	3F65 : 65;
	3F66 : 66;
	3F67 : 67;
	3F68 : 68;
	3F69 : 69;
	3F6A : 6A;
	3F6B : 6B;
	3F6C : 6C;
	3F6D : 6D;
	3F6E : 6E;
	3F6F : 6F;
	3F70 : 70;
	3F71 : 71;
	3F72 : 72;
	3F73 : 73;
	3F74 : 74;
	3F75 : 75;
	3F76 : 76;
	3F77 : 77;
	3F78 : 78;
	3F79 : 79;
	3F7A : 7A;
	3F7B : 7B;
	3F7C : 7C;
	3F7D : 7D;
	3F7E : 7E;
	3F7F : 7F;
	3F80 : 3F;
	3F81 : 3F;
	3F82 : 3F;
	3F83 : 3F;
	3F84 : 3F;
	3F85 : 3F;
	3F86 : 3F;
	3F87 : 3F;
	3F88 : 3F;
	3F89 : 3F;
	3F8A : 3F;
	3F8B : 3F;
	3F8C : 3F;
	3F8D : 3F;
	3F8E : 3F;
	3F8F : 3F;
	3F90 : 3F;
	3F91 : 3F;
	3F92 : 3F;
	3F93 : 3F;
	3F94 : 3F;
	3F95 : 3F;
	3F96 : 3F;
	3F97 : 3F;
	3F98 : 3E;
	3F99 : 3E;
	3F9A : 3E;
	3F9B : 3E;
	3F9C : 3E;
	3F9D : 3E;
	3F9E : 3E;
	3F9F : 3E;
	3FA0 : 3E;
	3FA1 : 3E;
	3FA2 : 3E;
	3FA3 : 3E;
	3FA4 : 3E;
	3FA5 : 3D;
	3FA6 : 3D;
	3FA7 : 3D;
	3FA8 : 3D;
	3FA9 : 3D;
	3FAA : 3C;
	3FAB : 3C;
	3FAC : 3C;
	3FAD : 3C;
	3FAE : 3C;
	3FAF : 3B;
	3FB0 : 3B;
	3FB1 : 3A;
	3FB2 : 3A;
	3FB3 : 3A;
	3FB4 : 39;
	3FB5 : 38;
	3FB6 : 38;
	3FB7 : 37;
	3FB8 : 36;
	3FB9 : 34;
	3FBA : 32;
	3FBB : 30;
	3FBC : 2C;
	3FBD : 28;
	3FBE : 20;
	3FBF : 00;
	3FC0 : A0;
	3FC1 : AC;
	3FC2 : B2;
	3FC3 : B6;
	3FC4 : B9;
	3FC5 : BB;
	3FC6 : BD;
	3FC7 : BF;
	3FC8 : C0;
	3FC9 : C2;
	3FCA : C4;
	3FCB : C6;
	3FCC : C8;
	3FCD : C9;
	3FCE : CA;
	3FCF : CB;
	3FD0 : CC;
	3FD1 : CE;
	3FD2 : D0;
	3FD3 : D1;
	3FD4 : D2;
	3FD5 : D3;
	3FD6 : D4;
	3FD7 : D5;
	3FD8 : D6;
	3FD9 : D8;
	3FDA : D9;
	3FDB : DA;
	3FDC : DB;
	3FDD : DC;
	3FDE : DD;
	3FDF : DE;
	3FE0 : DF;
	3FE1 : E1;
	3FE2 : E2;
	3FE3 : E3;
	3FE4 : E4;
	3FE5 : E5;
	3FE6 : E6;
	3FE7 : E7;
	3FE8 : E8;
	3FE9 : E9;
	3FEA : EA;
	3FEB : EB;
	3FEC : EC;
	3FED : ED;
	3FEE : EE;
	3FEF : EF;
	3FF0 : F0;
	3FF1 : F1;
	3FF2 : F2;
	3FF3 : F3;
	3FF4 : F4;
	3FF5 : F5;
	3FF6 : F6;
	3FF7 : F7;
	3FF8 : F8;
	3FF9 : F9;
	3FFA : FA;
	3FFB : FB;
	3FFC : FC;
	3FFD : FD;
	3FFE : FE;
	3FFF : 7F;
	4000 : 40;
	4001 : 40;
	4002 : 40;
	4003 : 40;
	4004 : 40;
	4005 : 40;
	4006 : 40;
	4007 : 40;
	4008 : 40;
	4009 : 40;
	400A : 40;
	400B : 40;
	400C : 40;
	400D : 40;
	400E : 40;
	400F : 40;
	4010 : 40;
	4011 : 40;
	4012 : 40;
	4013 : 40;
	4014 : 40;
	4015 : 40;
	4016 : 40;
	4017 : 40;
	4018 : 40;
	4019 : 40;
	401A : 40;
	401B : 40;
	401C : 40;
	401D : 40;
	401E : 40;
	401F : 40;
	4020 : 40;
	4021 : 41;
	4022 : 41;
	4023 : 41;
	4024 : 41;
	4025 : 41;
	4026 : 41;
	4027 : 41;
	4028 : 41;
	4029 : 41;
	402A : 41;
	402B : 41;
	402C : 42;
	402D : 42;
	402E : 42;
	402F : 42;
	4030 : 42;
	4031 : 42;
	4032 : 42;
	4033 : 43;
	4034 : 43;
	4035 : 43;
	4036 : 44;
	4037 : 44;
	4038 : 44;
	4039 : 44;
	403A : 45;
	403B : 46;
	403C : 46;
	403D : 46;
	403E : 47;
	403F : 48;
	4040 : 48;
	4041 : 48;
	4042 : 49;
	4043 : 4A;
	4044 : 4A;
	4045 : 4A;
	4046 : 4B;
	4047 : 4C;
	4048 : 4C;
	4049 : 4D;
	404A : 4E;
	404B : 4F;
	404C : 50;
	404D : 50;
	404E : 51;
	404F : 52;
	4050 : 52;
	4051 : 53;
	4052 : 54;
	4053 : 55;
	4054 : 56;
	4055 : 57;
	4056 : 58;
	4057 : 58;
	4058 : 59;
	4059 : 5A;
	405A : 5B;
	405B : 5C;
	405C : 5D;
	405D : 5E;
	405E : 5F;
	405F : 60;
	4060 : 60;
	4061 : 62;
	4062 : 62;
	4063 : 64;
	4064 : 64;
	4065 : 66;
	4066 : 66;
	4067 : 68;
	4068 : 68;
	4069 : 69;
	406A : 6A;
	406B : 6B;
	406C : 6C;
	406D : 6D;
	406E : 6E;
	406F : 6F;
	4070 : 70;
	4071 : 71;
	4072 : 72;
	4073 : 73;
	4074 : 74;
	4075 : 75;
	4076 : 76;
	4077 : 77;
	4078 : 78;
	4079 : 79;
	407A : 7A;
	407B : 7B;
	407C : 7C;
	407D : 7D;
	407E : 7E;
	407F : 7F;
	4080 : 40;
	4081 : 40;
	4082 : 40;
	4083 : 40;
	4084 : 40;
	4085 : 40;
	4086 : 40;
	4087 : 40;
	4088 : 40;
	4089 : 40;
	408A : 40;
	408B : 40;
	408C : 40;
	408D : 40;
	408E : 40;
	408F : 40;
	4090 : 40;
	4091 : 40;
	4092 : 40;
	4093 : 40;
	4094 : 40;
	4095 : 40;
	4096 : 40;
	4097 : 40;
	4098 : 40;
	4099 : 3F;
	409A : 3F;
	409B : 3F;
	409C : 3F;
	409D : 3F;
	409E : 3F;
	409F : 3F;
	40A0 : 3F;
	40A1 : 3F;
	40A2 : 3F;
	40A3 : 3F;
	40A4 : 3E;
	40A5 : 3E;
	40A6 : 3E;
	40A7 : 3E;
	40A8 : 3E;
	40A9 : 3E;
	40AA : 3E;
	40AB : 3D;
	40AC : 3D;
	40AD : 3D;
	40AE : 3C;
	40AF : 3C;
	40B0 : 3C;
	40B1 : 3C;
	40B2 : 3B;
	40B3 : 3A;
	40B4 : 3A;
	40B5 : 3A;
	40B6 : 39;
	40B7 : 38;
	40B8 : 38;
	40B9 : 36;
	40BA : 34;
	40BB : 32;
	40BC : 30;
	40BD : 2C;
	40BE : 28;
	40BF : 20;
	40C0 : 00;
	40C1 : A8;
	40C2 : B0;
	40C3 : B4;
	40C4 : B8;
	40C5 : BA;
	40C6 : BC;
	40C7 : BE;
	40C8 : C0;
	40C9 : C2;
	40CA : C4;
	40CB : C6;
	40CC : C8;
	40CD : C9;
	40CE : CA;
	40CF : CB;
	40D0 : CC;
	40D1 : CE;
	40D2 : D0;
	40D3 : D1;
	40D4 : D2;
	40D5 : D3;
	40D6 : D4;
	40D7 : D5;
	40D8 : D6;
	40D9 : D8;
	40DA : D9;
	40DB : DA;
	40DC : DB;
	40DD : DC;
	40DE : DD;
	40DF : DE;
	40E0 : DF;
	40E1 : E0;
	40E2 : E2;
	40E3 : E2;
	40E4 : E4;
	40E5 : E4;
	40E6 : E6;
	40E7 : E6;
	40E8 : E8;
	40E9 : E9;
	40EA : EA;
	40EB : EB;
	40EC : EC;
	40ED : ED;
	40EE : EE;
	40EF : EF;
	40F0 : F0;
	40F1 : F1;
	40F2 : F2;
	40F3 : F3;
	40F4 : F4;
	40F5 : F5;
	40F6 : F6;
	40F7 : F7;
	40F8 : F8;
	40F9 : F9;
	40FA : FA;
	40FB : FB;
	40FC : FC;
	40FD : FD;
	40FE : FE;
	40FF : 7F;
	4100 : 41;
	4101 : 41;
	4102 : 41;
	4103 : 41;
	4104 : 41;
	4105 : 41;
	4106 : 41;
	4107 : 41;
	4108 : 41;
	4109 : 41;
	410A : 41;
	410B : 41;
	410C : 41;
	410D : 41;
	410E : 41;
	410F : 41;
	4110 : 41;
	4111 : 41;
	4112 : 41;
	4113 : 41;
	4114 : 41;
	4115 : 41;
	4116 : 41;
	4117 : 41;
	4118 : 41;
	4119 : 41;
	411A : 41;
	411B : 41;
	411C : 41;
	411D : 41;
	411E : 41;
	411F : 41;
	4120 : 42;
	4121 : 42;
	4122 : 42;
	4123 : 42;
	4124 : 42;
	4125 : 42;
	4126 : 42;
	4127 : 42;
	4128 : 42;
	4129 : 42;
	412A : 42;
	412B : 42;
	412C : 42;
	412D : 43;
	412E : 43;
	412F : 43;
	4130 : 43;
	4131 : 43;
	4132 : 44;
	4133 : 44;
	4134 : 44;
	4135 : 44;
	4136 : 44;
	4137 : 45;
	4138 : 45;
	4139 : 46;
	413A : 46;
	413B : 46;
	413C : 47;
	413D : 48;
	413E : 48;
	413F : 48;
	4140 : 48;
	4141 : 49;
	4142 : 4A;
	4143 : 4A;
	4144 : 4A;
	4145 : 4B;
	4146 : 4C;
	4147 : 4C;
	4148 : 4C;
	4149 : 4E;
	414A : 4E;
	414B : 50;
	414C : 50;
	414D : 51;
	414E : 51;
	414F : 52;
	4150 : 52;
	4151 : 53;
	4152 : 54;
	4153 : 55;
	4154 : 56;
	4155 : 57;
	4156 : 58;
	4157 : 59;
	4158 : 59;
	4159 : 5A;
	415A : 5B;
	415B : 5C;
	415C : 5D;
	415D : 5E;
	415E : 5F;
	415F : 60;
	4160 : 61;
	4161 : 62;
	4162 : 63;
	4163 : 64;
	4164 : 65;
	4165 : 66;
	4166 : 67;
	4167 : 68;
	4168 : 68;
	4169 : 69;
	416A : 6A;
	416B : 6B;
	416C : 6C;
	416D : 6D;
	416E : 6E;
	416F : 6F;
	4170 : 70;
	4171 : 71;
	4172 : 72;
	4173 : 73;
	4174 : 74;
	4175 : 75;
	4176 : 76;
	4177 : 77;
	4178 : 78;
	4179 : 79;
	417A : 7A;
	417B : 7B;
	417C : 7C;
	417D : 7D;
	417E : 7E;
	417F : 7F;
	4180 : 41;
	4181 : 41;
	4182 : 41;
	4183 : 41;
	4184 : 41;
	4185 : 41;
	4186 : 41;
	4187 : 41;
	4188 : 41;
	4189 : 41;
	418A : 41;
	418B : 41;
	418C : 41;
	418D : 41;
	418E : 41;
	418F : 41;
	4190 : 41;
	4191 : 41;
	4192 : 41;
	4193 : 41;
	4194 : 41;
	4195 : 41;
	4196 : 41;
	4197 : 41;
	4198 : 41;
	4199 : 41;
	419A : 41;
	419B : 41;
	419C : 41;
	419D : 41;
	419E : 41;
	419F : 41;
	41A0 : 40;
	41A1 : 40;
	41A2 : 40;
	41A3 : 40;
	41A4 : 40;
	41A5 : 40;
	41A6 : 40;
	41A7 : 40;
	41A8 : 40;
	41A9 : 40;
	41AA : 40;
	41AB : 3F;
	41AC : 3F;
	41AD : 3F;
	41AE : 3E;
	41AF : 3E;
	41B0 : 3E;
	41B1 : 3E;
	41B2 : 3D;
	41B3 : 3C;
	41B4 : 3C;
	41B5 : 3C;
	41B6 : 3B;
	41B7 : 3A;
	41B8 : 3A;
	41B9 : 39;
	41BA : 38;
	41BB : 36;
	41BC : 34;
	41BD : 32;
	41BE : 30;
	41BF : 2C;
	41C0 : 28;
	41C1 : 00;
	41C2 : A8;
	41C3 : B0;
	41C4 : B4;
	41C5 : B8;
	41C6 : BA;
	41C7 : BC;
	41C8 : BE;
	41C9 : C1;
	41CA : C3;
	41CB : C5;
	41CC : C7;
	41CD : C8;
	41CE : CA;
	41CF : CA;
	41D0 : CC;
	41D1 : CE;
	41D2 : D0;
	41D3 : D1;
	41D4 : D2;
	41D5 : D3;
	41D6 : D4;
	41D7 : D5;
	41D8 : D6;
	41D9 : D8;
	41DA : D9;
	41DB : DA;
	41DC : DB;
	41DD : DC;
	41DE : DD;
	41DF : DE;
	41E0 : DF;
	41E1 : E0;
	41E2 : E1;
	41E3 : E2;
	41E4 : E3;
	41E5 : E4;
	41E6 : E5;
	41E7 : E6;
	41E8 : E7;
	41E9 : E9;
	41EA : EA;
	41EB : EB;
	41EC : EC;
	41ED : ED;
	41EE : EE;
	41EF : EF;
	41F0 : F0;
	41F1 : F1;
	41F2 : F2;
	41F3 : F3;
	41F4 : F4;
	41F5 : F5;
	41F6 : F6;
	41F7 : F7;
	41F8 : F8;
	41F9 : F9;
	41FA : FA;
	41FB : FB;
	41FC : FC;
	41FD : FD;
	41FE : FE;
	41FF : 7F;
	4200 : 42;
	4201 : 42;
	4202 : 42;
	4203 : 42;
	4204 : 42;
	4205 : 42;
	4206 : 42;
	4207 : 42;
	4208 : 42;
	4209 : 42;
	420A : 42;
	420B : 42;
	420C : 42;
	420D : 42;
	420E : 42;
	420F : 42;
	4210 : 42;
	4211 : 42;
	4212 : 42;
	4213 : 42;
	4214 : 42;
	4215 : 42;
	4216 : 42;
	4217 : 42;
	4218 : 42;
	4219 : 42;
	421A : 42;
	421B : 42;
	421C : 42;
	421D : 42;
	421E : 42;
	421F : 42;
	4220 : 42;
	4221 : 43;
	4222 : 43;
	4223 : 43;
	4224 : 43;
	4225 : 43;
	4226 : 43;
	4227 : 43;
	4228 : 43;
	4229 : 43;
	422A : 43;
	422B : 43;
	422C : 44;
	422D : 44;
	422E : 44;
	422F : 44;
	4230 : 44;
	4231 : 44;
	4232 : 44;
	4233 : 45;
	4234 : 45;
	4235 : 45;
	4236 : 46;
	4237 : 46;
	4238 : 46;
	4239 : 46;
	423A : 47;
	423B : 48;
	423C : 48;
	423D : 48;
	423E : 48;
	423F : 49;
	4240 : 49;
	4241 : 4A;
	4242 : 4A;
	4243 : 4A;
	4244 : 4B;
	4245 : 4C;
	4246 : 4C;
	4247 : 4C;
	4248 : 4D;
	4249 : 4E;
	424A : 4F;
	424B : 50;
	424C : 50;
	424D : 51;
	424E : 52;
	424F : 52;
	4250 : 52;
	4251 : 54;
	4252 : 54;
	4253 : 56;
	4254 : 56;
	4255 : 58;
	4256 : 58;
	4257 : 59;
	4258 : 59;
	4259 : 5A;
	425A : 5B;
	425B : 5C;
	425C : 5D;
	425D : 5E;
	425E : 5F;
	425F : 60;
	4260 : 61;
	4261 : 62;
	4262 : 63;
	4263 : 64;
	4264 : 65;
	4265 : 66;
	4266 : 67;
	4267 : 68;
	4268 : 68;
	4269 : 69;
	426A : 6A;
	426B : 6B;
	426C : 6C;
	426D : 6D;
	426E : 6E;
	426F : 6F;
	4270 : 70;
	4271 : 71;
	4272 : 72;
	4273 : 73;
	4274 : 74;
	4275 : 75;
	4276 : 76;
	4277 : 77;
	4278 : 78;
	4279 : 79;
	427A : 7A;
	427B : 7B;
	427C : 7C;
	427D : 7D;
	427E : 7E;
	427F : 7F;
	4280 : 42;
	4281 : 42;
	4282 : 42;
	4283 : 42;
	4284 : 42;
	4285 : 42;
	4286 : 42;
	4287 : 42;
	4288 : 42;
	4289 : 42;
	428A : 42;
	428B : 42;
	428C : 42;
	428D : 42;
	428E : 42;
	428F : 42;
	4290 : 42;
	4291 : 42;
	4292 : 42;
	4293 : 42;
	4294 : 42;
	4295 : 42;
	4296 : 42;
	4297 : 42;
	4298 : 42;
	4299 : 42;
	429A : 42;
	429B : 42;
	429C : 42;
	429D : 42;
	429E : 42;
	429F : 42;
	42A0 : 42;
	42A1 : 41;
	42A2 : 41;
	42A3 : 41;
	42A4 : 41;
	42A5 : 41;
	42A6 : 41;
	42A7 : 41;
	42A8 : 41;
	42A9 : 41;
	42AA : 41;
	42AB : 41;
	42AC : 40;
	42AD : 40;
	42AE : 40;
	42AF : 40;
	42B0 : 40;
	42B1 : 40;
	42B2 : 3F;
	42B3 : 3E;
	42B4 : 3E;
	42B5 : 3E;
	42B6 : 3D;
	42B7 : 3C;
	42B8 : 3C;
	42B9 : 3B;
	42BA : 3A;
	42BB : 39;
	42BC : 38;
	42BD : 36;
	42BE : 34;
	42BF : 32;
	42C0 : 30;
	42C1 : 28;
	42C2 : 00;
	42C3 : A8;
	42C4 : B0;
	42C5 : B4;
	42C6 : B8;
	42C7 : BA;
	42C8 : BC;
	42C9 : C0;
	42CA : C2;
	42CB : C4;
	42CC : C6;
	42CD : C8;
	42CE : C9;
	42CF : CA;
	42D0 : CB;
	42D1 : CD;
	42D2 : CF;
	42D3 : D0;
	42D4 : D2;
	42D5 : D2;
	42D6 : D4;
	42D7 : D4;
	42D8 : D6;
	42D9 : D8;
	42DA : D9;
	42DB : DA;
	42DC : DB;
	42DD : DC;
	42DE : DD;
	42DF : DE;
	42E0 : DF;
	42E1 : E0;
	42E2 : E1;
	42E3 : E2;
	42E4 : E3;
	42E5 : E4;
	42E6 : E5;
	42E7 : E6;
	42E8 : E7;
	42E9 : E9;
	42EA : EA;
	42EB : EB;
	42EC : EC;
	42ED : ED;
	42EE : EE;
	42EF : EF;
	42F0 : F0;
	42F1 : F1;
	42F2 : F2;
	42F3 : F3;
	42F4 : F4;
	42F5 : F5;
	42F6 : F6;
	42F7 : F7;
	42F8 : F8;
	42F9 : F9;
	42FA : FA;
	42FB : FB;
	42FC : FC;
	42FD : FD;
	42FE : FE;
	42FF : 7F;
	4300 : 43;
	4301 : 43;
	4302 : 43;
	4303 : 43;
	4304 : 43;
	4305 : 43;
	4306 : 43;
	4307 : 43;
	4308 : 43;
	4309 : 43;
	430A : 43;
	430B : 43;
	430C : 43;
	430D : 43;
	430E : 43;
	430F : 43;
	4310 : 43;
	4311 : 43;
	4312 : 43;
	4313 : 43;
	4314 : 43;
	4315 : 43;
	4316 : 43;
	4317 : 43;
	4318 : 43;
	4319 : 43;
	431A : 43;
	431B : 43;
	431C : 43;
	431D : 43;
	431E : 43;
	431F : 43;
	4320 : 44;
	4321 : 44;
	4322 : 44;
	4323 : 44;
	4324 : 44;
	4325 : 44;
	4326 : 44;
	4327 : 44;
	4328 : 44;
	4329 : 44;
	432A : 44;
	432B : 44;
	432C : 44;
	432D : 45;
	432E : 45;
	432F : 45;
	4330 : 45;
	4331 : 45;
	4332 : 46;
	4333 : 46;
	4334 : 46;
	4335 : 46;
	4336 : 46;
	4337 : 47;
	4338 : 47;
	4339 : 48;
	433A : 48;
	433B : 48;
	433C : 48;
	433D : 49;
	433E : 49;
	433F : 49;
	4340 : 4A;
	4341 : 4A;
	4342 : 4A;
	4343 : 4B;
	4344 : 4C;
	4345 : 4C;
	4346 : 4C;
	4347 : 4D;
	4348 : 4E;
	4349 : 4E;
	434A : 50;
	434B : 50;
	434C : 51;
	434D : 51;
	434E : 52;
	434F : 52;
	4350 : 53;
	4351 : 54;
	4352 : 55;
	4353 : 56;
	4354 : 57;
	4355 : 58;
	4356 : 58;
	4357 : 59;
	4358 : 59;
	4359 : 5A;
	435A : 5B;
	435B : 5C;
	435C : 5D;
	435D : 5E;
	435E : 5F;
	435F : 60;
	4360 : 61;
	4361 : 62;
	4362 : 63;
	4363 : 64;
	4364 : 65;
	4365 : 66;
	4366 : 67;
	4367 : 68;
	4368 : 68;
	4369 : 69;
	436A : 6A;
	436B : 6B;
	436C : 6C;
	436D : 6D;
	436E : 6E;
	436F : 6F;
	4370 : 70;
	4371 : 71;
	4372 : 72;
	4373 : 73;
	4374 : 74;
	4375 : 75;
	4376 : 76;
	4377 : 77;
	4378 : 78;
	4379 : 79;
	437A : 7A;
	437B : 7B;
	437C : 7C;
	437D : 7D;
	437E : 7E;
	437F : 7F;
	4380 : 43;
	4381 : 43;
	4382 : 43;
	4383 : 43;
	4384 : 43;
	4385 : 43;
	4386 : 43;
	4387 : 43;
	4388 : 43;
	4389 : 43;
	438A : 43;
	438B : 43;
	438C : 43;
	438D : 43;
	438E : 43;
	438F : 43;
	4390 : 43;
	4391 : 43;
	4392 : 43;
	4393 : 43;
	4394 : 43;
	4395 : 43;
	4396 : 43;
	4397 : 43;
	4398 : 43;
	4399 : 43;
	439A : 43;
	439B : 43;
	439C : 43;
	439D : 43;
	439E : 43;
	439F : 43;
	43A0 : 42;
	43A1 : 42;
	43A2 : 42;
	43A3 : 42;
	43A4 : 42;
	43A5 : 42;
	43A6 : 42;
	43A7 : 42;
	43A8 : 42;
	43A9 : 42;
	43AA : 42;
	43AB : 42;
	43AC : 42;
	43AD : 41;
	43AE : 41;
	43AF : 41;
	43B0 : 41;
	43B1 : 41;
	43B2 : 40;
	43B3 : 40;
	43B4 : 40;
	43B5 : 40;
	43B6 : 3F;
	43B7 : 3E;
	43B8 : 3E;
	43B9 : 3D;
	43BA : 3C;
	43BB : 3B;
	43BC : 3A;
	43BD : 39;
	43BE : 38;
	43BF : 36;
	43C0 : 34;
	43C1 : 30;
	43C2 : 28;
	43C3 : 00;
	43C4 : A8;
	43C5 : B0;
	43C6 : B4;
	43C7 : B8;
	43C8 : BA;
	43C9 : BE;
	43CA : C1;
	43CB : C3;
	43CC : C5;
	43CD : C7;
	43CE : C8;
	43CF : CA;
	43D0 : CA;
	43D1 : CC;
	43D2 : CE;
	43D3 : D0;
	43D4 : D1;
	43D5 : D2;
	43D6 : D3;
	43D7 : D4;
	43D8 : D5;
	43D9 : D7;
	43DA : D9;
	43DB : DA;
	43DC : DB;
	43DD : DC;
	43DE : DD;
	43DF : DE;
	43E0 : DF;
	43E1 : E0;
	43E2 : E1;
	43E3 : E2;
	43E4 : E3;
	43E5 : E4;
	43E6 : E5;
	43E7 : E6;
	43E8 : E7;
	43E9 : E9;
	43EA : EA;
	43EB : EB;
	43EC : EC;
	43ED : ED;
	43EE : EE;
	43EF : EF;
	43F0 : F0;
	43F1 : F1;
	43F2 : F2;
	43F3 : F3;
	43F4 : F4;
	43F5 : F5;
	43F6 : F6;
	43F7 : F7;
	43F8 : F8;
	43F9 : F9;
	43FA : FA;
	43FB : FB;
	43FC : FC;
	43FD : FD;
	43FE : FE;
	43FF : 7F;
	4400 : 44;
	4401 : 44;
	4402 : 44;
	4403 : 44;
	4404 : 44;
	4405 : 44;
	4406 : 44;
	4407 : 44;
	4408 : 44;
	4409 : 44;
	440A : 44;
	440B : 44;
	440C : 44;
	440D : 44;
	440E : 44;
	440F : 44;
	4410 : 44;
	4411 : 44;
	4412 : 44;
	4413 : 44;
	4414 : 44;
	4415 : 44;
	4416 : 44;
	4417 : 44;
	4418 : 44;
	4419 : 44;
	441A : 44;
	441B : 44;
	441C : 44;
	441D : 44;
	441E : 44;
	441F : 44;
	4420 : 44;
	4421 : 45;
	4422 : 45;
	4423 : 45;
	4424 : 45;
	4425 : 45;
	4426 : 45;
	4427 : 45;
	4428 : 45;
	4429 : 45;
	442A : 45;
	442B : 45;
	442C : 46;
	442D : 46;
	442E : 46;
	442F : 46;
	4430 : 46;
	4431 : 46;
	4432 : 46;
	4433 : 47;
	4434 : 47;
	4435 : 47;
	4436 : 48;
	4437 : 48;
	4438 : 48;
	4439 : 48;
	443A : 48;
	443B : 49;
	443C : 49;
	443D : 49;
	443E : 4A;
	443F : 4A;
	4440 : 4A;
	4441 : 4A;
	4442 : 4B;
	4443 : 4C;
	4444 : 4C;
	4445 : 4C;
	4446 : 4D;
	4447 : 4E;
	4448 : 4E;
	4449 : 4F;
	444A : 50;
	444B : 50;
	444C : 51;
	444D : 52;
	444E : 52;
	444F : 52;
	4450 : 53;
	4451 : 54;
	4452 : 55;
	4453 : 56;
	4454 : 57;
	4455 : 58;
	4456 : 58;
	4457 : 59;
	4458 : 5A;
	4459 : 5A;
	445A : 5C;
	445B : 5C;
	445C : 5E;
	445D : 5E;
	445E : 60;
	445F : 60;
	4460 : 61;
	4461 : 62;
	4462 : 63;
	4463 : 64;
	4464 : 65;
	4465 : 66;
	4466 : 67;
	4467 : 68;
	4468 : 68;
	4469 : 69;
	446A : 6A;
	446B : 6B;
	446C : 6C;
	446D : 6D;
	446E : 6E;
	446F : 6F;
	4470 : 70;
	4471 : 71;
	4472 : 72;
	4473 : 73;
	4474 : 74;
	4475 : 75;
	4476 : 76;
	4477 : 77;
	4478 : 78;
	4479 : 79;
	447A : 7A;
	447B : 7B;
	447C : 7C;
	447D : 7D;
	447E : 7E;
	447F : 7F;
	4480 : 44;
	4481 : 44;
	4482 : 44;
	4483 : 44;
	4484 : 44;
	4485 : 44;
	4486 : 44;
	4487 : 44;
	4488 : 44;
	4489 : 44;
	448A : 44;
	448B : 44;
	448C : 44;
	448D : 44;
	448E : 44;
	448F : 44;
	4490 : 44;
	4491 : 44;
	4492 : 44;
	4493 : 44;
	4494 : 44;
	4495 : 44;
	4496 : 44;
	4497 : 44;
	4498 : 44;
	4499 : 44;
	449A : 44;
	449B : 44;
	449C : 44;
	449D : 44;
	449E : 44;
	449F : 44;
	44A0 : 44;
	44A1 : 43;
	44A2 : 43;
	44A3 : 43;
	44A4 : 43;
	44A5 : 43;
	44A6 : 43;
	44A7 : 43;
	44A8 : 43;
	44A9 : 43;
	44AA : 43;
	44AB : 43;
	44AC : 42;
	44AD : 42;
	44AE : 42;
	44AF : 42;
	44B0 : 42;
	44B1 : 42;
	44B2 : 42;
	44B3 : 41;
	44B4 : 41;
	44B5 : 41;
	44B6 : 40;
	44B7 : 40;
	44B8 : 40;
	44B9 : 3F;
	44BA : 3E;
	44BB : 3D;
	44BC : 3C;
	44BD : 3B;
	44BE : 3A;
	44BF : 39;
	44C0 : 38;
	44C1 : 34;
	44C2 : 30;
	44C3 : 28;
	44C4 : 00;
	44C5 : A8;
	44C6 : B0;
	44C7 : B4;
	44C8 : B8;
	44C9 : BC;
	44CA : C0;
	44CB : C2;
	44CC : C4;
	44CD : C6;
	44CE : C8;
	44CF : C9;
	44D0 : CA;
	44D1 : CC;
	44D2 : CE;
	44D3 : D0;
	44D4 : D1;
	44D5 : D2;
	44D6 : D3;
	44D7 : D4;
	44D8 : D5;
	44D9 : D7;
	44DA : D8;
	44DB : DA;
	44DC : DA;
	44DD : DC;
	44DE : DC;
	44DF : DE;
	44E0 : DE;
	44E1 : E0;
	44E2 : E1;
	44E3 : E2;
	44E4 : E3;
	44E5 : E4;
	44E6 : E5;
	44E7 : E6;
	44E8 : E7;
	44E9 : E9;
	44EA : EA;
	44EB : EB;
	44EC : EC;
	44ED : ED;
	44EE : EE;
	44EF : EF;
	44F0 : F0;
	44F1 : F1;
	44F2 : F2;
	44F3 : F3;
	44F4 : F4;
	44F5 : F5;
	44F6 : F6;
	44F7 : F7;
	44F8 : F8;
	44F9 : F9;
	44FA : FA;
	44FB : FB;
	44FC : FC;
	44FD : FD;
	44FE : FE;
	44FF : 7F;
	4500 : 45;
	4501 : 45;
	4502 : 45;
	4503 : 45;
	4504 : 45;
	4505 : 45;
	4506 : 45;
	4507 : 45;
	4508 : 45;
	4509 : 45;
	450A : 45;
	450B : 45;
	450C : 45;
	450D : 45;
	450E : 45;
	450F : 45;
	4510 : 45;
	4511 : 45;
	4512 : 45;
	4513 : 45;
	4514 : 45;
	4515 : 45;
	4516 : 45;
	4517 : 45;
	4518 : 45;
	4519 : 45;
	451A : 45;
	451B : 45;
	451C : 45;
	451D : 45;
	451E : 45;
	451F : 45;
	4520 : 46;
	4521 : 46;
	4522 : 46;
	4523 : 46;
	4524 : 46;
	4525 : 46;
	4526 : 46;
	4527 : 46;
	4528 : 46;
	4529 : 46;
	452A : 46;
	452B : 46;
	452C : 46;
	452D : 47;
	452E : 47;
	452F : 47;
	4530 : 47;
	4531 : 47;
	4532 : 48;
	4533 : 48;
	4534 : 48;
	4535 : 48;
	4536 : 48;
	4537 : 48;
	4538 : 48;
	4539 : 49;
	453A : 49;
	453B : 49;
	453C : 4A;
	453D : 4A;
	453E : 4A;
	453F : 4A;
	4540 : 4A;
	4541 : 4B;
	4542 : 4C;
	4543 : 4C;
	4544 : 4C;
	4545 : 4D;
	4546 : 4E;
	4547 : 4E;
	4548 : 4E;
	4549 : 50;
	454A : 50;
	454B : 51;
	454C : 51;
	454D : 52;
	454E : 52;
	454F : 53;
	4550 : 53;
	4551 : 54;
	4552 : 55;
	4553 : 56;
	4554 : 57;
	4555 : 58;
	4556 : 59;
	4557 : 59;
	4558 : 5A;
	4559 : 5B;
	455A : 5C;
	455B : 5D;
	455C : 5E;
	455D : 5F;
	455E : 60;
	455F : 60;
	4560 : 61;
	4561 : 62;
	4562 : 63;
	4563 : 64;
	4564 : 65;
	4565 : 66;
	4566 : 67;
	4567 : 68;
	4568 : 68;
	4569 : 69;
	456A : 6A;
	456B : 6B;
	456C : 6C;
	456D : 6D;
	456E : 6E;
	456F : 6F;
	4570 : 70;
	4571 : 71;
	4572 : 72;
	4573 : 73;
	4574 : 74;
	4575 : 75;
	4576 : 76;
	4577 : 77;
	4578 : 78;
	4579 : 79;
	457A : 7A;
	457B : 7B;
	457C : 7C;
	457D : 7D;
	457E : 7E;
	457F : 7F;
	4580 : 45;
	4581 : 45;
	4582 : 45;
	4583 : 45;
	4584 : 45;
	4585 : 45;
	4586 : 45;
	4587 : 45;
	4588 : 45;
	4589 : 45;
	458A : 45;
	458B : 45;
	458C : 45;
	458D : 45;
	458E : 45;
	458F : 45;
	4590 : 45;
	4591 : 45;
	4592 : 45;
	4593 : 45;
	4594 : 45;
	4595 : 45;
	4596 : 45;
	4597 : 45;
	4598 : 45;
	4599 : 45;
	459A : 45;
	459B : 45;
	459C : 45;
	459D : 45;
	459E : 45;
	459F : 45;
	45A0 : 44;
	45A1 : 44;
	45A2 : 44;
	45A3 : 44;
	45A4 : 44;
	45A5 : 44;
	45A6 : 44;
	45A7 : 44;
	45A8 : 44;
	45A9 : 44;
	45AA : 44;
	45AB : 44;
	45AC : 44;
	45AD : 43;
	45AE : 43;
	45AF : 43;
	45B0 : 43;
	45B1 : 43;
	45B2 : 42;
	45B3 : 42;
	45B4 : 42;
	45B5 : 42;
	45B6 : 42;
	45B7 : 41;
	45B8 : 41;
	45B9 : 40;
	45BA : 40;
	45BB : 3F;
	45BC : 3E;
	45BD : 3D;
	45BE : 3C;
	45BF : 3B;
	45C0 : 3A;
	45C1 : 38;
	45C2 : 34;
	45C3 : 30;
	45C4 : 28;
	45C5 : 00;
	45C6 : A8;
	45C7 : B0;
	45C8 : B4;
	45C9 : BA;
	45CA : BE;
	45CB : C1;
	45CC : C3;
	45CD : C5;
	45CE : C7;
	45CF : C8;
	45D0 : CA;
	45D1 : CC;
	45D2 : CE;
	45D3 : D0;
	45D4 : D1;
	45D5 : D2;
	45D6 : D3;
	45D7 : D4;
	45D8 : D5;
	45D9 : D7;
	45DA : D8;
	45DB : D9;
	45DC : DA;
	45DD : DB;
	45DE : DC;
	45DF : DD;
	45E0 : DE;
	45E1 : E0;
	45E2 : E1;
	45E3 : E2;
	45E4 : E3;
	45E5 : E4;
	45E6 : E5;
	45E7 : E6;
	45E8 : E7;
	45E9 : E9;
	45EA : EA;
	45EB : EB;
	45EC : EC;
	45ED : ED;
	45EE : EE;
	45EF : EF;
	45F0 : F0;
	45F1 : F1;
	45F2 : F2;
	45F3 : F3;
	45F4 : F4;
	45F5 : F5;
	45F6 : F6;
	45F7 : F7;
	45F8 : F8;
	45F9 : F9;
	45FA : FA;
	45FB : FB;
	45FC : FC;
	45FD : FD;
	45FE : FE;
	45FF : 7F;
	4600 : 46;
	4601 : 46;
	4602 : 46;
	4603 : 46;
	4604 : 46;
	4605 : 46;
	4606 : 46;
	4607 : 46;
	4608 : 46;
	4609 : 46;
	460A : 46;
	460B : 46;
	460C : 46;
	460D : 46;
	460E : 46;
	460F : 46;
	4610 : 46;
	4611 : 46;
	4612 : 46;
	4613 : 46;
	4614 : 46;
	4615 : 46;
	4616 : 46;
	4617 : 46;
	4618 : 46;
	4619 : 46;
	461A : 46;
	461B : 46;
	461C : 46;
	461D : 46;
	461E : 46;
	461F : 46;
	4620 : 46;
	4621 : 47;
	4622 : 47;
	4623 : 47;
	4624 : 47;
	4625 : 47;
	4626 : 47;
	4627 : 47;
	4628 : 47;
	4629 : 47;
	462A : 47;
	462B : 47;
	462C : 48;
	462D : 48;
	462E : 48;
	462F : 48;
	4630 : 48;
	4631 : 48;
	4632 : 48;
	4633 : 48;
	4634 : 48;
	4635 : 49;
	4636 : 49;
	4637 : 49;
	4638 : 49;
	4639 : 49;
	463A : 4A;
	463B : 4A;
	463C : 4A;
	463D : 4A;
	463E : 4A;
	463F : 4B;
	4640 : 4B;
	4641 : 4C;
	4642 : 4C;
	4643 : 4C;
	4644 : 4D;
	4645 : 4E;
	4646 : 4E;
	4647 : 4E;
	4648 : 4F;
	4649 : 50;
	464A : 50;
	464B : 51;
	464C : 52;
	464D : 52;
	464E : 52;
	464F : 53;
	4650 : 54;
	4651 : 54;
	4652 : 56;
	4653 : 56;
	4654 : 58;
	4655 : 58;
	4656 : 59;
	4657 : 59;
	4658 : 5A;
	4659 : 5B;
	465A : 5C;
	465B : 5D;
	465C : 5E;
	465D : 5F;
	465E : 60;
	465F : 60;
	4660 : 61;
	4661 : 62;
	4662 : 63;
	4663 : 64;
	4664 : 65;
	4665 : 66;
	4666 : 67;
	4667 : 68;
	4668 : 68;
	4669 : 69;
	466A : 6A;
	466B : 6B;
	466C : 6C;
	466D : 6D;
	466E : 6E;
	466F : 6F;
	4670 : 70;
	4671 : 71;
	4672 : 72;
	4673 : 73;
	4674 : 74;
	4675 : 75;
	4676 : 76;
	4677 : 77;
	4678 : 78;
	4679 : 79;
	467A : 7A;
	467B : 7B;
	467C : 7C;
	467D : 7D;
	467E : 7E;
	467F : 7F;
	4680 : 46;
	4681 : 46;
	4682 : 46;
	4683 : 46;
	4684 : 46;
	4685 : 46;
	4686 : 46;
	4687 : 46;
	4688 : 46;
	4689 : 46;
	468A : 46;
	468B : 46;
	468C : 46;
	468D : 46;
	468E : 46;
	468F : 46;
	4690 : 46;
	4691 : 46;
	4692 : 46;
	4693 : 46;
	4694 : 46;
	4695 : 46;
	4696 : 46;
	4697 : 46;
	4698 : 46;
	4699 : 46;
	469A : 46;
	469B : 46;
	469C : 46;
	469D : 46;
	469E : 46;
	469F : 46;
	46A0 : 46;
	46A1 : 45;
	46A2 : 45;
	46A3 : 45;
	46A4 : 45;
	46A5 : 45;
	46A6 : 45;
	46A7 : 45;
	46A8 : 45;
	46A9 : 45;
	46AA : 45;
	46AB : 45;
	46AC : 44;
	46AD : 44;
	46AE : 44;
	46AF : 44;
	46B0 : 44;
	46B1 : 44;
	46B2 : 44;
	46B3 : 43;
	46B4 : 43;
	46B5 : 43;
	46B6 : 42;
	46B7 : 42;
	46B8 : 42;
	46B9 : 42;
	46BA : 41;
	46BB : 40;
	46BC : 40;
	46BD : 3F;
	46BE : 3E;
	46BF : 3D;
	46C0 : 3C;
	46C1 : 3A;
	46C2 : 38;
	46C3 : 34;
	46C4 : 30;
	46C5 : 28;
	46C6 : 00;
	46C7 : A8;
	46C8 : B0;
	46C9 : B8;
	46CA : BC;
	46CB : C0;
	46CC : C2;
	46CD : C4;
	46CE : C6;
	46CF : C8;
	46D0 : C9;
	46D1 : CB;
	46D2 : CD;
	46D3 : CF;
	46D4 : D0;
	46D5 : D2;
	46D6 : D2;
	46D7 : D4;
	46D8 : D4;
	46D9 : D6;
	46DA : D8;
	46DB : D9;
	46DC : DA;
	46DD : DB;
	46DE : DC;
	46DF : DD;
	46E0 : DE;
	46E1 : E0;
	46E2 : E1;
	46E3 : E2;
	46E4 : E3;
	46E5 : E4;
	46E6 : E5;
	46E7 : E6;
	46E8 : E7;
	46E9 : E9;
	46EA : EA;
	46EB : EB;
	46EC : EC;
	46ED : ED;
	46EE : EE;
	46EF : EF;
	46F0 : F0;
	46F1 : F1;
	46F2 : F2;
	46F3 : F3;
	46F4 : F4;
	46F5 : F5;
	46F6 : F6;
	46F7 : F7;
	46F8 : F8;
	46F9 : F9;
	46FA : FA;
	46FB : FB;
	46FC : FC;
	46FD : FD;
	46FE : FE;
	46FF : 7F;
	4700 : 47;
	4701 : 47;
	4702 : 47;
	4703 : 47;
	4704 : 47;
	4705 : 47;
	4706 : 47;
	4707 : 47;
	4708 : 47;
	4709 : 47;
	470A : 47;
	470B : 47;
	470C : 47;
	470D : 47;
	470E : 47;
	470F : 47;
	4710 : 47;
	4711 : 47;
	4712 : 47;
	4713 : 47;
	4714 : 47;
	4715 : 47;
	4716 : 47;
	4717 : 47;
	4718 : 47;
	4719 : 47;
	471A : 47;
	471B : 47;
	471C : 47;
	471D : 47;
	471E : 47;
	471F : 47;
	4720 : 48;
	4721 : 48;
	4722 : 48;
	4723 : 48;
	4724 : 48;
	4725 : 48;
	4726 : 48;
	4727 : 48;
	4728 : 48;
	4729 : 48;
	472A : 48;
	472B : 48;
	472C : 48;
	472D : 48;
	472E : 48;
	472F : 48;
	4730 : 48;
	4731 : 49;
	4732 : 49;
	4733 : 49;
	4734 : 49;
	4735 : 49;
	4736 : 49;
	4737 : 49;
	4738 : 4A;
	4739 : 4A;
	473A : 4A;
	473B : 4A;
	473C : 4A;
	473D : 4B;
	473E : 4B;
	473F : 4B;
	4740 : 4C;
	4741 : 4C;
	4742 : 4C;
	4743 : 4D;
	4744 : 4E;
	4745 : 4E;
	4746 : 4E;
	4747 : 4F;
	4748 : 50;
	4749 : 50;
	474A : 51;
	474B : 51;
	474C : 52;
	474D : 52;
	474E : 53;
	474F : 53;
	4750 : 54;
	4751 : 55;
	4752 : 56;
	4753 : 57;
	4754 : 58;
	4755 : 58;
	4756 : 59;
	4757 : 59;
	4758 : 5A;
	4759 : 5B;
	475A : 5C;
	475B : 5D;
	475C : 5E;
	475D : 5F;
	475E : 60;
	475F : 60;
	4760 : 61;
	4761 : 62;
	4762 : 63;
	4763 : 64;
	4764 : 65;
	4765 : 66;
	4766 : 67;
	4767 : 68;
	4768 : 68;
	4769 : 69;
	476A : 6A;
	476B : 6B;
	476C : 6C;
	476D : 6D;
	476E : 6E;
	476F : 6F;
	4770 : 70;
	4771 : 71;
	4772 : 72;
	4773 : 73;
	4774 : 74;
	4775 : 75;
	4776 : 76;
	4777 : 77;
	4778 : 78;
	4779 : 79;
	477A : 7A;
	477B : 7B;
	477C : 7C;
	477D : 7D;
	477E : 7E;
	477F : 7F;
	4780 : 47;
	4781 : 47;
	4782 : 47;
	4783 : 47;
	4784 : 47;
	4785 : 47;
	4786 : 47;
	4787 : 47;
	4788 : 47;
	4789 : 47;
	478A : 47;
	478B : 47;
	478C : 47;
	478D : 47;
	478E : 47;
	478F : 47;
	4790 : 47;
	4791 : 47;
	4792 : 47;
	4793 : 47;
	4794 : 47;
	4795 : 47;
	4796 : 47;
	4797 : 47;
	4798 : 47;
	4799 : 47;
	479A : 47;
	479B : 47;
	479C : 47;
	479D : 47;
	479E : 47;
	479F : 47;
	47A0 : 46;
	47A1 : 46;
	47A2 : 46;
	47A3 : 46;
	47A4 : 46;
	47A5 : 46;
	47A6 : 46;
	47A7 : 46;
	47A8 : 46;
	47A9 : 46;
	47AA : 46;
	47AB : 46;
	47AC : 46;
	47AD : 45;
	47AE : 45;
	47AF : 45;
	47B0 : 45;
	47B1 : 45;
	47B2 : 44;
	47B3 : 44;
	47B4 : 44;
	47B5 : 44;
	47B6 : 44;
	47B7 : 43;
	47B8 : 43;
	47B9 : 42;
	47BA : 42;
	47BB : 42;
	47BC : 41;
	47BD : 40;
	47BE : 40;
	47BF : 3F;
	47C0 : 3E;
	47C1 : 3C;
	47C2 : 3A;
	47C3 : 38;
	47C4 : 34;
	47C5 : 30;
	47C6 : 28;
	47C7 : 00;
	47C8 : A8;
	47C9 : B4;
	47CA : BA;
	47CB : BE;
	47CC : C1;
	47CD : C3;
	47CE : C5;
	47CF : C7;
	47D0 : C8;
	47D1 : CA;
	47D2 : CC;
	47D3 : CE;
	47D4 : D0;
	47D5 : D1;
	47D6 : D2;
	47D7 : D3;
	47D8 : D4;
	47D9 : D6;
	47DA : D8;
	47DB : D9;
	47DC : DA;
	47DD : DB;
	47DE : DC;
	47DF : DD;
	47E0 : DE;
	47E1 : E0;
	47E2 : E1;
	47E3 : E2;
	47E4 : E3;
	47E5 : E4;
	47E6 : E5;
	47E7 : E6;
	47E8 : E7;
	47E9 : E9;
	47EA : EA;
	47EB : EB;
	47EC : EC;
	47ED : ED;
	47EE : EE;
	47EF : EF;
	47F0 : F0;
	47F1 : F1;
	47F2 : F2;
	47F3 : F3;
	47F4 : F4;
	47F5 : F5;
	47F6 : F6;
	47F7 : F7;
	47F8 : F8;
	47F9 : F9;
	47FA : FA;
	47FB : FB;
	47FC : FC;
	47FD : FD;
	47FE : FE;
	47FF : 7F;
	4800 : 48;
	4801 : 48;
	4802 : 48;
	4803 : 48;
	4804 : 48;
	4805 : 48;
	4806 : 48;
	4807 : 48;
	4808 : 48;
	4809 : 48;
	480A : 48;
	480B : 48;
	480C : 48;
	480D : 48;
	480E : 48;
	480F : 48;
	4810 : 48;
	4811 : 48;
	4812 : 48;
	4813 : 48;
	4814 : 48;
	4815 : 48;
	4816 : 48;
	4817 : 48;
	4818 : 48;
	4819 : 48;
	481A : 48;
	481B : 48;
	481C : 48;
	481D : 48;
	481E : 48;
	481F : 48;
	4820 : 48;
	4821 : 48;
	4822 : 48;
	4823 : 48;
	4824 : 48;
	4825 : 48;
	4826 : 48;
	4827 : 48;
	4828 : 48;
	4829 : 49;
	482A : 49;
	482B : 49;
	482C : 49;
	482D : 49;
	482E : 49;
	482F : 49;
	4830 : 49;
	4831 : 49;
	4832 : 49;
	4833 : 49;
	4834 : 4A;
	4835 : 4A;
	4836 : 4A;
	4837 : 4A;
	4838 : 4A;
	4839 : 4A;
	483A : 4A;
	483B : 4B;
	483C : 4B;
	483D : 4B;
	483E : 4C;
	483F : 4C;
	4840 : 4C;
	4841 : 4C;
	4842 : 4D;
	4843 : 4E;
	4844 : 4E;
	4845 : 4E;
	4846 : 4F;
	4847 : 50;
	4848 : 50;
	4849 : 50;
	484A : 51;
	484B : 52;
	484C : 52;
	484D : 52;
	484E : 53;
	484F : 54;
	4850 : 54;
	4851 : 55;
	4852 : 56;
	4853 : 57;
	4854 : 58;
	4855 : 58;
	4856 : 59;
	4857 : 5A;
	4858 : 5A;
	4859 : 5B;
	485A : 5C;
	485B : 5D;
	485C : 5E;
	485D : 5F;
	485E : 60;
	485F : 60;
	4860 : 61;
	4861 : 62;
	4862 : 63;
	4863 : 64;
	4864 : 65;
	4865 : 66;
	4866 : 67;
	4867 : 68;
	4868 : 68;
	4869 : 6A;
	486A : 6A;
	486B : 6C;
	486C : 6C;
	486D : 6E;
	486E : 6E;
	486F : 70;
	4870 : 70;
	4871 : 71;
	4872 : 72;
	4873 : 73;
	4874 : 74;
	4875 : 75;
	4876 : 76;
	4877 : 77;
	4878 : 78;
	4879 : 79;
	487A : 7A;
	487B : 7B;
	487C : 7C;
	487D : 7D;
	487E : 7E;
	487F : 7F;
	4880 : 48;
	4881 : 48;
	4882 : 48;
	4883 : 48;
	4884 : 48;
	4885 : 48;
	4886 : 48;
	4887 : 48;
	4888 : 48;
	4889 : 48;
	488A : 48;
	488B : 48;
	488C : 48;
	488D : 48;
	488E : 48;
	488F : 48;
	4890 : 48;
	4891 : 48;
	4892 : 48;
	4893 : 48;
	4894 : 48;
	4895 : 48;
	4896 : 48;
	4897 : 48;
	4898 : 48;
	4899 : 48;
	489A : 48;
	489B : 48;
	489C : 48;
	489D : 48;
	489E : 48;
	489F : 48;
	48A0 : 48;
	48A1 : 47;
	48A2 : 47;
	48A3 : 47;
	48A4 : 47;
	48A5 : 47;
	48A6 : 47;
	48A7 : 47;
	48A8 : 47;
	48A9 : 47;
	48AA : 47;
	48AB : 47;
	48AC : 46;
	48AD : 46;
	48AE : 46;
	48AF : 46;
	48B0 : 46;
	48B1 : 46;
	48B2 : 46;
	48B3 : 45;
	48B4 : 45;
	48B5 : 45;
	48B6 : 44;
	48B7 : 44;
	48B8 : 44;
	48B9 : 44;
	48BA : 43;
	48BB : 42;
	48BC : 42;
	48BD : 42;
	48BE : 41;
	48BF : 40;
	48C0 : 40;
	48C1 : 3E;
	48C2 : 3C;
	48C3 : 3A;
	48C4 : 38;
	48C5 : 34;
	48C6 : 30;
	48C7 : 28;
	48C8 : 00;
	48C9 : B0;
	48CA : B8;
	48CB : BC;
	48CC : C0;
	48CD : C2;
	48CE : C4;
	48CF : C6;
	48D0 : C8;
	48D1 : CA;
	48D2 : CC;
	48D3 : CE;
	48D4 : D0;
	48D5 : D1;
	48D6 : D2;
	48D7 : D3;
	48D8 : D4;
	48D9 : D6;
	48DA : D8;
	48DB : D9;
	48DC : DA;
	48DD : DB;
	48DE : DC;
	48DF : DD;
	48E0 : DE;
	48E1 : E0;
	48E2 : E1;
	48E3 : E2;
	48E4 : E3;
	48E5 : E4;
	48E6 : E5;
	48E7 : E6;
	48E8 : E7;
	48E9 : E8;
	48EA : EA;
	48EB : EA;
	48EC : EC;
	48ED : EC;
	48EE : EE;
	48EF : EE;
	48F0 : F0;
	48F1 : F1;
	48F2 : F2;
	48F3 : F3;
	48F4 : F4;
	48F5 : F5;
	48F6 : F6;
	48F7 : F7;
	48F8 : F8;
	48F9 : F9;
	48FA : FA;
	48FB : FB;
	48FC : FC;
	48FD : FD;
	48FE : FE;
	48FF : 7F;
	4900 : 49;
	4901 : 49;
	4902 : 49;
	4903 : 49;
	4904 : 49;
	4905 : 49;
	4906 : 49;
	4907 : 49;
	4908 : 49;
	4909 : 49;
	490A : 49;
	490B : 49;
	490C : 49;
	490D : 49;
	490E : 49;
	490F : 49;
	4910 : 49;
	4911 : 49;
	4912 : 49;
	4913 : 49;
	4914 : 49;
	4915 : 49;
	4916 : 49;
	4917 : 49;
	4918 : 49;
	4919 : 49;
	491A : 49;
	491B : 49;
	491C : 49;
	491D : 49;
	491E : 49;
	491F : 49;
	4920 : 49;
	4921 : 49;
	4922 : 49;
	4923 : 49;
	4924 : 49;
	4925 : 49;
	4926 : 49;
	4927 : 49;
	4928 : 4A;
	4929 : 4A;
	492A : 4A;
	492B : 4A;
	492C : 4A;
	492D : 4A;
	492E : 4A;
	492F : 4A;
	4930 : 4A;
	4931 : 4A;
	4932 : 4A;
	4933 : 4A;
	4934 : 4A;
	4935 : 4B;
	4936 : 4B;
	4937 : 4B;
	4938 : 4B;
	4939 : 4B;
	493A : 4C;
	493B : 4C;
	493C : 4C;
	493D : 4C;
	493E : 4C;
	493F : 4D;
	4940 : 4D;
	4941 : 4E;
	4942 : 4E;
	4943 : 4E;
	4944 : 4F;
	4945 : 50;
	4946 : 50;
	4947 : 50;
	4948 : 50;
	4949 : 51;
	494A : 52;
	494B : 52;
	494C : 52;
	494D : 53;
	494E : 54;
	494F : 54;
	4950 : 54;
	4951 : 56;
	4952 : 56;
	4953 : 58;
	4954 : 58;
	4955 : 59;
	4956 : 59;
	4957 : 5A;
	4958 : 5A;
	4959 : 5B;
	495A : 5C;
	495B : 5D;
	495C : 5E;
	495D : 5F;
	495E : 60;
	495F : 61;
	4960 : 61;
	4961 : 62;
	4962 : 63;
	4963 : 64;
	4964 : 65;
	4965 : 66;
	4966 : 67;
	4967 : 68;
	4968 : 69;
	4969 : 6A;
	496A : 6B;
	496B : 6C;
	496C : 6D;
	496D : 6E;
	496E : 6F;
	496F : 70;
	4970 : 70;
	4971 : 71;
	4972 : 72;
	4973 : 73;
	4974 : 74;
	4975 : 75;
	4976 : 76;
	4977 : 77;
	4978 : 78;
	4979 : 79;
	497A : 7A;
	497B : 7B;
	497C : 7C;
	497D : 7D;
	497E : 7E;
	497F : 7F;
	4980 : 49;
	4981 : 49;
	4982 : 49;
	4983 : 49;
	4984 : 49;
	4985 : 49;
	4986 : 49;
	4987 : 49;
	4988 : 49;
	4989 : 49;
	498A : 49;
	498B : 49;
	498C : 49;
	498D : 49;
	498E : 49;
	498F : 49;
	4990 : 49;
	4991 : 49;
	4992 : 49;
	4993 : 49;
	4994 : 49;
	4995 : 49;
	4996 : 49;
	4997 : 49;
	4998 : 49;
	4999 : 49;
	499A : 49;
	499B : 49;
	499C : 49;
	499D : 49;
	499E : 49;
	499F : 49;
	49A0 : 49;
	49A1 : 49;
	49A2 : 49;
	49A3 : 49;
	49A4 : 49;
	49A5 : 49;
	49A6 : 49;
	49A7 : 49;
	49A8 : 48;
	49A9 : 48;
	49AA : 48;
	49AB : 48;
	49AC : 48;
	49AD : 48;
	49AE : 48;
	49AF : 48;
	49B0 : 48;
	49B1 : 48;
	49B2 : 48;
	49B3 : 47;
	49B4 : 47;
	49B5 : 47;
	49B6 : 46;
	49B7 : 46;
	49B8 : 46;
	49B9 : 46;
	49BA : 45;
	49BB : 44;
	49BC : 44;
	49BD : 44;
	49BE : 43;
	49BF : 42;
	49C0 : 42;
	49C1 : 41;
	49C2 : 40;
	49C3 : 3E;
	49C4 : 3C;
	49C5 : 3A;
	49C6 : 38;
	49C7 : 34;
	49C8 : 30;
	49C9 : 00;
	49CA : B0;
	49CB : B8;
	49CC : BC;
	49CD : C0;
	49CE : C2;
	49CF : C4;
	49D0 : C6;
	49D1 : C9;
	49D2 : CB;
	49D3 : CD;
	49D4 : CF;
	49D5 : D0;
	49D6 : D2;
	49D7 : D2;
	49D8 : D4;
	49D9 : D6;
	49DA : D8;
	49DB : D9;
	49DC : DA;
	49DD : DB;
	49DE : DC;
	49DF : DD;
	49E0 : DE;
	49E1 : E0;
	49E2 : E1;
	49E3 : E2;
	49E4 : E3;
	49E5 : E4;
	49E6 : E5;
	49E7 : E6;
	49E8 : E7;
	49E9 : E8;
	49EA : E9;
	49EB : EA;
	49EC : EB;
	49ED : EC;
	49EE : ED;
	49EF : EE;
	49F0 : EF;
	49F1 : F1;
	49F2 : F2;
	49F3 : F3;
	49F4 : F4;
	49F5 : F5;
	49F6 : F6;
	49F7 : F7;
	49F8 : F8;
	49F9 : F9;
	49FA : FA;
	49FB : FB;
	49FC : FC;
	49FD : FD;
	49FE : FE;
	49FF : 7F;
	4A00 : 4A;
	4A01 : 4A;
	4A02 : 4A;
	4A03 : 4A;
	4A04 : 4A;
	4A05 : 4A;
	4A06 : 4A;
	4A07 : 4A;
	4A08 : 4A;
	4A09 : 4A;
	4A0A : 4A;
	4A0B : 4A;
	4A0C : 4A;
	4A0D : 4A;
	4A0E : 4A;
	4A0F : 4A;
	4A10 : 4A;
	4A11 : 4A;
	4A12 : 4A;
	4A13 : 4A;
	4A14 : 4A;
	4A15 : 4A;
	4A16 : 4A;
	4A17 : 4A;
	4A18 : 4A;
	4A19 : 4A;
	4A1A : 4A;
	4A1B : 4A;
	4A1C : 4A;
	4A1D : 4A;
	4A1E : 4A;
	4A1F : 4A;
	4A20 : 4A;
	4A21 : 4A;
	4A22 : 4A;
	4A23 : 4A;
	4A24 : 4A;
	4A25 : 4A;
	4A26 : 4A;
	4A27 : 4A;
	4A28 : 4A;
	4A29 : 4B;
	4A2A : 4B;
	4A2B : 4B;
	4A2C : 4B;
	4A2D : 4B;
	4A2E : 4B;
	4A2F : 4B;
	4A30 : 4B;
	4A31 : 4B;
	4A32 : 4B;
	4A33 : 4B;
	4A34 : 4C;
	4A35 : 4C;
	4A36 : 4C;
	4A37 : 4C;
	4A38 : 4C;
	4A39 : 4C;
	4A3A : 4C;
	4A3B : 4D;
	4A3C : 4D;
	4A3D : 4D;
	4A3E : 4E;
	4A3F : 4E;
	4A40 : 4E;
	4A41 : 4E;
	4A42 : 4F;
	4A43 : 50;
	4A44 : 50;
	4A45 : 50;
	4A46 : 50;
	4A47 : 51;
	4A48 : 51;
	4A49 : 52;
	4A4A : 52;
	4A4B : 52;
	4A4C : 53;
	4A4D : 54;
	4A4E : 54;
	4A4F : 54;
	4A50 : 55;
	4A51 : 56;
	4A52 : 57;
	4A53 : 58;
	4A54 : 58;
	4A55 : 59;
	4A56 : 5A;
	4A57 : 5A;
	4A58 : 5A;
	4A59 : 5C;
	4A5A : 5C;
	4A5B : 5E;
	4A5C : 5E;
	4A5D : 60;
	4A5E : 60;
	4A5F : 61;
	4A60 : 61;
	4A61 : 62;
	4A62 : 63;
	4A63 : 64;
	4A64 : 65;
	4A65 : 66;
	4A66 : 67;
	4A67 : 68;
	4A68 : 69;
	4A69 : 6A;
	4A6A : 6B;
	4A6B : 6C;
	4A6C : 6D;
	4A6D : 6E;
	4A6E : 6F;
	4A6F : 70;
	4A70 : 70;
	4A71 : 71;
	4A72 : 72;
	4A73 : 73;
	4A74 : 74;
	4A75 : 75;
	4A76 : 76;
	4A77 : 77;
	4A78 : 78;
	4A79 : 79;
	4A7A : 7A;
	4A7B : 7B;
	4A7C : 7C;
	4A7D : 7D;
	4A7E : 7E;
	4A7F : 7F;
	4A80 : 4A;
	4A81 : 4A;
	4A82 : 4A;
	4A83 : 4A;
	4A84 : 4A;
	4A85 : 4A;
	4A86 : 4A;
	4A87 : 4A;
	4A88 : 4A;
	4A89 : 4A;
	4A8A : 4A;
	4A8B : 4A;
	4A8C : 4A;
	4A8D : 4A;
	4A8E : 4A;
	4A8F : 4A;
	4A90 : 4A;
	4A91 : 4A;
	4A92 : 4A;
	4A93 : 4A;
	4A94 : 4A;
	4A95 : 4A;
	4A96 : 4A;
	4A97 : 4A;
	4A98 : 4A;
	4A99 : 4A;
	4A9A : 4A;
	4A9B : 4A;
	4A9C : 4A;
	4A9D : 4A;
	4A9E : 4A;
	4A9F : 4A;
	4AA0 : 4A;
	4AA1 : 4A;
	4AA2 : 4A;
	4AA3 : 4A;
	4AA4 : 4A;
	4AA5 : 4A;
	4AA6 : 4A;
	4AA7 : 4A;
	4AA8 : 4A;
	4AA9 : 49;
	4AAA : 49;
	4AAB : 49;
	4AAC : 49;
	4AAD : 49;
	4AAE : 49;
	4AAF : 49;
	4AB0 : 49;
	4AB1 : 49;
	4AB2 : 49;
	4AB3 : 49;
	4AB4 : 48;
	4AB5 : 48;
	4AB6 : 48;
	4AB7 : 48;
	4AB8 : 48;
	4AB9 : 48;
	4ABA : 47;
	4ABB : 46;
	4ABC : 46;
	4ABD : 46;
	4ABE : 45;
	4ABF : 44;
	4AC0 : 44;
	4AC1 : 43;
	4AC2 : 42;
	4AC3 : 41;
	4AC4 : 40;
	4AC5 : 3E;
	4AC6 : 3C;
	4AC7 : 3A;
	4AC8 : 38;
	4AC9 : 30;
	4ACA : 00;
	4ACB : B0;
	4ACC : B8;
	4ACD : BC;
	4ACE : C0;
	4ACF : C2;
	4AD0 : C4;
	4AD1 : C8;
	4AD2 : CA;
	4AD3 : CC;
	4AD4 : CE;
	4AD5 : D0;
	4AD6 : D1;
	4AD7 : D2;
	4AD8 : D3;
	4AD9 : D5;
	4ADA : D7;
	4ADB : D8;
	4ADC : DA;
	4ADD : DA;
	4ADE : DC;
	4ADF : DC;
	4AE0 : DE;
	4AE1 : E0;
	4AE2 : E1;
	4AE3 : E2;
	4AE4 : E3;
	4AE5 : E4;
	4AE6 : E5;
	4AE7 : E6;
	4AE8 : E7;
	4AE9 : E8;
	4AEA : E9;
	4AEB : EA;
	4AEC : EB;
	4AED : EC;
	4AEE : ED;
	4AEF : EE;
	4AF0 : EF;
	4AF1 : F1;
	4AF2 : F2;
	4AF3 : F3;
	4AF4 : F4;
	4AF5 : F5;
	4AF6 : F6;
	4AF7 : F7;
	4AF8 : F8;
	4AF9 : F9;
	4AFA : FA;
	4AFB : FB;
	4AFC : FC;
	4AFD : FD;
	4AFE : FE;
	4AFF : 7F;
	4B00 : 4B;
	4B01 : 4B;
	4B02 : 4B;
	4B03 : 4B;
	4B04 : 4B;
	4B05 : 4B;
	4B06 : 4B;
	4B07 : 4B;
	4B08 : 4B;
	4B09 : 4B;
	4B0A : 4B;
	4B0B : 4B;
	4B0C : 4B;
	4B0D : 4B;
	4B0E : 4B;
	4B0F : 4B;
	4B10 : 4B;
	4B11 : 4B;
	4B12 : 4B;
	4B13 : 4B;
	4B14 : 4B;
	4B15 : 4B;
	4B16 : 4B;
	4B17 : 4B;
	4B18 : 4B;
	4B19 : 4B;
	4B1A : 4B;
	4B1B : 4B;
	4B1C : 4B;
	4B1D : 4B;
	4B1E : 4B;
	4B1F : 4B;
	4B20 : 4B;
	4B21 : 4B;
	4B22 : 4B;
	4B23 : 4B;
	4B24 : 4B;
	4B25 : 4B;
	4B26 : 4B;
	4B27 : 4B;
	4B28 : 4C;
	4B29 : 4C;
	4B2A : 4C;
	4B2B : 4C;
	4B2C : 4C;
	4B2D : 4C;
	4B2E : 4C;
	4B2F : 4C;
	4B30 : 4C;
	4B31 : 4C;
	4B32 : 4C;
	4B33 : 4C;
	4B34 : 4C;
	4B35 : 4D;
	4B36 : 4D;
	4B37 : 4D;
	4B38 : 4D;
	4B39 : 4D;
	4B3A : 4E;
	4B3B : 4E;
	4B3C : 4E;
	4B3D : 4E;
	4B3E : 4E;
	4B3F : 4F;
	4B40 : 4F;
	4B41 : 50;
	4B42 : 50;
	4B43 : 50;
	4B44 : 50;
	4B45 : 51;
	4B46 : 51;
	4B47 : 51;
	4B48 : 52;
	4B49 : 52;
	4B4A : 52;
	4B4B : 53;
	4B4C : 54;
	4B4D : 54;
	4B4E : 54;
	4B4F : 55;
	4B50 : 56;
	4B51 : 56;
	4B52 : 58;
	4B53 : 58;
	4B54 : 59;
	4B55 : 59;
	4B56 : 5A;
	4B57 : 5A;
	4B58 : 5B;
	4B59 : 5C;
	4B5A : 5D;
	4B5B : 5E;
	4B5C : 5F;
	4B5D : 60;
	4B5E : 60;
	4B5F : 61;
	4B60 : 61;
	4B61 : 62;
	4B62 : 63;
	4B63 : 64;
	4B64 : 65;
	4B65 : 66;
	4B66 : 67;
	4B67 : 68;
	4B68 : 69;
	4B69 : 6A;
	4B6A : 6B;
	4B6B : 6C;
	4B6C : 6D;
	4B6D : 6E;
	4B6E : 6F;
	4B6F : 70;
	4B70 : 70;
	4B71 : 71;
	4B72 : 72;
	4B73 : 73;
	4B74 : 74;
	4B75 : 75;
	4B76 : 76;
	4B77 : 77;
	4B78 : 78;
	4B79 : 79;
	4B7A : 7A;
	4B7B : 7B;
	4B7C : 7C;
	4B7D : 7D;
	4B7E : 7E;
	4B7F : 7F;
	4B80 : 4B;
	4B81 : 4B;
	4B82 : 4B;
	4B83 : 4B;
	4B84 : 4B;
	4B85 : 4B;
	4B86 : 4B;
	4B87 : 4B;
	4B88 : 4B;
	4B89 : 4B;
	4B8A : 4B;
	4B8B : 4B;
	4B8C : 4B;
	4B8D : 4B;
	4B8E : 4B;
	4B8F : 4B;
	4B90 : 4B;
	4B91 : 4B;
	4B92 : 4B;
	4B93 : 4B;
	4B94 : 4B;
	4B95 : 4B;
	4B96 : 4B;
	4B97 : 4B;
	4B98 : 4B;
	4B99 : 4B;
	4B9A : 4B;
	4B9B : 4B;
	4B9C : 4B;
	4B9D : 4B;
	4B9E : 4B;
	4B9F : 4B;
	4BA0 : 4B;
	4BA1 : 4B;
	4BA2 : 4B;
	4BA3 : 4B;
	4BA4 : 4B;
	4BA5 : 4B;
	4BA6 : 4B;
	4BA7 : 4B;
	4BA8 : 4A;
	4BA9 : 4A;
	4BAA : 4A;
	4BAB : 4A;
	4BAC : 4A;
	4BAD : 4A;
	4BAE : 4A;
	4BAF : 4A;
	4BB0 : 4A;
	4BB1 : 4A;
	4BB2 : 4A;
	4BB3 : 4A;
	4BB4 : 4A;
	4BB5 : 49;
	4BB6 : 49;
	4BB7 : 49;
	4BB8 : 49;
	4BB9 : 49;
	4BBA : 48;
	4BBB : 48;
	4BBC : 48;
	4BBD : 48;
	4BBE : 47;
	4BBF : 46;
	4BC0 : 46;
	4BC1 : 45;
	4BC2 : 44;
	4BC3 : 43;
	4BC4 : 42;
	4BC5 : 41;
	4BC6 : 40;
	4BC7 : 3E;
	4BC8 : 3C;
	4BC9 : 38;
	4BCA : 30;
	4BCB : 00;
	4BCC : B0;
	4BCD : B8;
	4BCE : BC;
	4BCF : C0;
	4BD0 : C2;
	4BD1 : C6;
	4BD2 : C9;
	4BD3 : CB;
	4BD4 : CD;
	4BD5 : CF;
	4BD6 : D0;
	4BD7 : D2;
	4BD8 : D2;
	4BD9 : D4;
	4BDA : D6;
	4BDB : D8;
	4BDC : D9;
	4BDD : DA;
	4BDE : DB;
	4BDF : DC;
	4BE0 : DD;
	4BE1 : DF;
	4BE2 : E1;
	4BE3 : E2;
	4BE4 : E3;
	4BE5 : E4;
	4BE6 : E5;
	4BE7 : E6;
	4BE8 : E7;
	4BE9 : E8;
	4BEA : E9;
	4BEB : EA;
	4BEC : EB;
	4BED : EC;
	4BEE : ED;
	4BEF : EE;
	4BF0 : EF;
	4BF1 : F1;
	4BF2 : F2;
	4BF3 : F3;
	4BF4 : F4;
	4BF5 : F5;
	4BF6 : F6;
	4BF7 : F7;
	4BF8 : F8;
	4BF9 : F9;
	4BFA : FA;
	4BFB : FB;
	4BFC : FC;
	4BFD : FD;
	4BFE : FE;
	4BFF : 7F;
	4C00 : 4C;
	4C01 : 4C;
	4C02 : 4C;
	4C03 : 4C;
	4C04 : 4C;
	4C05 : 4C;
	4C06 : 4C;
	4C07 : 4C;
	4C08 : 4C;
	4C09 : 4C;
	4C0A : 4C;
	4C0B : 4C;
	4C0C : 4C;
	4C0D : 4C;
	4C0E : 4C;
	4C0F : 4C;
	4C10 : 4C;
	4C11 : 4C;
	4C12 : 4C;
	4C13 : 4C;
	4C14 : 4C;
	4C15 : 4C;
	4C16 : 4C;
	4C17 : 4C;
	4C18 : 4C;
	4C19 : 4C;
	4C1A : 4C;
	4C1B : 4C;
	4C1C : 4C;
	4C1D : 4C;
	4C1E : 4C;
	4C1F : 4C;
	4C20 : 4C;
	4C21 : 4C;
	4C22 : 4C;
	4C23 : 4C;
	4C24 : 4C;
	4C25 : 4C;
	4C26 : 4C;
	4C27 : 4C;
	4C28 : 4C;
	4C29 : 4D;
	4C2A : 4D;
	4C2B : 4D;
	4C2C : 4D;
	4C2D : 4D;
	4C2E : 4D;
	4C2F : 4D;
	4C30 : 4D;
	4C31 : 4D;
	4C32 : 4D;
	4C33 : 4D;
	4C34 : 4E;
	4C35 : 4E;
	4C36 : 4E;
	4C37 : 4E;
	4C38 : 4E;
	4C39 : 4E;
	4C3A : 4E;
	4C3B : 4F;
	4C3C : 4F;
	4C3D : 4F;
	4C3E : 50;
	4C3F : 50;
	4C40 : 50;
	4C41 : 50;
	4C42 : 50;
	4C43 : 51;
	4C44 : 51;
	4C45 : 51;
	4C46 : 52;
	4C47 : 52;
	4C48 : 52;
	4C49 : 52;
	4C4A : 53;
	4C4B : 54;
	4C4C : 54;
	4C4D : 54;
	4C4E : 55;
	4C4F : 56;
	4C50 : 56;
	4C51 : 57;
	4C52 : 58;
	4C53 : 58;
	4C54 : 59;
	4C55 : 5A;
	4C56 : 5A;
	4C57 : 5A;
	4C58 : 5B;
	4C59 : 5C;
	4C5A : 5D;
	4C5B : 5E;
	4C5C : 5F;
	4C5D : 60;
	4C5E : 60;
	4C5F : 61;
	4C60 : 62;
	4C61 : 62;
	4C62 : 64;
	4C63 : 64;
	4C64 : 66;
	4C65 : 66;
	4C66 : 68;
	4C67 : 68;
	4C68 : 69;
	4C69 : 6A;
	4C6A : 6B;
	4C6B : 6C;
	4C6C : 6D;
	4C6D : 6E;
	4C6E : 6F;
	4C6F : 70;
	4C70 : 70;
	4C71 : 71;
	4C72 : 72;
	4C73 : 73;
	4C74 : 74;
	4C75 : 75;
	4C76 : 76;
	4C77 : 77;
	4C78 : 78;
	4C79 : 79;
	4C7A : 7A;
	4C7B : 7B;
	4C7C : 7C;
	4C7D : 7D;
	4C7E : 7E;
	4C7F : 7F;
	4C80 : 4C;
	4C81 : 4C;
	4C82 : 4C;
	4C83 : 4C;
	4C84 : 4C;
	4C85 : 4C;
	4C86 : 4C;
	4C87 : 4C;
	4C88 : 4C;
	4C89 : 4C;
	4C8A : 4C;
	4C8B : 4C;
	4C8C : 4C;
	4C8D : 4C;
	4C8E : 4C;
	4C8F : 4C;
	4C90 : 4C;
	4C91 : 4C;
	4C92 : 4C;
	4C93 : 4C;
	4C94 : 4C;
	4C95 : 4C;
	4C96 : 4C;
	4C97 : 4C;
	4C98 : 4C;
	4C99 : 4C;
	4C9A : 4C;
	4C9B : 4C;
	4C9C : 4C;
	4C9D : 4C;
	4C9E : 4C;
	4C9F : 4C;
	4CA0 : 4C;
	4CA1 : 4C;
	4CA2 : 4C;
	4CA3 : 4C;
	4CA4 : 4C;
	4CA5 : 4C;
	4CA6 : 4C;
	4CA7 : 4C;
	4CA8 : 4C;
	4CA9 : 4B;
	4CAA : 4B;
	4CAB : 4B;
	4CAC : 4B;
	4CAD : 4B;
	4CAE : 4B;
	4CAF : 4B;
	4CB0 : 4B;
	4CB1 : 4B;
	4CB2 : 4B;
	4CB3 : 4B;
	4CB4 : 4A;
	4CB5 : 4A;
	4CB6 : 4A;
	4CB7 : 4A;
	4CB8 : 4A;
	4CB9 : 4A;
	4CBA : 4A;
	4CBB : 49;
	4CBC : 49;
	4CBD : 49;
	4CBE : 48;
	4CBF : 48;
	4CC0 : 48;
	4CC1 : 47;
	4CC2 : 46;
	4CC3 : 45;
	4CC4 : 44;
	4CC5 : 43;
	4CC6 : 42;
	4CC7 : 41;
	4CC8 : 40;
	4CC9 : 3C;
	4CCA : 38;
	4CCB : 30;
	4CCC : 00;
	4CCD : B0;
	4CCE : B8;
	4CCF : BC;
	4CD0 : C0;
	4CD1 : C4;
	4CD2 : C8;
	4CD3 : CA;
	4CD4 : CC;
	4CD5 : CE;
	4CD6 : D0;
	4CD7 : D1;
	4CD8 : D2;
	4CD9 : D4;
	4CDA : D6;
	4CDB : D8;
	4CDC : D9;
	4CDD : DA;
	4CDE : DB;
	4CDF : DC;
	4CE0 : DD;
	4CE1 : DF;
	4CE2 : E0;
	4CE3 : E2;
	4CE4 : E2;
	4CE5 : E4;
	4CE6 : E4;
	4CE7 : E6;
	4CE8 : E6;
	4CE9 : E8;
	4CEA : E9;
	4CEB : EA;
	4CEC : EB;
	4CED : EC;
	4CEE : ED;
	4CEF : EE;
	4CF0 : EF;
	4CF1 : F1;
	4CF2 : F2;
	4CF3 : F3;
	4CF4 : F4;
	4CF5 : F5;
	4CF6 : F6;
	4CF7 : F7;
	4CF8 : F8;
	4CF9 : F9;
	4CFA : FA;
	4CFB : FB;
	4CFC : FC;
	4CFD : FD;
	4CFE : FE;
	4CFF : 7F;
	4D00 : 4D;
	4D01 : 4D;
	4D02 : 4D;
	4D03 : 4D;
	4D04 : 4D;
	4D05 : 4D;
	4D06 : 4D;
	4D07 : 4D;
	4D08 : 4D;
	4D09 : 4D;
	4D0A : 4D;
	4D0B : 4D;
	4D0C : 4D;
	4D0D : 4D;
	4D0E : 4D;
	4D0F : 4D;
	4D10 : 4D;
	4D11 : 4D;
	4D12 : 4D;
	4D13 : 4D;
	4D14 : 4D;
	4D15 : 4D;
	4D16 : 4D;
	4D17 : 4D;
	4D18 : 4D;
	4D19 : 4D;
	4D1A : 4D;
	4D1B : 4D;
	4D1C : 4D;
	4D1D : 4D;
	4D1E : 4D;
	4D1F : 4D;
	4D20 : 4D;
	4D21 : 4D;
	4D22 : 4D;
	4D23 : 4D;
	4D24 : 4D;
	4D25 : 4D;
	4D26 : 4D;
	4D27 : 4D;
	4D28 : 4E;
	4D29 : 4E;
	4D2A : 4E;
	4D2B : 4E;
	4D2C : 4E;
	4D2D : 4E;
	4D2E : 4E;
	4D2F : 4E;
	4D30 : 4E;
	4D31 : 4E;
	4D32 : 4E;
	4D33 : 4E;
	4D34 : 4E;
	4D35 : 4F;
	4D36 : 4F;
	4D37 : 4F;
	4D38 : 4F;
	4D39 : 4F;
	4D3A : 50;
	4D3B : 50;
	4D3C : 50;
	4D3D : 50;
	4D3E : 50;
	4D3F : 50;
	4D40 : 50;
	4D41 : 51;
	4D42 : 51;
	4D43 : 51;
	4D44 : 52;
	4D45 : 52;
	4D46 : 52;
	4D47 : 52;
	4D48 : 52;
	4D49 : 53;
	4D4A : 54;
	4D4B : 54;
	4D4C : 54;
	4D4D : 55;
	4D4E : 56;
	4D4F : 56;
	4D50 : 56;
	4D51 : 58;
	4D52 : 58;
	4D53 : 59;
	4D54 : 59;
	4D55 : 5A;
	4D56 : 5A;
	4D57 : 5B;
	4D58 : 5B;
	4D59 : 5C;
	4D5A : 5D;
	4D5B : 5E;
	4D5C : 5F;
	4D5D : 60;
	4D5E : 61;
	4D5F : 61;
	4D60 : 62;
	4D61 : 63;
	4D62 : 64;
	4D63 : 65;
	4D64 : 66;
	4D65 : 67;
	4D66 : 68;
	4D67 : 68;
	4D68 : 69;
	4D69 : 6A;
	4D6A : 6B;
	4D6B : 6C;
	4D6C : 6D;
	4D6D : 6E;
	4D6E : 6F;
	4D6F : 70;
	4D70 : 70;
	4D71 : 71;
	4D72 : 72;
	4D73 : 73;
	4D74 : 74;
	4D75 : 75;
	4D76 : 76;
	4D77 : 77;
	4D78 : 78;
	4D79 : 79;
	4D7A : 7A;
	4D7B : 7B;
	4D7C : 7C;
	4D7D : 7D;
	4D7E : 7E;
	4D7F : 7F;
	4D80 : 4D;
	4D81 : 4D;
	4D82 : 4D;
	4D83 : 4D;
	4D84 : 4D;
	4D85 : 4D;
	4D86 : 4D;
	4D87 : 4D;
	4D88 : 4D;
	4D89 : 4D;
	4D8A : 4D;
	4D8B : 4D;
	4D8C : 4D;
	4D8D : 4D;
	4D8E : 4D;
	4D8F : 4D;
	4D90 : 4D;
	4D91 : 4D;
	4D92 : 4D;
	4D93 : 4D;
	4D94 : 4D;
	4D95 : 4D;
	4D96 : 4D;
	4D97 : 4D;
	4D98 : 4D;
	4D99 : 4D;
	4D9A : 4D;
	4D9B : 4D;
	4D9C : 4D;
	4D9D : 4D;
	4D9E : 4D;
	4D9F : 4D;
	4DA0 : 4D;
	4DA1 : 4D;
	4DA2 : 4D;
	4DA3 : 4D;
	4DA4 : 4D;
	4DA5 : 4D;
	4DA6 : 4D;
	4DA7 : 4D;
	4DA8 : 4C;
	4DA9 : 4C;
	4DAA : 4C;
	4DAB : 4C;
	4DAC : 4C;
	4DAD : 4C;
	4DAE : 4C;
	4DAF : 4C;
	4DB0 : 4C;
	4DB1 : 4C;
	4DB2 : 4C;
	4DB3 : 4C;
	4DB4 : 4C;
	4DB5 : 4B;
	4DB6 : 4B;
	4DB7 : 4B;
	4DB8 : 4B;
	4DB9 : 4B;
	4DBA : 4A;
	4DBB : 4A;
	4DBC : 4A;
	4DBD : 4A;
	4DBE : 4A;
	4DBF : 49;
	4DC0 : 49;
	4DC1 : 48;
	4DC2 : 48;
	4DC3 : 47;
	4DC4 : 46;
	4DC5 : 45;
	4DC6 : 44;
	4DC7 : 43;
	4DC8 : 42;
	4DC9 : 40;
	4DCA : 3C;
	4DCB : 38;
	4DCC : 30;
	4DCD : 00;
	4DCE : B0;
	4DCF : B8;
	4DD0 : BC;
	4DD1 : C2;
	4DD2 : C6;
	4DD3 : C9;
	4DD4 : CB;
	4DD5 : CD;
	4DD6 : CF;
	4DD7 : D0;
	4DD8 : D2;
	4DD9 : D4;
	4DDA : D6;
	4DDB : D8;
	4DDC : D9;
	4DDD : DA;
	4DDE : DB;
	4DDF : DC;
	4DE0 : DD;
	4DE1 : DF;
	4DE2 : E0;
	4DE3 : E1;
	4DE4 : E2;
	4DE5 : E3;
	4DE6 : E4;
	4DE7 : E5;
	4DE8 : E6;
	4DE9 : E8;
	4DEA : E9;
	4DEB : EA;
	4DEC : EB;
	4DED : EC;
	4DEE : ED;
	4DEF : EE;
	4DF0 : EF;
	4DF1 : F1;
	4DF2 : F2;
	4DF3 : F3;
	4DF4 : F4;
	4DF5 : F5;
	4DF6 : F6;
	4DF7 : F7;
	4DF8 : F8;
	4DF9 : F9;
	4DFA : FA;
	4DFB : FB;
	4DFC : FC;
	4DFD : FD;
	4DFE : FE;
	4DFF : 7F;
	4E00 : 4E;
	4E01 : 4E;
	4E02 : 4E;
	4E03 : 4E;
	4E04 : 4E;
	4E05 : 4E;
	4E06 : 4E;
	4E07 : 4E;
	4E08 : 4E;
	4E09 : 4E;
	4E0A : 4E;
	4E0B : 4E;
	4E0C : 4E;
	4E0D : 4E;
	4E0E : 4E;
	4E0F : 4E;
	4E10 : 4E;
	4E11 : 4E;
	4E12 : 4E;
	4E13 : 4E;
	4E14 : 4E;
	4E15 : 4E;
	4E16 : 4E;
	4E17 : 4E;
	4E18 : 4E;
	4E19 : 4E;
	4E1A : 4E;
	4E1B : 4E;
	4E1C : 4E;
	4E1D : 4E;
	4E1E : 4E;
	4E1F : 4E;
	4E20 : 4E;
	4E21 : 4E;
	4E22 : 4E;
	4E23 : 4E;
	4E24 : 4E;
	4E25 : 4E;
	4E26 : 4E;
	4E27 : 4E;
	4E28 : 4E;
	4E29 : 4F;
	4E2A : 4F;
	4E2B : 4F;
	4E2C : 4F;
	4E2D : 4F;
	4E2E : 4F;
	4E2F : 4F;
	4E30 : 4F;
	4E31 : 4F;
	4E32 : 4F;
	4E33 : 4F;
	4E34 : 50;
	4E35 : 50;
	4E36 : 50;
	4E37 : 50;
	4E38 : 50;
	4E39 : 50;
	4E3A : 50;
	4E3B : 50;
	4E3C : 50;
	4E3D : 51;
	4E3E : 51;
	4E3F : 51;
	4E40 : 51;
	4E41 : 51;
	4E42 : 52;
	4E43 : 52;
	4E44 : 52;
	4E45 : 52;
	4E46 : 52;
	4E47 : 53;
	4E48 : 53;
	4E49 : 54;
	4E4A : 54;
	4E4B : 54;
	4E4C : 55;
	4E4D : 56;
	4E4E : 56;
	4E4F : 56;
	4E50 : 57;
	4E51 : 58;
	4E52 : 58;
	4E53 : 59;
	4E54 : 5A;
	4E55 : 5A;
	4E56 : 5A;
	4E57 : 5B;
	4E58 : 5C;
	4E59 : 5C;
	4E5A : 5E;
	4E5B : 5E;
	4E5C : 60;
	4E5D : 60;
	4E5E : 61;
	4E5F : 61;
	4E60 : 62;
	4E61 : 63;
	4E62 : 64;
	4E63 : 65;
	4E64 : 66;
	4E65 : 67;
	4E66 : 68;
	4E67 : 68;
	4E68 : 69;
	4E69 : 6A;
	4E6A : 6B;
	4E6B : 6C;
	4E6C : 6D;
	4E6D : 6E;
	4E6E : 6F;
	4E6F : 70;
	4E70 : 70;
	4E71 : 71;
	4E72 : 72;
	4E73 : 73;
	4E74 : 74;
	4E75 : 75;
	4E76 : 76;
	4E77 : 77;
	4E78 : 78;
	4E79 : 79;
	4E7A : 7A;
	4E7B : 7B;
	4E7C : 7C;
	4E7D : 7D;
	4E7E : 7E;
	4E7F : 7F;
	4E80 : 4E;
	4E81 : 4E;
	4E82 : 4E;
	4E83 : 4E;
	4E84 : 4E;
	4E85 : 4E;
	4E86 : 4E;
	4E87 : 4E;
	4E88 : 4E;
	4E89 : 4E;
	4E8A : 4E;
	4E8B : 4E;
	4E8C : 4E;
	4E8D : 4E;
	4E8E : 4E;
	4E8F : 4E;
	4E90 : 4E;
	4E91 : 4E;
	4E92 : 4E;
	4E93 : 4E;
	4E94 : 4E;
	4E95 : 4E;
	4E96 : 4E;
	4E97 : 4E;
	4E98 : 4E;
	4E99 : 4E;
	4E9A : 4E;
	4E9B : 4E;
	4E9C : 4E;
	4E9D : 4E;
	4E9E : 4E;
	4E9F : 4E;
	4EA0 : 4E;
	4EA1 : 4E;
	4EA2 : 4E;
	4EA3 : 4E;
	4EA4 : 4E;
	4EA5 : 4E;
	4EA6 : 4E;
	4EA7 : 4E;
	4EA8 : 4E;
	4EA9 : 4D;
	4EAA : 4D;
	4EAB : 4D;
	4EAC : 4D;
	4EAD : 4D;
	4EAE : 4D;
	4EAF : 4D;
	4EB0 : 4D;
	4EB1 : 4D;
	4EB2 : 4D;
	4EB3 : 4D;
	4EB4 : 4C;
	4EB5 : 4C;
	4EB6 : 4C;
	4EB7 : 4C;
	4EB8 : 4C;
	4EB9 : 4C;
	4EBA : 4C;
	4EBB : 4B;
	4EBC : 4B;
	4EBD : 4B;
	4EBE : 4A;
	4EBF : 4A;
	4EC0 : 4A;
	4EC1 : 4A;
	4EC2 : 49;
	4EC3 : 48;
	4EC4 : 48;
	4EC5 : 47;
	4EC6 : 46;
	4EC7 : 45;
	4EC8 : 44;
	4EC9 : 42;
	4ECA : 40;
	4ECB : 3C;
	4ECC : 38;
	4ECD : 30;
	4ECE : 00;
	4ECF : B0;
	4ED0 : B8;
	4ED1 : C0;
	4ED2 : C4;
	4ED3 : C8;
	4ED4 : CA;
	4ED5 : CC;
	4ED6 : CE;
	4ED7 : D0;
	4ED8 : D1;
	4ED9 : D3;
	4EDA : D5;
	4EDB : D7;
	4EDC : D8;
	4EDD : DA;
	4EDE : DA;
	4EDF : DC;
	4EE0 : DC;
	4EE1 : DE;
	4EE2 : E0;
	4EE3 : E1;
	4EE4 : E2;
	4EE5 : E3;
	4EE6 : E4;
	4EE7 : E5;
	4EE8 : E6;
	4EE9 : E8;
	4EEA : E9;
	4EEB : EA;
	4EEC : EB;
	4EED : EC;
	4EEE : ED;
	4EEF : EE;
	4EF0 : EF;
	4EF1 : F1;
	4EF2 : F2;
	4EF3 : F3;
	4EF4 : F4;
	4EF5 : F5;
	4EF6 : F6;
	4EF7 : F7;
	4EF8 : F8;
	4EF9 : F9;
	4EFA : FA;
	4EFB : FB;
	4EFC : FC;
	4EFD : FD;
	4EFE : FE;
	4EFF : 7F;
	4F00 : 4F;
	4F01 : 4F;
	4F02 : 4F;
	4F03 : 4F;
	4F04 : 4F;
	4F05 : 4F;
	4F06 : 4F;
	4F07 : 4F;
	4F08 : 4F;
	4F09 : 4F;
	4F0A : 4F;
	4F0B : 4F;
	4F0C : 4F;
	4F0D : 4F;
	4F0E : 4F;
	4F0F : 4F;
	4F10 : 4F;
	4F11 : 4F;
	4F12 : 4F;
	4F13 : 4F;
	4F14 : 4F;
	4F15 : 4F;
	4F16 : 4F;
	4F17 : 4F;
	4F18 : 4F;
	4F19 : 4F;
	4F1A : 4F;
	4F1B : 4F;
	4F1C : 4F;
	4F1D : 4F;
	4F1E : 4F;
	4F1F : 4F;
	4F20 : 4F;
	4F21 : 4F;
	4F22 : 4F;
	4F23 : 4F;
	4F24 : 4F;
	4F25 : 4F;
	4F26 : 4F;
	4F27 : 4F;
	4F28 : 50;
	4F29 : 50;
	4F2A : 50;
	4F2B : 50;
	4F2C : 50;
	4F2D : 50;
	4F2E : 50;
	4F2F : 50;
	4F30 : 50;
	4F31 : 50;
	4F32 : 50;
	4F33 : 50;
	4F34 : 50;
	4F35 : 50;
	4F36 : 50;
	4F37 : 50;
	4F38 : 50;
	4F39 : 51;
	4F3A : 51;
	4F3B : 51;
	4F3C : 51;
	4F3D : 51;
	4F3E : 51;
	4F3F : 51;
	4F40 : 52;
	4F41 : 52;
	4F42 : 52;
	4F43 : 52;
	4F44 : 52;
	4F45 : 53;
	4F46 : 53;
	4F47 : 53;
	4F48 : 54;
	4F49 : 54;
	4F4A : 54;
	4F4B : 55;
	4F4C : 56;
	4F4D : 56;
	4F4E : 56;
	4F4F : 57;
	4F50 : 58;
	4F51 : 58;
	4F52 : 59;
	4F53 : 59;
	4F54 : 5A;
	4F55 : 5A;
	4F56 : 5B;
	4F57 : 5B;
	4F58 : 5C;
	4F59 : 5D;
	4F5A : 5E;
	4F5B : 5F;
	4F5C : 60;
	4F5D : 60;
	4F5E : 61;
	4F5F : 61;
	4F60 : 62;
	4F61 : 63;
	4F62 : 64;
	4F63 : 65;
	4F64 : 66;
	4F65 : 67;
	4F66 : 68;
	4F67 : 68;
	4F68 : 69;
	4F69 : 6A;
	4F6A : 6B;
	4F6B : 6C;
	4F6C : 6D;
	4F6D : 6E;
	4F6E : 6F;
	4F6F : 70;
	4F70 : 70;
	4F71 : 71;
	4F72 : 72;
	4F73 : 73;
	4F74 : 74;
	4F75 : 75;
	4F76 : 76;
	4F77 : 77;
	4F78 : 78;
	4F79 : 79;
	4F7A : 7A;
	4F7B : 7B;
	4F7C : 7C;
	4F7D : 7D;
	4F7E : 7E;
	4F7F : 7F;
	4F80 : 4F;
	4F81 : 4F;
	4F82 : 4F;
	4F83 : 4F;
	4F84 : 4F;
	4F85 : 4F;
	4F86 : 4F;
	4F87 : 4F;
	4F88 : 4F;
	4F89 : 4F;
	4F8A : 4F;
	4F8B : 4F;
	4F8C : 4F;
	4F8D : 4F;
	4F8E : 4F;
	4F8F : 4F;
	4F90 : 4F;
	4F91 : 4F;
	4F92 : 4F;
	4F93 : 4F;
	4F94 : 4F;
	4F95 : 4F;
	4F96 : 4F;
	4F97 : 4F;
	4F98 : 4F;
	4F99 : 4F;
	4F9A : 4F;
	4F9B : 4F;
	4F9C : 4F;
	4F9D : 4F;
	4F9E : 4F;
	4F9F : 4F;
	4FA0 : 4F;
	4FA1 : 4F;
	4FA2 : 4F;
	4FA3 : 4F;
	4FA4 : 4F;
	4FA5 : 4F;
	4FA6 : 4F;
	4FA7 : 4F;
	4FA8 : 4E;
	4FA9 : 4E;
	4FAA : 4E;
	4FAB : 4E;
	4FAC : 4E;
	4FAD : 4E;
	4FAE : 4E;
	4FAF : 4E;
	4FB0 : 4E;
	4FB1 : 4E;
	4FB2 : 4E;
	4FB3 : 4E;
	4FB4 : 4E;
	4FB5 : 4D;
	4FB6 : 4D;
	4FB7 : 4D;
	4FB8 : 4D;
	4FB9 : 4D;
	4FBA : 4C;
	4FBB : 4C;
	4FBC : 4C;
	4FBD : 4C;
	4FBE : 4C;
	4FBF : 4B;
	4FC0 : 4B;
	4FC1 : 4A;
	4FC2 : 4A;
	4FC3 : 4A;
	4FC4 : 49;
	4FC5 : 48;
	4FC6 : 48;
	4FC7 : 47;
	4FC8 : 46;
	4FC9 : 44;
	4FCA : 42;
	4FCB : 40;
	4FCC : 3C;
	4FCD : 38;
	4FCE : 30;
	4FCF : 00;
	4FD0 : B0;
	4FD1 : BC;
	4FD2 : C2;
	4FD3 : C6;
	4FD4 : C9;
	4FD5 : CB;
	4FD6 : CD;
	4FD7 : CF;
	4FD8 : D0;
	4FD9 : D2;
	4FDA : D4;
	4FDB : D6;
	4FDC : D8;
	4FDD : D9;
	4FDE : DA;
	4FDF : DB;
	4FE0 : DC;
	4FE1 : DE;
	4FE2 : E0;
	4FE3 : E1;
	4FE4 : E2;
	4FE5 : E3;
	4FE6 : E4;
	4FE7 : E5;
	4FE8 : E6;
	4FE9 : E8;
	4FEA : E9;
	4FEB : EA;
	4FEC : EB;
	4FED : EC;
	4FEE : ED;
	4FEF : EE;
	4FF0 : EF;
	4FF1 : F1;
	4FF2 : F2;
	4FF3 : F3;
	4FF4 : F4;
	4FF5 : F5;
	4FF6 : F6;
	4FF7 : F7;
	4FF8 : F8;
	4FF9 : F9;
	4FFA : FA;
	4FFB : FB;
	4FFC : FC;
	4FFD : FD;
	4FFE : FE;
	4FFF : 7F;
	5000 : 50;
	5001 : 50;
	5002 : 50;
	5003 : 50;
	5004 : 50;
	5005 : 50;
	5006 : 50;
	5007 : 50;
	5008 : 50;
	5009 : 50;
	500A : 50;
	500B : 50;
	500C : 50;
	500D : 50;
	500E : 50;
	500F : 50;
	5010 : 50;
	5011 : 50;
	5012 : 50;
	5013 : 50;
	5014 : 50;
	5015 : 50;
	5016 : 50;
	5017 : 50;
	5018 : 50;
	5019 : 50;
	501A : 50;
	501B : 50;
	501C : 50;
	501D : 50;
	501E : 50;
	501F : 50;
	5020 : 50;
	5021 : 50;
	5022 : 50;
	5023 : 50;
	5024 : 50;
	5025 : 50;
	5026 : 50;
	5027 : 50;
	5028 : 50;
	5029 : 50;
	502A : 50;
	502B : 50;
	502C : 50;
	502D : 50;
	502E : 50;
	502F : 50;
	5030 : 50;
	5031 : 51;
	5032 : 51;
	5033 : 51;
	5034 : 51;
	5035 : 51;
	5036 : 51;
	5037 : 51;
	5038 : 51;
	5039 : 51;
	503A : 51;
	503B : 51;
	503C : 52;
	503D : 52;
	503E : 52;
	503F : 52;
	5040 : 52;
	5041 : 52;
	5042 : 52;
	5043 : 53;
	5044 : 53;
	5045 : 53;
	5046 : 54;
	5047 : 54;
	5048 : 54;
	5049 : 54;
	504A : 55;
	504B : 56;
	504C : 56;
	504D : 56;
	504E : 57;
	504F : 58;
	5050 : 58;
	5051 : 58;
	5052 : 59;
	5053 : 5A;
	5054 : 5A;
	5055 : 5A;
	5056 : 5B;
	5057 : 5C;
	5058 : 5C;
	5059 : 5D;
	505A : 5E;
	505B : 5F;
	505C : 60;
	505D : 60;
	505E : 61;
	505F : 62;
	5060 : 62;
	5061 : 63;
	5062 : 64;
	5063 : 65;
	5064 : 66;
	5065 : 67;
	5066 : 68;
	5067 : 68;
	5068 : 69;
	5069 : 6A;
	506A : 6B;
	506B : 6C;
	506C : 6D;
	506D : 6E;
	506E : 6F;
	506F : 70;
	5070 : 70;
	5071 : 72;
	5072 : 72;
	5073 : 74;
	5074 : 74;
	5075 : 76;
	5076 : 76;
	5077 : 78;
	5078 : 78;
	5079 : 79;
	507A : 7A;
	507B : 7B;
	507C : 7C;
	507D : 7D;
	507E : 7E;
	507F : 7F;
	5080 : 50;
	5081 : 50;
	5082 : 50;
	5083 : 50;
	5084 : 50;
	5085 : 50;
	5086 : 50;
	5087 : 50;
	5088 : 50;
	5089 : 50;
	508A : 50;
	508B : 50;
	508C : 50;
	508D : 50;
	508E : 50;
	508F : 50;
	5090 : 50;
	5091 : 50;
	5092 : 50;
	5093 : 50;
	5094 : 50;
	5095 : 50;
	5096 : 50;
	5097 : 50;
	5098 : 50;
	5099 : 50;
	509A : 50;
	509B : 50;
	509C : 50;
	509D : 50;
	509E : 50;
	509F : 50;
	50A0 : 50;
	50A1 : 50;
	50A2 : 50;
	50A3 : 50;
	50A4 : 50;
	50A5 : 50;
	50A6 : 50;
	50A7 : 50;
	50A8 : 50;
	50A9 : 4F;
	50AA : 4F;
	50AB : 4F;
	50AC : 4F;
	50AD : 4F;
	50AE : 4F;
	50AF : 4F;
	50B0 : 4F;
	50B1 : 4F;
	50B2 : 4F;
	50B3 : 4F;
	50B4 : 4E;
	50B5 : 4E;
	50B6 : 4E;
	50B7 : 4E;
	50B8 : 4E;
	50B9 : 4E;
	50BA : 4E;
	50BB : 4D;
	50BC : 4D;
	50BD : 4D;
	50BE : 4C;
	50BF : 4C;
	50C0 : 4C;
	50C1 : 4C;
	50C2 : 4B;
	50C3 : 4A;
	50C4 : 4A;
	50C5 : 4A;
	50C6 : 49;
	50C7 : 48;
	50C8 : 48;
	50C9 : 46;
	50CA : 44;
	50CB : 42;
	50CC : 40;
	50CD : 3C;
	50CE : 38;
	50CF : 30;
	50D0 : 00;
	50D1 : B8;
	50D2 : C0;
	50D3 : C4;
	50D4 : C8;
	50D5 : CA;
	50D6 : CC;
	50D7 : CE;
	50D8 : D0;
	50D9 : D2;
	50DA : D4;
	50DB : D6;
	50DC : D8;
	50DD : D9;
	50DE : DA;
	50DF : DB;
	50E0 : DC;
	50E1 : DE;
	50E2 : E0;
	50E3 : E1;
	50E4 : E2;
	50E5 : E3;
	50E6 : E4;
	50E7 : E5;
	50E8 : E6;
	50E9 : E8;
	50EA : E9;
	50EB : EA;
	50EC : EB;
	50ED : EC;
	50EE : ED;
	50EF : EE;
	50F0 : EF;
	50F1 : F0;
	50F2 : F2;
	50F3 : F2;
	50F4 : F4;
	50F5 : F4;
	50F6 : F6;
	50F7 : F6;
	50F8 : F8;
	50F9 : F9;
	50FA : FA;
	50FB : FB;
	50FC : FC;
	50FD : FD;
	50FE : FE;
	50FF : 7F;
	5100 : 51;
	5101 : 51;
	5102 : 51;
	5103 : 51;
	5104 : 51;
	5105 : 51;
	5106 : 51;
	5107 : 51;
	5108 : 51;
	5109 : 51;
	510A : 51;
	510B : 51;
	510C : 51;
	510D : 51;
	510E : 51;
	510F : 51;
	5110 : 51;
	5111 : 51;
	5112 : 51;
	5113 : 51;
	5114 : 51;
	5115 : 51;
	5116 : 51;
	5117 : 51;
	5118 : 51;
	5119 : 51;
	511A : 51;
	511B : 51;
	511C : 51;
	511D : 51;
	511E : 51;
	511F : 51;
	5120 : 51;
	5121 : 51;
	5122 : 51;
	5123 : 51;
	5124 : 51;
	5125 : 51;
	5126 : 51;
	5127 : 51;
	5128 : 51;
	5129 : 51;
	512A : 51;
	512B : 51;
	512C : 51;
	512D : 51;
	512E : 51;
	512F : 51;
	5130 : 52;
	5131 : 52;
	5132 : 52;
	5133 : 52;
	5134 : 52;
	5135 : 52;
	5136 : 52;
	5137 : 52;
	5138 : 52;
	5139 : 52;
	513A : 52;
	513B : 52;
	513C : 52;
	513D : 53;
	513E : 53;
	513F : 53;
	5140 : 53;
	5141 : 53;
	5142 : 54;
	5143 : 54;
	5144 : 54;
	5145 : 54;
	5146 : 54;
	5147 : 55;
	5148 : 55;
	5149 : 56;
	514A : 56;
	514B : 56;
	514C : 57;
	514D : 58;
	514E : 58;
	514F : 58;
	5150 : 58;
	5151 : 59;
	5152 : 5A;
	5153 : 5A;
	5154 : 5A;
	5155 : 5B;
	5156 : 5C;
	5157 : 5C;
	5158 : 5C;
	5159 : 5E;
	515A : 5E;
	515B : 60;
	515C : 60;
	515D : 61;
	515E : 61;
	515F : 62;
	5160 : 62;
	5161 : 63;
	5162 : 64;
	5163 : 65;
	5164 : 66;
	5165 : 67;
	5166 : 68;
	5167 : 69;
	5168 : 69;
	5169 : 6A;
	516A : 6B;
	516B : 6C;
	516C : 6D;
	516D : 6E;
	516E : 6F;
	516F : 70;
	5170 : 71;
	5171 : 72;
	5172 : 73;
	5173 : 74;
	5174 : 75;
	5175 : 76;
	5176 : 77;
	5177 : 78;
	5178 : 78;
	5179 : 79;
	517A : 7A;
	517B : 7B;
	517C : 7C;
	517D : 7D;
	517E : 7E;
	517F : 7F;
	5180 : 51;
	5181 : 51;
	5182 : 51;
	5183 : 51;
	5184 : 51;
	5185 : 51;
	5186 : 51;
	5187 : 51;
	5188 : 51;
	5189 : 51;
	518A : 51;
	518B : 51;
	518C : 51;
	518D : 51;
	518E : 51;
	518F : 51;
	5190 : 51;
	5191 : 51;
	5192 : 51;
	5193 : 51;
	5194 : 51;
	5195 : 51;
	5196 : 51;
	5197 : 51;
	5198 : 51;
	5199 : 51;
	519A : 51;
	519B : 51;
	519C : 51;
	519D : 51;
	519E : 51;
	519F : 51;
	51A0 : 51;
	51A1 : 51;
	51A2 : 51;
	51A3 : 51;
	51A4 : 51;
	51A5 : 51;
	51A6 : 51;
	51A7 : 51;
	51A8 : 51;
	51A9 : 51;
	51AA : 51;
	51AB : 51;
	51AC : 51;
	51AD : 51;
	51AE : 51;
	51AF : 51;
	51B0 : 50;
	51B1 : 50;
	51B2 : 50;
	51B3 : 50;
	51B4 : 50;
	51B5 : 50;
	51B6 : 50;
	51B7 : 50;
	51B8 : 50;
	51B9 : 50;
	51BA : 50;
	51BB : 4F;
	51BC : 4F;
	51BD : 4F;
	51BE : 4E;
	51BF : 4E;
	51C0 : 4E;
	51C1 : 4E;
	51C2 : 4D;
	51C3 : 4C;
	51C4 : 4C;
	51C5 : 4C;
	51C6 : 4B;
	51C7 : 4A;
	51C8 : 4A;
	51C9 : 49;
	51CA : 48;
	51CB : 46;
	51CC : 44;
	51CD : 42;
	51CE : 40;
	51CF : 3C;
	51D0 : 38;
	51D1 : 00;
	51D2 : B8;
	51D3 : C0;
	51D4 : C4;
	51D5 : C8;
	51D6 : CA;
	51D7 : CC;
	51D8 : CE;
	51D9 : D1;
	51DA : D3;
	51DB : D5;
	51DC : D7;
	51DD : D8;
	51DE : DA;
	51DF : DA;
	51E0 : DC;
	51E1 : DE;
	51E2 : E0;
	51E3 : E1;
	51E4 : E2;
	51E5 : E3;
	51E6 : E4;
	51E7 : E5;
	51E8 : E6;
	51E9 : E8;
	51EA : E9;
	51EB : EA;
	51EC : EB;
	51ED : EC;
	51EE : ED;
	51EF : EE;
	51F0 : EF;
	51F1 : F0;
	51F2 : F1;
	51F3 : F2;
	51F4 : F3;
	51F5 : F4;
	51F6 : F5;
	51F7 : F6;
	51F8 : F7;
	51F9 : F9;
	51FA : FA;
	51FB : FB;
	51FC : FC;
	51FD : FD;
	51FE : FE;
	51FF : 7F;
	5200 : 52;
	5201 : 52;
	5202 : 52;
	5203 : 52;
	5204 : 52;
	5205 : 52;
	5206 : 52;
	5207 : 52;
	5208 : 52;
	5209 : 52;
	520A : 52;
	520B : 52;
	520C : 52;
	520D : 52;
	520E : 52;
	520F : 52;
	5210 : 52;
	5211 : 52;
	5212 : 52;
	5213 : 52;
	5214 : 52;
	5215 : 52;
	5216 : 52;
	5217 : 52;
	5218 : 52;
	5219 : 52;
	521A : 52;
	521B : 52;
	521C : 52;
	521D : 52;
	521E : 52;
	521F : 52;
	5220 : 52;
	5221 : 52;
	5222 : 52;
	5223 : 52;
	5224 : 52;
	5225 : 52;
	5226 : 52;
	5227 : 52;
	5228 : 52;
	5229 : 52;
	522A : 52;
	522B : 52;
	522C : 52;
	522D : 52;
	522E : 52;
	522F : 52;
	5230 : 52;
	5231 : 53;
	5232 : 53;
	5233 : 53;
	5234 : 53;
	5235 : 53;
	5236 : 53;
	5237 : 53;
	5238 : 53;
	5239 : 53;
	523A : 53;
	523B : 53;
	523C : 54;
	523D : 54;
	523E : 54;
	523F : 54;
	5240 : 54;
	5241 : 54;
	5242 : 54;
	5243 : 55;
	5244 : 55;
	5245 : 55;
	5246 : 56;
	5247 : 56;
	5248 : 56;
	5249 : 56;
	524A : 57;
	524B : 58;
	524C : 58;
	524D : 58;
	524E : 58;
	524F : 59;
	5250 : 59;
	5251 : 5A;
	5252 : 5A;
	5253 : 5A;
	5254 : 5B;
	5255 : 5C;
	5256 : 5C;
	5257 : 5C;
	5258 : 5D;
	5259 : 5E;
	525A : 5F;
	525B : 60;
	525C : 60;
	525D : 61;
	525E : 62;
	525F : 62;
	5260 : 62;
	5261 : 64;
	5262 : 64;
	5263 : 66;
	5264 : 66;
	5265 : 68;
	5266 : 68;
	5267 : 69;
	5268 : 69;
	5269 : 6A;
	526A : 6B;
	526B : 6C;
	526C : 6D;
	526D : 6E;
	526E : 6F;
	526F : 70;
	5270 : 71;
	5271 : 72;
	5272 : 73;
	5273 : 74;
	5274 : 75;
	5275 : 76;
	5276 : 77;
	5277 : 78;
	5278 : 78;
	5279 : 79;
	527A : 7A;
	527B : 7B;
	527C : 7C;
	527D : 7D;
	527E : 7E;
	527F : 7F;
	5280 : 52;
	5281 : 52;
	5282 : 52;
	5283 : 52;
	5284 : 52;
	5285 : 52;
	5286 : 52;
	5287 : 52;
	5288 : 52;
	5289 : 52;
	528A : 52;
	528B : 52;
	528C : 52;
	528D : 52;
	528E : 52;
	528F : 52;
	5290 : 52;
	5291 : 52;
	5292 : 52;
	5293 : 52;
	5294 : 52;
	5295 : 52;
	5296 : 52;
	5297 : 52;
	5298 : 52;
	5299 : 52;
	529A : 52;
	529B : 52;
	529C : 52;
	529D : 52;
	529E : 52;
	529F : 52;
	52A0 : 52;
	52A1 : 52;
	52A2 : 52;
	52A3 : 52;
	52A4 : 52;
	52A5 : 52;
	52A6 : 52;
	52A7 : 52;
	52A8 : 52;
	52A9 : 52;
	52AA : 52;
	52AB : 52;
	52AC : 52;
	52AD : 52;
	52AE : 52;
	52AF : 52;
	52B0 : 52;
	52B1 : 51;
	52B2 : 51;
	52B3 : 51;
	52B4 : 51;
	52B5 : 51;
	52B6 : 51;
	52B7 : 51;
	52B8 : 51;
	52B9 : 51;
	52BA : 51;
	52BB : 51;
	52BC : 50;
	52BD : 50;
	52BE : 50;
	52BF : 50;
	52C0 : 50;
	52C1 : 50;
	52C2 : 4F;
	52C3 : 4E;
	52C4 : 4E;
	52C5 : 4E;
	52C6 : 4D;
	52C7 : 4C;
	52C8 : 4C;
	52C9 : 4B;
	52CA : 4A;
	52CB : 49;
	52CC : 48;
	52CD : 46;
	52CE : 44;
	52CF : 42;
	52D0 : 40;
	52D1 : 38;
	52D2 : 00;
	52D3 : B8;
	52D4 : C0;
	52D5 : C4;
	52D6 : C8;
	52D7 : CA;
	52D8 : CC;
	52D9 : D0;
	52DA : D2;
	52DB : D4;
	52DC : D6;
	52DD : D8;
	52DE : D9;
	52DF : DA;
	52E0 : DB;
	52E1 : DD;
	52E2 : DF;
	52E3 : E0;
	52E4 : E2;
	52E5 : E2;
	52E6 : E4;
	52E7 : E4;
	52E8 : E6;
	52E9 : E8;
	52EA : E9;
	52EB : EA;
	52EC : EB;
	52ED : EC;
	52EE : ED;
	52EF : EE;
	52F0 : EF;
	52F1 : F0;
	52F2 : F1;
	52F3 : F2;
	52F4 : F3;
	52F5 : F4;
	52F6 : F5;
	52F7 : F6;
	52F8 : F7;
	52F9 : F9;
	52FA : FA;
	52FB : FB;
	52FC : FC;
	52FD : FD;
	52FE : FE;
	52FF : 7F;
	5300 : 53;
	5301 : 53;
	5302 : 53;
	5303 : 53;
	5304 : 53;
	5305 : 53;
	5306 : 53;
	5307 : 53;
	5308 : 53;
	5309 : 53;
	530A : 53;
	530B : 53;
	530C : 53;
	530D : 53;
	530E : 53;
	530F : 53;
	5310 : 53;
	5311 : 53;
	5312 : 53;
	5313 : 53;
	5314 : 53;
	5315 : 53;
	5316 : 53;
	5317 : 53;
	5318 : 53;
	5319 : 53;
	531A : 53;
	531B : 53;
	531C : 53;
	531D : 53;
	531E : 53;
	531F : 53;
	5320 : 53;
	5321 : 53;
	5322 : 53;
	5323 : 53;
	5324 : 53;
	5325 : 53;
	5326 : 53;
	5327 : 53;
	5328 : 53;
	5329 : 53;
	532A : 53;
	532B : 53;
	532C : 53;
	532D : 53;
	532E : 53;
	532F : 53;
	5330 : 54;
	5331 : 54;
	5332 : 54;
	5333 : 54;
	5334 : 54;
	5335 : 54;
	5336 : 54;
	5337 : 54;
	5338 : 54;
	5339 : 54;
	533A : 54;
	533B : 54;
	533C : 54;
	533D : 55;
	533E : 55;
	533F : 55;
	5340 : 55;
	5341 : 55;
	5342 : 56;
	5343 : 56;
	5344 : 56;
	5345 : 56;
	5346 : 56;
	5347 : 57;
	5348 : 57;
	5349 : 58;
	534A : 58;
	534B : 58;
	534C : 58;
	534D : 59;
	534E : 59;
	534F : 59;
	5350 : 5A;
	5351 : 5A;
	5352 : 5A;
	5353 : 5B;
	5354 : 5C;
	5355 : 5C;
	5356 : 5C;
	5357 : 5D;
	5358 : 5E;
	5359 : 5E;
	535A : 60;
	535B : 60;
	535C : 61;
	535D : 61;
	535E : 62;
	535F : 62;
	5360 : 63;
	5361 : 64;
	5362 : 65;
	5363 : 66;
	5364 : 67;
	5365 : 68;
	5366 : 68;
	5367 : 69;
	5368 : 69;
	5369 : 6A;
	536A : 6B;
	536B : 6C;
	536C : 6D;
	536D : 6E;
	536E : 6F;
	536F : 70;
	5370 : 71;
	5371 : 72;
	5372 : 73;
	5373 : 74;
	5374 : 75;
	5375 : 76;
	5376 : 77;
	5377 : 78;
	5378 : 78;
	5379 : 79;
	537A : 7A;
	537B : 7B;
	537C : 7C;
	537D : 7D;
	537E : 7E;
	537F : 7F;
	5380 : 53;
	5381 : 53;
	5382 : 53;
	5383 : 53;
	5384 : 53;
	5385 : 53;
	5386 : 53;
	5387 : 53;
	5388 : 53;
	5389 : 53;
	538A : 53;
	538B : 53;
	538C : 53;
	538D : 53;
	538E : 53;
	538F : 53;
	5390 : 53;
	5391 : 53;
	5392 : 53;
	5393 : 53;
	5394 : 53;
	5395 : 53;
	5396 : 53;
	5397 : 53;
	5398 : 53;
	5399 : 53;
	539A : 53;
	539B : 53;
	539C : 53;
	539D : 53;
	539E : 53;
	539F : 53;
	53A0 : 53;
	53A1 : 53;
	53A2 : 53;
	53A3 : 53;
	53A4 : 53;
	53A5 : 53;
	53A6 : 53;
	53A7 : 53;
	53A8 : 53;
	53A9 : 53;
	53AA : 53;
	53AB : 53;
	53AC : 53;
	53AD : 53;
	53AE : 53;
	53AF : 53;
	53B0 : 52;
	53B1 : 52;
	53B2 : 52;
	53B3 : 52;
	53B4 : 52;
	53B5 : 52;
	53B6 : 52;
	53B7 : 52;
	53B8 : 52;
	53B9 : 52;
	53BA : 52;
	53BB : 52;
	53BC : 52;
	53BD : 51;
	53BE : 51;
	53BF : 51;
	53C0 : 51;
	53C1 : 51;
	53C2 : 50;
	53C3 : 50;
	53C4 : 50;
	53C5 : 50;
	53C6 : 4F;
	53C7 : 4E;
	53C8 : 4E;
	53C9 : 4D;
	53CA : 4C;
	53CB : 4B;
	53CC : 4A;
	53CD : 49;
	53CE : 48;
	53CF : 46;
	53D0 : 44;
	53D1 : 40;
	53D2 : 38;
	53D3 : 00;
	53D4 : B8;
	53D5 : C0;
	53D6 : C4;
	53D7 : C8;
	53D8 : CA;
	53D9 : CE;
	53DA : D1;
	53DB : D3;
	53DC : D5;
	53DD : D7;
	53DE : D8;
	53DF : DA;
	53E0 : DA;
	53E1 : DC;
	53E2 : DE;
	53E3 : E0;
	53E4 : E1;
	53E5 : E2;
	53E6 : E3;
	53E7 : E4;
	53E8 : E5;
	53E9 : E7;
	53EA : E9;
	53EB : EA;
	53EC : EB;
	53ED : EC;
	53EE : ED;
	53EF : EE;
	53F0 : EF;
	53F1 : F0;
	53F2 : F1;
	53F3 : F2;
	53F4 : F3;
	53F5 : F4;
	53F6 : F5;
	53F7 : F6;
	53F8 : F7;
	53F9 : F9;
	53FA : FA;
	53FB : FB;
	53FC : FC;
	53FD : FD;
	53FE : FE;
	53FF : 7F;
	5400 : 54;
	5401 : 54;
	5402 : 54;
	5403 : 54;
	5404 : 54;
	5405 : 54;
	5406 : 54;
	5407 : 54;
	5408 : 54;
	5409 : 54;
	540A : 54;
	540B : 54;
	540C : 54;
	540D : 54;
	540E : 54;
	540F : 54;
	5410 : 54;
	5411 : 54;
	5412 : 54;
	5413 : 54;
	5414 : 54;
	5415 : 54;
	5416 : 54;
	5417 : 54;
	5418 : 54;
	5419 : 54;
	541A : 54;
	541B : 54;
	541C : 54;
	541D : 54;
	541E : 54;
	541F : 54;
	5420 : 54;
	5421 : 54;
	5422 : 54;
	5423 : 54;
	5424 : 54;
	5425 : 54;
	5426 : 54;
	5427 : 54;
	5428 : 54;
	5429 : 54;
	542A : 54;
	542B : 54;
	542C : 54;
	542D : 54;
	542E : 54;
	542F : 54;
	5430 : 54;
	5431 : 55;
	5432 : 55;
	5433 : 55;
	5434 : 55;
	5435 : 55;
	5436 : 55;
	5437 : 55;
	5438 : 55;
	5439 : 55;
	543A : 55;
	543B : 55;
	543C : 56;
	543D : 56;
	543E : 56;
	543F : 56;
	5440 : 56;
	5441 : 56;
	5442 : 56;
	5443 : 57;
	5444 : 57;
	5445 : 57;
	5446 : 58;
	5447 : 58;
	5448 : 58;
	5449 : 58;
	544A : 58;
	544B : 59;
	544C : 59;
	544D : 59;
	544E : 5A;
	544F : 5A;
	5450 : 5A;
	5451 : 5A;
	5452 : 5B;
	5453 : 5C;
	5454 : 5C;
	5455 : 5C;
	5456 : 5D;
	5457 : 5E;
	5458 : 5E;
	5459 : 5F;
	545A : 60;
	545B : 60;
	545C : 61;
	545D : 62;
	545E : 62;
	545F : 62;
	5460 : 63;
	5461 : 64;
	5462 : 65;
	5463 : 66;
	5464 : 67;
	5465 : 68;
	5466 : 68;
	5467 : 69;
	5468 : 6A;
	5469 : 6A;
	546A : 6C;
	546B : 6C;
	546C : 6E;
	546D : 6E;
	546E : 70;
	546F : 70;
	5470 : 71;
	5471 : 72;
	5472 : 73;
	5473 : 74;
	5474 : 75;
	5475 : 76;
	5476 : 77;
	5477 : 78;
	5478 : 78;
	5479 : 79;
	547A : 7A;
	547B : 7B;
	547C : 7C;
	547D : 7D;
	547E : 7E;
	547F : 7F;
	5480 : 54;
	5481 : 54;
	5482 : 54;
	5483 : 54;
	5484 : 54;
	5485 : 54;
	5486 : 54;
	5487 : 54;
	5488 : 54;
	5489 : 54;
	548A : 54;
	548B : 54;
	548C : 54;
	548D : 54;
	548E : 54;
	548F : 54;
	5490 : 54;
	5491 : 54;
	5492 : 54;
	5493 : 54;
	5494 : 54;
	5495 : 54;
	5496 : 54;
	5497 : 54;
	5498 : 54;
	5499 : 54;
	549A : 54;
	549B : 54;
	549C : 54;
	549D : 54;
	549E : 54;
	549F : 54;
	54A0 : 54;
	54A1 : 54;
	54A2 : 54;
	54A3 : 54;
	54A4 : 54;
	54A5 : 54;
	54A6 : 54;
	54A7 : 54;
	54A8 : 54;
	54A9 : 54;
	54AA : 54;
	54AB : 54;
	54AC : 54;
	54AD : 54;
	54AE : 54;
	54AF : 54;
	54B0 : 54;
	54B1 : 53;
	54B2 : 53;
	54B3 : 53;
	54B4 : 53;
	54B5 : 53;
	54B6 : 53;
	54B7 : 53;
	54B8 : 53;
	54B9 : 53;
	54BA : 53;
	54BB : 53;
	54BC : 52;
	54BD : 52;
	54BE : 52;
	54BF : 52;
	54C0 : 52;
	54C1 : 52;
	54C2 : 52;
	54C3 : 51;
	54C4 : 51;
	54C5 : 51;
	54C6 : 50;
	54C7 : 50;
	54C8 : 50;
	54C9 : 4F;
	54CA : 4E;
	54CB : 4D;
	54CC : 4C;
	54CD : 4B;
	54CE : 4A;
	54CF : 49;
	54D0 : 48;
	54D1 : 44;
	54D2 : 40;
	54D3 : 38;
	54D4 : 00;
	54D5 : B8;
	54D6 : C0;
	54D7 : C4;
	54D8 : C8;
	54D9 : CC;
	54DA : D0;
	54DB : D2;
	54DC : D4;
	54DD : D6;
	54DE : D8;
	54DF : D9;
	54E0 : DA;
	54E1 : DC;
	54E2 : DE;
	54E3 : E0;
	54E4 : E1;
	54E5 : E2;
	54E6 : E3;
	54E7 : E4;
	54E8 : E5;
	54E9 : E7;
	54EA : E8;
	54EB : EA;
	54EC : EA;
	54ED : EC;
	54EE : EC;
	54EF : EE;
	54F0 : EE;
	54F1 : F0;
	54F2 : F1;
	54F3 : F2;
	54F4 : F3;
	54F5 : F4;
	54F6 : F5;
	54F7 : F6;
	54F8 : F7;
	54F9 : F9;
	54FA : FA;
	54FB : FB;
	54FC : FC;
	54FD : FD;
	54FE : FE;
	54FF : 7F;
	5500 : 55;
	5501 : 55;
	5502 : 55;
	5503 : 55;
	5504 : 55;
	5505 : 55;
	5506 : 55;
	5507 : 55;
	5508 : 55;
	5509 : 55;
	550A : 55;
	550B : 55;
	550C : 55;
	550D : 55;
	550E : 55;
	550F : 55;
	5510 : 55;
	5511 : 55;
	5512 : 55;
	5513 : 55;
	5514 : 55;
	5515 : 55;
	5516 : 55;
	5517 : 55;
	5518 : 55;
	5519 : 55;
	551A : 55;
	551B : 55;
	551C : 55;
	551D : 55;
	551E : 55;
	551F : 55;
	5520 : 55;
	5521 : 55;
	5522 : 55;
	5523 : 55;
	5524 : 55;
	5525 : 55;
	5526 : 55;
	5527 : 55;
	5528 : 55;
	5529 : 55;
	552A : 55;
	552B : 55;
	552C : 55;
	552D : 55;
	552E : 55;
	552F : 55;
	5530 : 56;
	5531 : 56;
	5532 : 56;
	5533 : 56;
	5534 : 56;
	5535 : 56;
	5536 : 56;
	5537 : 56;
	5538 : 56;
	5539 : 56;
	553A : 56;
	553B : 56;
	553C : 56;
	553D : 57;
	553E : 57;
	553F : 57;
	5540 : 57;
	5541 : 57;
	5542 : 58;
	5543 : 58;
	5544 : 58;
	5545 : 58;
	5546 : 58;
	5547 : 58;
	5548 : 58;
	5549 : 59;
	554A : 59;
	554B : 59;
	554C : 5A;
	554D : 5A;
	554E : 5A;
	554F : 5A;
	5550 : 5A;
	5551 : 5B;
	5552 : 5C;
	5553 : 5C;
	5554 : 5C;
	5555 : 5D;
	5556 : 5E;
	5557 : 5E;
	5558 : 5E;
	5559 : 60;
	555A : 60;
	555B : 61;
	555C : 61;
	555D : 62;
	555E : 62;
	555F : 63;
	5560 : 63;
	5561 : 64;
	5562 : 65;
	5563 : 66;
	5564 : 67;
	5565 : 68;
	5566 : 69;
	5567 : 69;
	5568 : 6A;
	5569 : 6B;
	556A : 6C;
	556B : 6D;
	556C : 6E;
	556D : 6F;
	556E : 70;
	556F : 70;
	5570 : 71;
	5571 : 72;
	5572 : 73;
	5573 : 74;
	5574 : 75;
	5575 : 76;
	5576 : 77;
	5577 : 78;
	5578 : 78;
	5579 : 79;
	557A : 7A;
	557B : 7B;
	557C : 7C;
	557D : 7D;
	557E : 7E;
	557F : 7F;
	5580 : 55;
	5581 : 55;
	5582 : 55;
	5583 : 55;
	5584 : 55;
	5585 : 55;
	5586 : 55;
	5587 : 55;
	5588 : 55;
	5589 : 55;
	558A : 55;
	558B : 55;
	558C : 55;
	558D : 55;
	558E : 55;
	558F : 55;
	5590 : 55;
	5591 : 55;
	5592 : 55;
	5593 : 55;
	5594 : 55;
	5595 : 55;
	5596 : 55;
	5597 : 55;
	5598 : 55;
	5599 : 55;
	559A : 55;
	559B : 55;
	559C : 55;
	559D : 55;
	559E : 55;
	559F : 55;
	55A0 : 55;
	55A1 : 55;
	55A2 : 55;
	55A3 : 55;
	55A4 : 55;
	55A5 : 55;
	55A6 : 55;
	55A7 : 55;
	55A8 : 55;
	55A9 : 55;
	55AA : 55;
	55AB : 55;
	55AC : 55;
	55AD : 55;
	55AE : 55;
	55AF : 55;
	55B0 : 54;
	55B1 : 54;
	55B2 : 54;
	55B3 : 54;
	55B4 : 54;
	55B5 : 54;
	55B6 : 54;
	55B7 : 54;
	55B8 : 54;
	55B9 : 54;
	55BA : 54;
	55BB : 54;
	55BC : 54;
	55BD : 53;
	55BE : 53;
	55BF : 53;
	55C0 : 53;
	55C1 : 53;
	55C2 : 52;
	55C3 : 52;
	55C4 : 52;
	55C5 : 52;
	55C6 : 52;
	55C7 : 51;
	55C8 : 51;
	55C9 : 50;
	55CA : 50;
	55CB : 4F;
	55CC : 4E;
	55CD : 4D;
	55CE : 4C;
	55CF : 4B;
	55D0 : 4A;
	55D1 : 48;
	55D2 : 44;
	55D3 : 40;
	55D4 : 38;
	55D5 : 00;
	55D6 : B8;
	55D7 : C0;
	55D8 : C4;
	55D9 : CA;
	55DA : CE;
	55DB : D1;
	55DC : D3;
	55DD : D5;
	55DE : D7;
	55DF : D8;
	55E0 : DA;
	55E1 : DC;
	55E2 : DE;
	55E3 : E0;
	55E4 : E1;
	55E5 : E2;
	55E6 : E3;
	55E7 : E4;
	55E8 : E5;
	55E9 : E7;
	55EA : E8;
	55EB : E9;
	55EC : EA;
	55ED : EB;
	55EE : EC;
	55EF : ED;
	55F0 : EE;
	55F1 : F0;
	55F2 : F1;
	55F3 : F2;
	55F4 : F3;
	55F5 : F4;
	55F6 : F5;
	55F7 : F6;
	55F8 : F7;
	55F9 : F9;
	55FA : FA;
	55FB : FB;
	55FC : FC;
	55FD : FD;
	55FE : FE;
	55FF : 7F;
	5600 : 56;
	5601 : 56;
	5602 : 56;
	5603 : 56;
	5604 : 56;
	5605 : 56;
	5606 : 56;
	5607 : 56;
	5608 : 56;
	5609 : 56;
	560A : 56;
	560B : 56;
	560C : 56;
	560D : 56;
	560E : 56;
	560F : 56;
	5610 : 56;
	5611 : 56;
	5612 : 56;
	5613 : 56;
	5614 : 56;
	5615 : 56;
	5616 : 56;
	5617 : 56;
	5618 : 56;
	5619 : 56;
	561A : 56;
	561B : 56;
	561C : 56;
	561D : 56;
	561E : 56;
	561F : 56;
	5620 : 56;
	5621 : 56;
	5622 : 56;
	5623 : 56;
	5624 : 56;
	5625 : 56;
	5626 : 56;
	5627 : 56;
	5628 : 56;
	5629 : 56;
	562A : 56;
	562B : 56;
	562C : 56;
	562D : 56;
	562E : 56;
	562F : 56;
	5630 : 56;
	5631 : 57;
	5632 : 57;
	5633 : 57;
	5634 : 57;
	5635 : 57;
	5636 : 57;
	5637 : 57;
	5638 : 57;
	5639 : 57;
	563A : 57;
	563B : 57;
	563C : 58;
	563D : 58;
	563E : 58;
	563F : 58;
	5640 : 58;
	5641 : 58;
	5642 : 58;
	5643 : 58;
	5644 : 58;
	5645 : 59;
	5646 : 59;
	5647 : 59;
	5648 : 59;
	5649 : 59;
	564A : 5A;
	564B : 5A;
	564C : 5A;
	564D : 5A;
	564E : 5A;
	564F : 5B;
	5650 : 5B;
	5651 : 5C;
	5652 : 5C;
	5653 : 5C;
	5654 : 5D;
	5655 : 5E;
	5656 : 5E;
	5657 : 5E;
	5658 : 5F;
	5659 : 60;
	565A : 60;
	565B : 61;
	565C : 62;
	565D : 62;
	565E : 62;
	565F : 63;
	5660 : 64;
	5661 : 64;
	5662 : 66;
	5663 : 66;
	5664 : 68;
	5665 : 68;
	5666 : 69;
	5667 : 69;
	5668 : 6A;
	5669 : 6B;
	566A : 6C;
	566B : 6D;
	566C : 6E;
	566D : 6F;
	566E : 70;
	566F : 70;
	5670 : 71;
	5671 : 72;
	5672 : 73;
	5673 : 74;
	5674 : 75;
	5675 : 76;
	5676 : 77;
	5677 : 78;
	5678 : 78;
	5679 : 79;
	567A : 7A;
	567B : 7B;
	567C : 7C;
	567D : 7D;
	567E : 7E;
	567F : 7F;
	5680 : 56;
	5681 : 56;
	5682 : 56;
	5683 : 56;
	5684 : 56;
	5685 : 56;
	5686 : 56;
	5687 : 56;
	5688 : 56;
	5689 : 56;
	568A : 56;
	568B : 56;
	568C : 56;
	568D : 56;
	568E : 56;
	568F : 56;
	5690 : 56;
	5691 : 56;
	5692 : 56;
	5693 : 56;
	5694 : 56;
	5695 : 56;
	5696 : 56;
	5697 : 56;
	5698 : 56;
	5699 : 56;
	569A : 56;
	569B : 56;
	569C : 56;
	569D : 56;
	569E : 56;
	569F : 56;
	56A0 : 56;
	56A1 : 56;
	56A2 : 56;
	56A3 : 56;
	56A4 : 56;
	56A5 : 56;
	56A6 : 56;
	56A7 : 56;
	56A8 : 56;
	56A9 : 56;
	56AA : 56;
	56AB : 56;
	56AC : 56;
	56AD : 56;
	56AE : 56;
	56AF : 56;
	56B0 : 56;
	56B1 : 55;
	56B2 : 55;
	56B3 : 55;
	56B4 : 55;
	56B5 : 55;
	56B6 : 55;
	56B7 : 55;
	56B8 : 55;
	56B9 : 55;
	56BA : 55;
	56BB : 55;
	56BC : 54;
	56BD : 54;
	56BE : 54;
	56BF : 54;
	56C0 : 54;
	56C1 : 54;
	56C2 : 54;
	56C3 : 53;
	56C4 : 53;
	56C5 : 53;
	56C6 : 52;
	56C7 : 52;
	56C8 : 52;
	56C9 : 52;
	56CA : 51;
	56CB : 50;
	56CC : 50;
	56CD : 4F;
	56CE : 4E;
	56CF : 4D;
	56D0 : 4C;
	56D1 : 4A;
	56D2 : 48;
	56D3 : 44;
	56D4 : 40;
	56D5 : 38;
	56D6 : 00;
	56D7 : B8;
	56D8 : C0;
	56D9 : C8;
	56DA : CC;
	56DB : D0;
	56DC : D2;
	56DD : D4;
	56DE : D6;
	56DF : D8;
	56E0 : D9;
	56E1 : DB;
	56E2 : DD;
	56E3 : DF;
	56E4 : E0;
	56E5 : E2;
	56E6 : E2;
	56E7 : E4;
	56E8 : E4;
	56E9 : E6;
	56EA : E8;
	56EB : E9;
	56EC : EA;
	56ED : EB;
	56EE : EC;
	56EF : ED;
	56F0 : EE;
	56F1 : F0;
	56F2 : F1;
	56F3 : F2;
	56F4 : F3;
	56F5 : F4;
	56F6 : F5;
	56F7 : F6;
	56F8 : F7;
	56F9 : F9;
	56FA : FA;
	56FB : FB;
	56FC : FC;
	56FD : FD;
	56FE : FE;
	56FF : 7F;
	5700 : 57;
	5701 : 57;
	5702 : 57;
	5703 : 57;
	5704 : 57;
	5705 : 57;
	5706 : 57;
	5707 : 57;
	5708 : 57;
	5709 : 57;
	570A : 57;
	570B : 57;
	570C : 57;
	570D : 57;
	570E : 57;
	570F : 57;
	5710 : 57;
	5711 : 57;
	5712 : 57;
	5713 : 57;
	5714 : 57;
	5715 : 57;
	5716 : 57;
	5717 : 57;
	5718 : 57;
	5719 : 57;
	571A : 57;
	571B : 57;
	571C : 57;
	571D : 57;
	571E : 57;
	571F : 57;
	5720 : 57;
	5721 : 57;
	5722 : 57;
	5723 : 57;
	5724 : 57;
	5725 : 57;
	5726 : 57;
	5727 : 57;
	5728 : 57;
	5729 : 57;
	572A : 57;
	572B : 57;
	572C : 57;
	572D : 57;
	572E : 57;
	572F : 57;
	5730 : 58;
	5731 : 58;
	5732 : 58;
	5733 : 58;
	5734 : 58;
	5735 : 58;
	5736 : 58;
	5737 : 58;
	5738 : 58;
	5739 : 58;
	573A : 58;
	573B : 58;
	573C : 58;
	573D : 58;
	573E : 58;
	573F : 58;
	5740 : 58;
	5741 : 59;
	5742 : 59;
	5743 : 59;
	5744 : 59;
	5745 : 59;
	5746 : 59;
	5747 : 59;
	5748 : 5A;
	5749 : 5A;
	574A : 5A;
	574B : 5A;
	574C : 5A;
	574D : 5B;
	574E : 5B;
	574F : 5B;
	5750 : 5C;
	5751 : 5C;
	5752 : 5C;
	5753 : 5D;
	5754 : 5E;
	5755 : 5E;
	5756 : 5E;
	5757 : 5F;
	5758 : 60;
	5759 : 60;
	575A : 61;
	575B : 61;
	575C : 62;
	575D : 62;
	575E : 63;
	575F : 63;
	5760 : 64;
	5761 : 65;
	5762 : 66;
	5763 : 67;
	5764 : 68;
	5765 : 68;
	5766 : 69;
	5767 : 69;
	5768 : 6A;
	5769 : 6B;
	576A : 6C;
	576B : 6D;
	576C : 6E;
	576D : 6F;
	576E : 70;
	576F : 70;
	5770 : 71;
	5771 : 72;
	5772 : 73;
	5773 : 74;
	5774 : 75;
	5775 : 76;
	5776 : 77;
	5777 : 78;
	5778 : 78;
	5779 : 79;
	577A : 7A;
	577B : 7B;
	577C : 7C;
	577D : 7D;
	577E : 7E;
	577F : 7F;
	5780 : 57;
	5781 : 57;
	5782 : 57;
	5783 : 57;
	5784 : 57;
	5785 : 57;
	5786 : 57;
	5787 : 57;
	5788 : 57;
	5789 : 57;
	578A : 57;
	578B : 57;
	578C : 57;
	578D : 57;
	578E : 57;
	578F : 57;
	5790 : 57;
	5791 : 57;
	5792 : 57;
	5793 : 57;
	5794 : 57;
	5795 : 57;
	5796 : 57;
	5797 : 57;
	5798 : 57;
	5799 : 57;
	579A : 57;
	579B : 57;
	579C : 57;
	579D : 57;
	579E : 57;
	579F : 57;
	57A0 : 57;
	57A1 : 57;
	57A2 : 57;
	57A3 : 57;
	57A4 : 57;
	57A5 : 57;
	57A6 : 57;
	57A7 : 57;
	57A8 : 57;
	57A9 : 57;
	57AA : 57;
	57AB : 57;
	57AC : 57;
	57AD : 57;
	57AE : 57;
	57AF : 57;
	57B0 : 56;
	57B1 : 56;
	57B2 : 56;
	57B3 : 56;
	57B4 : 56;
	57B5 : 56;
	57B6 : 56;
	57B7 : 56;
	57B8 : 56;
	57B9 : 56;
	57BA : 56;
	57BB : 56;
	57BC : 56;
	57BD : 55;
	57BE : 55;
	57BF : 55;
	57C0 : 55;
	57C1 : 55;
	57C2 : 54;
	57C3 : 54;
	57C4 : 54;
	57C5 : 54;
	57C6 : 54;
	57C7 : 53;
	57C8 : 53;
	57C9 : 52;
	57CA : 52;
	57CB : 52;
	57CC : 51;
	57CD : 50;
	57CE : 50;
	57CF : 4F;
	57D0 : 4E;
	57D1 : 4C;
	57D2 : 4A;
	57D3 : 48;
	57D4 : 44;
	57D5 : 40;
	57D6 : 38;
	57D7 : 00;
	57D8 : B8;
	57D9 : C4;
	57DA : CA;
	57DB : CE;
	57DC : D1;
	57DD : D3;
	57DE : D5;
	57DF : D7;
	57E0 : D8;
	57E1 : DA;
	57E2 : DC;
	57E3 : DE;
	57E4 : E0;
	57E5 : E1;
	57E6 : E2;
	57E7 : E3;
	57E8 : E4;
	57E9 : E6;
	57EA : E8;
	57EB : E9;
	57EC : EA;
	57ED : EB;
	57EE : EC;
	57EF : ED;
	57F0 : EE;
	57F1 : F0;
	57F2 : F1;
	57F3 : F2;
	57F4 : F3;
	57F5 : F4;
	57F6 : F5;
	57F7 : F6;
	57F8 : F7;
	57F9 : F9;
	57FA : FA;
	57FB : FB;
	57FC : FC;
	57FD : FD;
	57FE : FE;
	57FF : 7F;
	5800 : 58;
	5801 : 58;
	5802 : 58;
	5803 : 58;
	5804 : 58;
	5805 : 58;
	5806 : 58;
	5807 : 58;
	5808 : 58;
	5809 : 58;
	580A : 58;
	580B : 58;
	580C : 58;
	580D : 58;
	580E : 58;
	580F : 58;
	5810 : 58;
	5811 : 58;
	5812 : 58;
	5813 : 58;
	5814 : 58;
	5815 : 58;
	5816 : 58;
	5817 : 58;
	5818 : 58;
	5819 : 58;
	581A : 58;
	581B : 58;
	581C : 58;
	581D : 58;
	581E : 58;
	581F : 58;
	5820 : 58;
	5821 : 58;
	5822 : 58;
	5823 : 58;
	5824 : 58;
	5825 : 58;
	5826 : 58;
	5827 : 58;
	5828 : 58;
	5829 : 58;
	582A : 58;
	582B : 58;
	582C : 58;
	582D : 58;
	582E : 58;
	582F : 58;
	5830 : 58;
	5831 : 58;
	5832 : 58;
	5833 : 58;
	5834 : 58;
	5835 : 58;
	5836 : 58;
	5837 : 58;
	5838 : 58;
	5839 : 59;
	583A : 59;
	583B : 59;
	583C : 59;
	583D : 59;
	583E : 59;
	583F : 59;
	5840 : 59;
	5841 : 59;
	5842 : 59;
	5843 : 59;
	5844 : 5A;
	5845 : 5A;
	5846 : 5A;
	5847 : 5A;
	5848 : 5A;
	5849 : 5A;
	584A : 5A;
	584B : 5B;
	584C : 5B;
	584D : 5B;
	584E : 5C;
	584F : 5C;
	5850 : 5C;
	5851 : 5C;
	5852 : 5D;
	5853 : 5E;
	5854 : 5E;
	5855 : 5E;
	5856 : 5F;
	5857 : 60;
	5858 : 60;
	5859 : 60;
	585A : 61;
	585B : 62;
	585C : 62;
	585D : 62;
	585E : 63;
	585F : 64;
	5860 : 64;
	5861 : 65;
	5862 : 66;
	5863 : 67;
	5864 : 68;
	5865 : 68;
	5866 : 69;
	5867 : 6A;
	5868 : 6A;
	5869 : 6B;
	586A : 6C;
	586B : 6D;
	586C : 6E;
	586D : 6F;
	586E : 70;
	586F : 70;
	5870 : 71;
	5871 : 72;
	5872 : 73;
	5873 : 74;
	5874 : 75;
	5875 : 76;
	5876 : 77;
	5877 : 78;
	5878 : 78;
	5879 : 7A;
	587A : 7A;
	587B : 7C;
	587C : 7C;
	587D : 7E;
	587E : 7E;
	587F : 7F;
	5880 : 58;
	5881 : 58;
	5882 : 58;
	5883 : 58;
	5884 : 58;
	5885 : 58;
	5886 : 58;
	5887 : 58;
	5888 : 58;
	5889 : 58;
	588A : 58;
	588B : 58;
	588C : 58;
	588D : 58;
	588E : 58;
	588F : 58;
	5890 : 58;
	5891 : 58;
	5892 : 58;
	5893 : 58;
	5894 : 58;
	5895 : 58;
	5896 : 58;
	5897 : 58;
	5898 : 58;
	5899 : 58;
	589A : 58;
	589B : 58;
	589C : 58;
	589D : 58;
	589E : 58;
	589F : 58;
	58A0 : 58;
	58A1 : 58;
	58A2 : 58;
	58A3 : 58;
	58A4 : 58;
	58A5 : 58;
	58A6 : 58;
	58A7 : 58;
	58A8 : 58;
	58A9 : 58;
	58AA : 58;
	58AB : 58;
	58AC : 58;
	58AD : 58;
	58AE : 58;
	58AF : 58;
	58B0 : 58;
	58B1 : 57;
	58B2 : 57;
	58B3 : 57;
	58B4 : 57;
	58B5 : 57;
	58B6 : 57;
	58B7 : 57;
	58B8 : 57;
	58B9 : 57;
	58BA : 57;
	58BB : 57;
	58BC : 56;
	58BD : 56;
	58BE : 56;
	58BF : 56;
	58C0 : 56;
	58C1 : 56;
	58C2 : 56;
	58C3 : 55;
	58C4 : 55;
	58C5 : 55;
	58C6 : 54;
	58C7 : 54;
	58C8 : 54;
	58C9 : 54;
	58CA : 53;
	58CB : 52;
	58CC : 52;
	58CD : 52;
	58CE : 51;
	58CF : 50;
	58D0 : 50;
	58D1 : 4E;
	58D2 : 4C;
	58D3 : 4A;
	58D4 : 48;
	58D5 : 44;
	58D6 : 40;
	58D7 : 38;
	58D8 : 00;
	58D9 : C0;
	58DA : C8;
	58DB : CC;
	58DC : D0;
	58DD : D2;
	58DE : D4;
	58DF : D6;
	58E0 : D8;
	58E1 : DA;
	58E2 : DC;
	58E3 : DE;
	58E4 : E0;
	58E5 : E1;
	58E6 : E2;
	58E7 : E3;
	58E8 : E4;
	58E9 : E6;
	58EA : E8;
	58EB : E9;
	58EC : EA;
	58ED : EB;
	58EE : EC;
	58EF : ED;
	58F0 : EE;
	58F1 : F0;
	58F2 : F1;
	58F3 : F2;
	58F4 : F3;
	58F5 : F4;
	58F6 : F5;
	58F7 : F6;
	58F8 : F7;
	58F9 : F8;
	58FA : FA;
	58FB : FA;
	58FC : FC;
	58FD : FC;
	58FE : FE;
	58FF : 7F;
	5900 : 59;
	5901 : 59;
	5902 : 59;
	5903 : 59;
	5904 : 59;
	5905 : 59;
	5906 : 59;
	5907 : 59;
	5908 : 59;
	5909 : 59;
	590A : 59;
	590B : 59;
	590C : 59;
	590D : 59;
	590E : 59;
	590F : 59;
	5910 : 59;
	5911 : 59;
	5912 : 59;
	5913 : 59;
	5914 : 59;
	5915 : 59;
	5916 : 59;
	5917 : 59;
	5918 : 59;
	5919 : 59;
	591A : 59;
	591B : 59;
	591C : 59;
	591D : 59;
	591E : 59;
	591F : 59;
	5920 : 59;
	5921 : 59;
	5922 : 59;
	5923 : 59;
	5924 : 59;
	5925 : 59;
	5926 : 59;
	5927 : 59;
	5928 : 59;
	5929 : 59;
	592A : 59;
	592B : 59;
	592C : 59;
	592D : 59;
	592E : 59;
	592F : 59;
	5930 : 59;
	5931 : 59;
	5932 : 59;
	5933 : 59;
	5934 : 59;
	5935 : 59;
	5936 : 59;
	5937 : 59;
	5938 : 5A;
	5939 : 5A;
	593A : 5A;
	593B : 5A;
	593C : 5A;
	593D : 5A;
	593E : 5A;
	593F : 5A;
	5940 : 5A;
	5941 : 5A;
	5942 : 5A;
	5943 : 5A;
	5944 : 5A;
	5945 : 5B;
	5946 : 5B;
	5947 : 5B;
	5948 : 5B;
	5949 : 5B;
	594A : 5C;
	594B : 5C;
	594C : 5C;
	594D : 5C;
	594E : 5C;
	594F : 5D;
	5950 : 5D;
	5951 : 5E;
	5952 : 5E;
	5953 : 5E;
	5954 : 5F;
	5955 : 60;
	5956 : 60;
	5957 : 60;
	5958 : 60;
	5959 : 61;
	595A : 62;
	595B : 62;
	595C : 62;
	595D : 63;
	595E : 64;
	595F : 64;
	5960 : 64;
	5961 : 66;
	5962 : 66;
	5963 : 68;
	5964 : 68;
	5965 : 69;
	5966 : 69;
	5967 : 6A;
	5968 : 6A;
	5969 : 6B;
	596A : 6C;
	596B : 6D;
	596C : 6E;
	596D : 6F;
	596E : 70;
	596F : 71;
	5970 : 71;
	5971 : 72;
	5972 : 73;
	5973 : 74;
	5974 : 75;
	5975 : 76;
	5976 : 77;
	5977 : 78;
	5978 : 79;
	5979 : 7A;
	597A : 7B;
	597B : 7C;
	597C : 7D;
	597D : 7E;
	597E : 7E;
	597F : 7F;
	5980 : 59;
	5981 : 59;
	5982 : 59;
	5983 : 59;
	5984 : 59;
	5985 : 59;
	5986 : 59;
	5987 : 59;
	5988 : 59;
	5989 : 59;
	598A : 59;
	598B : 59;
	598C : 59;
	598D : 59;
	598E : 59;
	598F : 59;
	5990 : 59;
	5991 : 59;
	5992 : 59;
	5993 : 59;
	5994 : 59;
	5995 : 59;
	5996 : 59;
	5997 : 59;
	5998 : 59;
	5999 : 59;
	599A : 59;
	599B : 59;
	599C : 59;
	599D : 59;
	599E : 59;
	599F : 59;
	59A0 : 59;
	59A1 : 59;
	59A2 : 59;
	59A3 : 59;
	59A4 : 59;
	59A5 : 59;
	59A6 : 59;
	59A7 : 59;
	59A8 : 59;
	59A9 : 59;
	59AA : 59;
	59AB : 59;
	59AC : 59;
	59AD : 59;
	59AE : 59;
	59AF : 59;
	59B0 : 59;
	59B1 : 59;
	59B2 : 59;
	59B3 : 59;
	59B4 : 59;
	59B5 : 59;
	59B6 : 59;
	59B7 : 59;
	59B8 : 58;
	59B9 : 58;
	59BA : 58;
	59BB : 58;
	59BC : 58;
	59BD : 58;
	59BE : 58;
	59BF : 58;
	59C0 : 58;
	59C1 : 58;
	59C2 : 58;
	59C3 : 57;
	59C4 : 57;
	59C5 : 57;
	59C6 : 56;
	59C7 : 56;
	59C8 : 56;
	59C9 : 56;
	59CA : 55;
	59CB : 54;
	59CC : 54;
	59CD : 54;
	59CE : 53;
	59CF : 52;
	59D0 : 52;
	59D1 : 51;
	59D2 : 50;
	59D3 : 4E;
	59D4 : 4C;
	59D5 : 4A;
	59D6 : 48;
	59D7 : 44;
	59D8 : 40;
	59D9 : 00;
	59DA : C0;
	59DB : C8;
	59DC : CC;
	59DD : D0;
	59DE : D2;
	59DF : D4;
	59E0 : D6;
	59E1 : D9;
	59E2 : DB;
	59E3 : DD;
	59E4 : DF;
	59E5 : E0;
	59E6 : E2;
	59E7 : E2;
	59E8 : E4;
	59E9 : E6;
	59EA : E8;
	59EB : E9;
	59EC : EA;
	59ED : EB;
	59EE : EC;
	59EF : ED;
	59F0 : EE;
	59F1 : F0;
	59F2 : F1;
	59F3 : F2;
	59F4 : F3;
	59F5 : F4;
	59F6 : F5;
	59F7 : F6;
	59F8 : F7;
	59F9 : F8;
	59FA : F9;
	59FB : FA;
	59FC : FB;
	59FD : FC;
	59FE : FD;
	59FF : 7F;
	5A00 : 5A;
	5A01 : 5A;
	5A02 : 5A;
	5A03 : 5A;
	5A04 : 5A;
	5A05 : 5A;
	5A06 : 5A;
	5A07 : 5A;
	5A08 : 5A;
	5A09 : 5A;
	5A0A : 5A;
	5A0B : 5A;
	5A0C : 5A;
	5A0D : 5A;
	5A0E : 5A;
	5A0F : 5A;
	5A10 : 5A;
	5A11 : 5A;
	5A12 : 5A;
	5A13 : 5A;
	5A14 : 5A;
	5A15 : 5A;
	5A16 : 5A;
	5A17 : 5A;
	5A18 : 5A;
	5A19 : 5A;
	5A1A : 5A;
	5A1B : 5A;
	5A1C : 5A;
	5A1D : 5A;
	5A1E : 5A;
	5A1F : 5A;
	5A20 : 5A;
	5A21 : 5A;
	5A22 : 5A;
	5A23 : 5A;
	5A24 : 5A;
	5A25 : 5A;
	5A26 : 5A;
	5A27 : 5A;
	5A28 : 5A;
	5A29 : 5A;
	5A2A : 5A;
	5A2B : 5A;
	5A2C : 5A;
	5A2D : 5A;
	5A2E : 5A;
	5A2F : 5A;
	5A30 : 5A;
	5A31 : 5A;
	5A32 : 5A;
	5A33 : 5A;
	5A34 : 5A;
	5A35 : 5A;
	5A36 : 5A;
	5A37 : 5A;
	5A38 : 5A;
	5A39 : 5B;
	5A3A : 5B;
	5A3B : 5B;
	5A3C : 5B;
	5A3D : 5B;
	5A3E : 5B;
	5A3F : 5B;
	5A40 : 5B;
	5A41 : 5B;
	5A42 : 5B;
	5A43 : 5B;
	5A44 : 5C;
	5A45 : 5C;
	5A46 : 5C;
	5A47 : 5C;
	5A48 : 5C;
	5A49 : 5C;
	5A4A : 5C;
	5A4B : 5D;
	5A4C : 5D;
	5A4D : 5D;
	5A4E : 5E;
	5A4F : 5E;
	5A50 : 5E;
	5A51 : 5E;
	5A52 : 5F;
	5A53 : 60;
	5A54 : 60;
	5A55 : 60;
	5A56 : 60;
	5A57 : 61;
	5A58 : 61;
	5A59 : 62;
	5A5A : 62;
	5A5B : 62;
	5A5C : 63;
	5A5D : 64;
	5A5E : 64;
	5A5F : 64;
	5A60 : 65;
	5A61 : 66;
	5A62 : 67;
	5A63 : 68;
	5A64 : 68;
	5A65 : 69;
	5A66 : 6A;
	5A67 : 6A;
	5A68 : 6A;
	5A69 : 6C;
	5A6A : 6C;
	5A6B : 6E;
	5A6C : 6E;
	5A6D : 70;
	5A6E : 70;
	5A6F : 71;
	5A70 : 71;
	5A71 : 72;
	5A72 : 73;
	5A73 : 74;
	5A74 : 75;
	5A75 : 76;
	5A76 : 77;
	5A77 : 78;
	5A78 : 79;
	5A79 : 7A;
	5A7A : 7B;
	5A7B : 7C;
	5A7C : 7D;
	5A7D : 7E;
	5A7E : 7E;
	5A7F : 7F;
	5A80 : 5A;
	5A81 : 5A;
	5A82 : 5A;
	5A83 : 5A;
	5A84 : 5A;
	5A85 : 5A;
	5A86 : 5A;
	5A87 : 5A;
	5A88 : 5A;
	5A89 : 5A;
	5A8A : 5A;
	5A8B : 5A;
	5A8C : 5A;
	5A8D : 5A;
	5A8E : 5A;
	5A8F : 5A;
	5A90 : 5A;
	5A91 : 5A;
	5A92 : 5A;
	5A93 : 5A;
	5A94 : 5A;
	5A95 : 5A;
	5A96 : 5A;
	5A97 : 5A;
	5A98 : 5A;
	5A99 : 5A;
	5A9A : 5A;
	5A9B : 5A;
	5A9C : 5A;
	5A9D : 5A;
	5A9E : 5A;
	5A9F : 5A;
	5AA0 : 5A;
	5AA1 : 5A;
	5AA2 : 5A;
	5AA3 : 5A;
	5AA4 : 5A;
	5AA5 : 5A;
	5AA6 : 5A;
	5AA7 : 5A;
	5AA8 : 5A;
	5AA9 : 5A;
	5AAA : 5A;
	5AAB : 5A;
	5AAC : 5A;
	5AAD : 5A;
	5AAE : 5A;
	5AAF : 5A;
	5AB0 : 5A;
	5AB1 : 5A;
	5AB2 : 5A;
	5AB3 : 5A;
	5AB4 : 5A;
	5AB5 : 5A;
	5AB6 : 5A;
	5AB7 : 5A;
	5AB8 : 5A;
	5AB9 : 59;
	5ABA : 59;
	5ABB : 59;
	5ABC : 59;
	5ABD : 59;
	5ABE : 59;
	5ABF : 59;
	5AC0 : 59;
	5AC1 : 59;
	5AC2 : 59;
	5AC3 : 59;
	5AC4 : 58;
	5AC5 : 58;
	5AC6 : 58;
	5AC7 : 58;
	5AC8 : 58;
	5AC9 : 58;
	5ACA : 57;
	5ACB : 56;
	5ACC : 56;
	5ACD : 56;
	5ACE : 55;
	5ACF : 54;
	5AD0 : 54;
	5AD1 : 53;
	5AD2 : 52;
	5AD3 : 51;
	5AD4 : 50;
	5AD5 : 4E;
	5AD6 : 4C;
	5AD7 : 4A;
	5AD8 : 48;
	5AD9 : 40;
	5ADA : 00;
	5ADB : C0;
	5ADC : C8;
	5ADD : CC;
	5ADE : D0;
	5ADF : D2;
	5AE0 : D4;
	5AE1 : D8;
	5AE2 : DA;
	5AE3 : DC;
	5AE4 : DE;
	5AE5 : E0;
	5AE6 : E1;
	5AE7 : E2;
	5AE8 : E3;
	5AE9 : E5;
	5AEA : E7;
	5AEB : E8;
	5AEC : EA;
	5AED : EA;
	5AEE : EC;
	5AEF : EC;
	5AF0 : EE;
	5AF1 : F0;
	5AF2 : F1;
	5AF3 : F2;
	5AF4 : F3;
	5AF5 : F4;
	5AF6 : F5;
	5AF7 : F6;
	5AF8 : F7;
	5AF9 : F8;
	5AFA : F9;
	5AFB : FA;
	5AFC : FB;
	5AFD : FC;
	5AFE : FD;
	5AFF : 7F;
	5B00 : 5B;
	5B01 : 5B;
	5B02 : 5B;
	5B03 : 5B;
	5B04 : 5B;
	5B05 : 5B;
	5B06 : 5B;
	5B07 : 5B;
	5B08 : 5B;
	5B09 : 5B;
	5B0A : 5B;
	5B0B : 5B;
	5B0C : 5B;
	5B0D : 5B;
	5B0E : 5B;
	5B0F : 5B;
	5B10 : 5B;
	5B11 : 5B;
	5B12 : 5B;
	5B13 : 5B;
	5B14 : 5B;
	5B15 : 5B;
	5B16 : 5B;
	5B17 : 5B;
	5B18 : 5B;
	5B19 : 5B;
	5B1A : 5B;
	5B1B : 5B;
	5B1C : 5B;
	5B1D : 5B;
	5B1E : 5B;
	5B1F : 5B;
	5B20 : 5B;
	5B21 : 5B;
	5B22 : 5B;
	5B23 : 5B;
	5B24 : 5B;
	5B25 : 5B;
	5B26 : 5B;
	5B27 : 5B;
	5B28 : 5B;
	5B29 : 5B;
	5B2A : 5B;
	5B2B : 5B;
	5B2C : 5B;
	5B2D : 5B;
	5B2E : 5B;
	5B2F : 5B;
	5B30 : 5B;
	5B31 : 5B;
	5B32 : 5B;
	5B33 : 5B;
	5B34 : 5B;
	5B35 : 5B;
	5B36 : 5B;
	5B37 : 5B;
	5B38 : 5C;
	5B39 : 5C;
	5B3A : 5C;
	5B3B : 5C;
	5B3C : 5C;
	5B3D : 5C;
	5B3E : 5C;
	5B3F : 5C;
	5B40 : 5C;
	5B41 : 5C;
	5B42 : 5C;
	5B43 : 5C;
	5B44 : 5C;
	5B45 : 5D;
	5B46 : 5D;
	5B47 : 5D;
	5B48 : 5D;
	5B49 : 5D;
	5B4A : 5E;
	5B4B : 5E;
	5B4C : 5E;
	5B4D : 5E;
	5B4E : 5E;
	5B4F : 5F;
	5B50 : 5F;
	5B51 : 60;
	5B52 : 60;
	5B53 : 60;
	5B54 : 60;
	5B55 : 61;
	5B56 : 61;
	5B57 : 61;
	5B58 : 62;
	5B59 : 62;
	5B5A : 62;
	5B5B : 63;
	5B5C : 64;
	5B5D : 64;
	5B5E : 64;
	5B5F : 65;
	5B60 : 66;
	5B61 : 66;
	5B62 : 68;
	5B63 : 68;
	5B64 : 69;
	5B65 : 69;
	5B66 : 6A;
	5B67 : 6A;
	5B68 : 6B;
	5B69 : 6C;
	5B6A : 6D;
	5B6B : 6E;
	5B6C : 6F;
	5B6D : 70;
	5B6E : 70;
	5B6F : 71;
	5B70 : 71;
	5B71 : 72;
	5B72 : 73;
	5B73 : 74;
	5B74 : 75;
	5B75 : 76;
	5B76 : 77;
	5B77 : 78;
	5B78 : 79;
	5B79 : 7A;
	5B7A : 7B;
	5B7B : 7C;
	5B7C : 7D;
	5B7D : 7E;
	5B7E : 7E;
	5B7F : 7F;
	5B80 : 5B;
	5B81 : 5B;
	5B82 : 5B;
	5B83 : 5B;
	5B84 : 5B;
	5B85 : 5B;
	5B86 : 5B;
	5B87 : 5B;
	5B88 : 5B;
	5B89 : 5B;
	5B8A : 5B;
	5B8B : 5B;
	5B8C : 5B;
	5B8D : 5B;
	5B8E : 5B;
	5B8F : 5B;
	5B90 : 5B;
	5B91 : 5B;
	5B92 : 5B;
	5B93 : 5B;
	5B94 : 5B;
	5B95 : 5B;
	5B96 : 5B;
	5B97 : 5B;
	5B98 : 5B;
	5B99 : 5B;
	5B9A : 5B;
	5B9B : 5B;
	5B9C : 5B;
	5B9D : 5B;
	5B9E : 5B;
	5B9F : 5B;
	5BA0 : 5B;
	5BA1 : 5B;
	5BA2 : 5B;
	5BA3 : 5B;
	5BA4 : 5B;
	5BA5 : 5B;
	5BA6 : 5B;
	5BA7 : 5B;
	5BA8 : 5B;
	5BA9 : 5B;
	5BAA : 5B;
	5BAB : 5B;
	5BAC : 5B;
	5BAD : 5B;
	5BAE : 5B;
	5BAF : 5B;
	5BB0 : 5B;
	5BB1 : 5B;
	5BB2 : 5B;
	5BB3 : 5B;
	5BB4 : 5B;
	5BB5 : 5B;
	5BB6 : 5B;
	5BB7 : 5B;
	5BB8 : 5A;
	5BB9 : 5A;
	5BBA : 5A;
	5BBB : 5A;
	5BBC : 5A;
	5BBD : 5A;
	5BBE : 5A;
	5BBF : 5A;
	5BC0 : 5A;
	5BC1 : 5A;
	5BC2 : 5A;
	5BC3 : 5A;
	5BC4 : 5A;
	5BC5 : 59;
	5BC6 : 59;
	5BC7 : 59;
	5BC8 : 59;
	5BC9 : 59;
	5BCA : 58;
	5BCB : 58;
	5BCC : 58;
	5BCD : 58;
	5BCE : 57;
	5BCF : 56;
	5BD0 : 56;
	5BD1 : 55;
	5BD2 : 54;
	5BD3 : 53;
	5BD4 : 52;
	5BD5 : 51;
	5BD6 : 50;
	5BD7 : 4E;
	5BD8 : 4C;
	5BD9 : 48;
	5BDA : 40;
	5BDB : 00;
	5BDC : C0;
	5BDD : C8;
	5BDE : CC;
	5BDF : D0;
	5BE0 : D2;
	5BE1 : D6;
	5BE2 : D9;
	5BE3 : DB;
	5BE4 : DD;
	5BE5 : DF;
	5BE6 : E0;
	5BE7 : E2;
	5BE8 : E2;
	5BE9 : E4;
	5BEA : E6;
	5BEB : E8;
	5BEC : E9;
	5BED : EA;
	5BEE : EB;
	5BEF : EC;
	5BF0 : ED;
	5BF1 : EF;
	5BF2 : F1;
	5BF3 : F2;
	5BF4 : F3;
	5BF5 : F4;
	5BF6 : F5;
	5BF7 : F6;
	5BF8 : F7;
	5BF9 : F8;
	5BFA : F9;
	5BFB : FA;
	5BFC : FB;
	5BFD : FC;
	5BFE : FD;
	5BFF : 7F;
	5C00 : 5C;
	5C01 : 5C;
	5C02 : 5C;
	5C03 : 5C;
	5C04 : 5C;
	5C05 : 5C;
	5C06 : 5C;
	5C07 : 5C;
	5C08 : 5C;
	5C09 : 5C;
	5C0A : 5C;
	5C0B : 5C;
	5C0C : 5C;
	5C0D : 5C;
	5C0E : 5C;
	5C0F : 5C;
	5C10 : 5C;
	5C11 : 5C;
	5C12 : 5C;
	5C13 : 5C;
	5C14 : 5C;
	5C15 : 5C;
	5C16 : 5C;
	5C17 : 5C;
	5C18 : 5C;
	5C19 : 5C;
	5C1A : 5C;
	5C1B : 5C;
	5C1C : 5C;
	5C1D : 5C;
	5C1E : 5C;
	5C1F : 5C;
	5C20 : 5C;
	5C21 : 5C;
	5C22 : 5C;
	5C23 : 5C;
	5C24 : 5C;
	5C25 : 5C;
	5C26 : 5C;
	5C27 : 5C;
	5C28 : 5C;
	5C29 : 5C;
	5C2A : 5C;
	5C2B : 5C;
	5C2C : 5C;
	5C2D : 5C;
	5C2E : 5C;
	5C2F : 5C;
	5C30 : 5C;
	5C31 : 5C;
	5C32 : 5C;
	5C33 : 5C;
	5C34 : 5C;
	5C35 : 5C;
	5C36 : 5C;
	5C37 : 5C;
	5C38 : 5C;
	5C39 : 5D;
	5C3A : 5D;
	5C3B : 5D;
	5C3C : 5D;
	5C3D : 5D;
	5C3E : 5D;
	5C3F : 5D;
	5C40 : 5D;
	5C41 : 5D;
	5C42 : 5D;
	5C43 : 5D;
	5C44 : 5E;
	5C45 : 5E;
	5C46 : 5E;
	5C47 : 5E;
	5C48 : 5E;
	5C49 : 5E;
	5C4A : 5E;
	5C4B : 5F;
	5C4C : 5F;
	5C4D : 5F;
	5C4E : 60;
	5C4F : 60;
	5C50 : 60;
	5C51 : 60;
	5C52 : 60;
	5C53 : 61;
	5C54 : 61;
	5C55 : 61;
	5C56 : 62;
	5C57 : 62;
	5C58 : 62;
	5C59 : 62;
	5C5A : 63;
	5C5B : 64;
	5C5C : 64;
	5C5D : 64;
	5C5E : 65;
	5C5F : 66;
	5C60 : 66;
	5C61 : 67;
	5C62 : 68;
	5C63 : 68;
	5C64 : 69;
	5C65 : 6A;
	5C66 : 6A;
	5C67 : 6A;
	5C68 : 6B;
	5C69 : 6C;
	5C6A : 6D;
	5C6B : 6E;
	5C6C : 6F;
	5C6D : 70;
	5C6E : 70;
	5C6F : 71;
	5C70 : 72;
	5C71 : 72;
	5C72 : 74;
	5C73 : 74;
	5C74 : 76;
	5C75 : 76;
	5C76 : 78;
	5C77 : 78;
	5C78 : 79;
	5C79 : 7A;
	5C7A : 7B;
	5C7B : 7C;
	5C7C : 7D;
	5C7D : 7E;
	5C7E : 7E;
	5C7F : 7F;
	5C80 : 5C;
	5C81 : 5C;
	5C82 : 5C;
	5C83 : 5C;
	5C84 : 5C;
	5C85 : 5C;
	5C86 : 5C;
	5C87 : 5C;
	5C88 : 5C;
	5C89 : 5C;
	5C8A : 5C;
	5C8B : 5C;
	5C8C : 5C;
	5C8D : 5C;
	5C8E : 5C;
	5C8F : 5C;
	5C90 : 5C;
	5C91 : 5C;
	5C92 : 5C;
	5C93 : 5C;
	5C94 : 5C;
	5C95 : 5C;
	5C96 : 5C;
	5C97 : 5C;
	5C98 : 5C;
	5C99 : 5C;
	5C9A : 5C;
	5C9B : 5C;
	5C9C : 5C;
	5C9D : 5C;
	5C9E : 5C;
	5C9F : 5C;
	5CA0 : 5C;
	5CA1 : 5C;
	5CA2 : 5C;
	5CA3 : 5C;
	5CA4 : 5C;
	5CA5 : 5C;
	5CA6 : 5C;
	5CA7 : 5C;
	5CA8 : 5C;
	5CA9 : 5C;
	5CAA : 5C;
	5CAB : 5C;
	5CAC : 5C;
	5CAD : 5C;
	5CAE : 5C;
	5CAF : 5C;
	5CB0 : 5C;
	5CB1 : 5C;
	5CB2 : 5C;
	5CB3 : 5C;
	5CB4 : 5C;
	5CB5 : 5C;
	5CB6 : 5C;
	5CB7 : 5C;
	5CB8 : 5C;
	5CB9 : 5B;
	5CBA : 5B;
	5CBB : 5B;
	5CBC : 5B;
	5CBD : 5B;
	5CBE : 5B;
	5CBF : 5B;
	5CC0 : 5B;
	5CC1 : 5B;
	5CC2 : 5B;
	5CC3 : 5B;
	5CC4 : 5A;
	5CC5 : 5A;
	5CC6 : 5A;
	5CC7 : 5A;
	5CC8 : 5A;
	5CC9 : 5A;
	5CCA : 5A;
	5CCB : 59;
	5CCC : 59;
	5CCD : 59;
	5CCE : 58;
	5CCF : 58;
	5CD0 : 58;
	5CD1 : 57;
	5CD2 : 56;
	5CD3 : 55;
	5CD4 : 54;
	5CD5 : 53;
	5CD6 : 52;
	5CD7 : 51;
	5CD8 : 50;
	5CD9 : 4C;
	5CDA : 48;
	5CDB : 40;
	5CDC : 00;
	5CDD : C0;
	5CDE : C8;
	5CDF : CC;
	5CE0 : D0;
	5CE1 : D4;
	5CE2 : D8;
	5CE3 : DA;
	5CE4 : DC;
	5CE5 : DE;
	5CE6 : E0;
	5CE7 : E1;
	5CE8 : E2;
	5CE9 : E4;
	5CEA : E6;
	5CEB : E8;
	5CEC : E9;
	5CED : EA;
	5CEE : EB;
	5CEF : EC;
	5CF0 : ED;
	5CF1 : EF;
	5CF2 : F0;
	5CF3 : F2;
	5CF4 : F2;
	5CF5 : F4;
	5CF6 : F4;
	5CF7 : F6;
	5CF8 : F6;
	5CF9 : F8;
	5CFA : F9;
	5CFB : FA;
	5CFC : FB;
	5CFD : FC;
	5CFE : FD;
	5CFF : 7F;
	5D00 : 5D;
	5D01 : 5D;
	5D02 : 5D;
	5D03 : 5D;
	5D04 : 5D;
	5D05 : 5D;
	5D06 : 5D;
	5D07 : 5D;
	5D08 : 5D;
	5D09 : 5D;
	5D0A : 5D;
	5D0B : 5D;
	5D0C : 5D;
	5D0D : 5D;
	5D0E : 5D;
	5D0F : 5D;
	5D10 : 5D;
	5D11 : 5D;
	5D12 : 5D;
	5D13 : 5D;
	5D14 : 5D;
	5D15 : 5D;
	5D16 : 5D;
	5D17 : 5D;
	5D18 : 5D;
	5D19 : 5D;
	5D1A : 5D;
	5D1B : 5D;
	5D1C : 5D;
	5D1D : 5D;
	5D1E : 5D;
	5D1F : 5D;
	5D20 : 5D;
	5D21 : 5D;
	5D22 : 5D;
	5D23 : 5D;
	5D24 : 5D;
	5D25 : 5D;
	5D26 : 5D;
	5D27 : 5D;
	5D28 : 5D;
	5D29 : 5D;
	5D2A : 5D;
	5D2B : 5D;
	5D2C : 5D;
	5D2D : 5D;
	5D2E : 5D;
	5D2F : 5D;
	5D30 : 5D;
	5D31 : 5D;
	5D32 : 5D;
	5D33 : 5D;
	5D34 : 5D;
	5D35 : 5D;
	5D36 : 5D;
	5D37 : 5D;
	5D38 : 5E;
	5D39 : 5E;
	5D3A : 5E;
	5D3B : 5E;
	5D3C : 5E;
	5D3D : 5E;
	5D3E : 5E;
	5D3F : 5E;
	5D40 : 5E;
	5D41 : 5E;
	5D42 : 5E;
	5D43 : 5E;
	5D44 : 5E;
	5D45 : 5F;
	5D46 : 5F;
	5D47 : 5F;
	5D48 : 5F;
	5D49 : 5F;
	5D4A : 60;
	5D4B : 60;
	5D4C : 60;
	5D4D : 60;
	5D4E : 60;
	5D4F : 60;
	5D50 : 60;
	5D51 : 61;
	5D52 : 61;
	5D53 : 61;
	5D54 : 62;
	5D55 : 62;
	5D56 : 62;
	5D57 : 62;
	5D58 : 62;
	5D59 : 63;
	5D5A : 64;
	5D5B : 64;
	5D5C : 64;
	5D5D : 65;
	5D5E : 66;
	5D5F : 66;
	5D60 : 66;
	5D61 : 68;
	5D62 : 68;
	5D63 : 69;
	5D64 : 69;
	5D65 : 6A;
	5D66 : 6A;
	5D67 : 6B;
	5D68 : 6B;
	5D69 : 6C;
	5D6A : 6D;
	5D6B : 6E;
	5D6C : 6F;
	5D6D : 70;
	5D6E : 71;
	5D6F : 71;
	5D70 : 72;
	5D71 : 73;
	5D72 : 74;
	5D73 : 75;
	5D74 : 76;
	5D75 : 77;
	5D76 : 78;
	5D77 : 78;
	5D78 : 79;
	5D79 : 7A;
	5D7A : 7B;
	5D7B : 7C;
	5D7C : 7D;
	5D7D : 7E;
	5D7E : 7E;
	5D7F : 7F;
	5D80 : 5D;
	5D81 : 5D;
	5D82 : 5D;
	5D83 : 5D;
	5D84 : 5D;
	5D85 : 5D;
	5D86 : 5D;
	5D87 : 5D;
	5D88 : 5D;
	5D89 : 5D;
	5D8A : 5D;
	5D8B : 5D;
	5D8C : 5D;
	5D8D : 5D;
	5D8E : 5D;
	5D8F : 5D;
	5D90 : 5D;
	5D91 : 5D;
	5D92 : 5D;
	5D93 : 5D;
	5D94 : 5D;
	5D95 : 5D;
	5D96 : 5D;
	5D97 : 5D;
	5D98 : 5D;
	5D99 : 5D;
	5D9A : 5D;
	5D9B : 5D;
	5D9C : 5D;
	5D9D : 5D;
	5D9E : 5D;
	5D9F : 5D;
	5DA0 : 5D;
	5DA1 : 5D;
	5DA2 : 5D;
	5DA3 : 5D;
	5DA4 : 5D;
	5DA5 : 5D;
	5DA6 : 5D;
	5DA7 : 5D;
	5DA8 : 5D;
	5DA9 : 5D;
	5DAA : 5D;
	5DAB : 5D;
	5DAC : 5D;
	5DAD : 5D;
	5DAE : 5D;
	5DAF : 5D;
	5DB0 : 5D;
	5DB1 : 5D;
	5DB2 : 5D;
	5DB3 : 5D;
	5DB4 : 5D;
	5DB5 : 5D;
	5DB6 : 5D;
	5DB7 : 5D;
	5DB8 : 5C;
	5DB9 : 5C;
	5DBA : 5C;
	5DBB : 5C;
	5DBC : 5C;
	5DBD : 5C;
	5DBE : 5C;
	5DBF : 5C;
	5DC0 : 5C;
	5DC1 : 5C;
	5DC2 : 5C;
	5DC3 : 5C;
	5DC4 : 5C;
	5DC5 : 5B;
	5DC6 : 5B;
	5DC7 : 5B;
	5DC8 : 5B;
	5DC9 : 5B;
	5DCA : 5A;
	5DCB : 5A;
	5DCC : 5A;
	5DCD : 5A;
	5DCE : 5A;
	5DCF : 59;
	5DD0 : 59;
	5DD1 : 58;
	5DD2 : 58;
	5DD3 : 57;
	5DD4 : 56;
	5DD5 : 55;
	5DD6 : 54;
	5DD7 : 53;
	5DD8 : 52;
	5DD9 : 50;
	5DDA : 4C;
	5DDB : 48;
	5DDC : 40;
	5DDD : 00;
	5DDE : C0;
	5DDF : C8;
	5DE0 : CC;
	5DE1 : D2;
	5DE2 : D6;
	5DE3 : D9;
	5DE4 : DB;
	5DE5 : DD;
	5DE6 : DF;
	5DE7 : E0;
	5DE8 : E2;
	5DE9 : E4;
	5DEA : E6;
	5DEB : E8;
	5DEC : E9;
	5DED : EA;
	5DEE : EB;
	5DEF : EC;
	5DF0 : ED;
	5DF1 : EF;
	5DF2 : F0;
	5DF3 : F1;
	5DF4 : F2;
	5DF5 : F3;
	5DF6 : F4;
	5DF7 : F5;
	5DF8 : F6;
	5DF9 : F8;
	5DFA : F9;
	5DFB : FA;
	5DFC : FB;
	5DFD : FC;
	5DFE : FD;
	5DFF : 7F;
	5E00 : 5E;
	5E01 : 5E;
	5E02 : 5E;
	5E03 : 5E;
	5E04 : 5E;
	5E05 : 5E;
	5E06 : 5E;
	5E07 : 5E;
	5E08 : 5E;
	5E09 : 5E;
	5E0A : 5E;
	5E0B : 5E;
	5E0C : 5E;
	5E0D : 5E;
	5E0E : 5E;
	5E0F : 5E;
	5E10 : 5E;
	5E11 : 5E;
	5E12 : 5E;
	5E13 : 5E;
	5E14 : 5E;
	5E15 : 5E;
	5E16 : 5E;
	5E17 : 5E;
	5E18 : 5E;
	5E19 : 5E;
	5E1A : 5E;
	5E1B : 5E;
	5E1C : 5E;
	5E1D : 5E;
	5E1E : 5E;
	5E1F : 5E;
	5E20 : 5E;
	5E21 : 5E;
	5E22 : 5E;
	5E23 : 5E;
	5E24 : 5E;
	5E25 : 5E;
	5E26 : 5E;
	5E27 : 5E;
	5E28 : 5E;
	5E29 : 5E;
	5E2A : 5E;
	5E2B : 5E;
	5E2C : 5E;
	5E2D : 5E;
	5E2E : 5E;
	5E2F : 5E;
	5E30 : 5E;
	5E31 : 5E;
	5E32 : 5E;
	5E33 : 5E;
	5E34 : 5E;
	5E35 : 5E;
	5E36 : 5E;
	5E37 : 5E;
	5E38 : 5E;
	5E39 : 5F;
	5E3A : 5F;
	5E3B : 5F;
	5E3C : 5F;
	5E3D : 5F;
	5E3E : 5F;
	5E3F : 5F;
	5E40 : 5F;
	5E41 : 5F;
	5E42 : 5F;
	5E43 : 5F;
	5E44 : 60;
	5E45 : 60;
	5E46 : 60;
	5E47 : 60;
	5E48 : 60;
	5E49 : 60;
	5E4A : 60;
	5E4B : 60;
	5E4C : 60;
	5E4D : 61;
	5E4E : 61;
	5E4F : 61;
	5E50 : 61;
	5E51 : 61;
	5E52 : 62;
	5E53 : 62;
	5E54 : 62;
	5E55 : 62;
	5E56 : 62;
	5E57 : 63;
	5E58 : 63;
	5E59 : 64;
	5E5A : 64;
	5E5B : 64;
	5E5C : 65;
	5E5D : 66;
	5E5E : 66;
	5E5F : 66;
	5E60 : 67;
	5E61 : 68;
	5E62 : 68;
	5E63 : 69;
	5E64 : 6A;
	5E65 : 6A;
	5E66 : 6A;
	5E67 : 6B;
	5E68 : 6C;
	5E69 : 6C;
	5E6A : 6E;
	5E6B : 6E;
	5E6C : 70;
	5E6D : 70;
	5E6E : 71;
	5E6F : 71;
	5E70 : 72;
	5E71 : 73;
	5E72 : 74;
	5E73 : 75;
	5E74 : 76;
	5E75 : 77;
	5E76 : 78;
	5E77 : 78;
	5E78 : 79;
	5E79 : 7A;
	5E7A : 7B;
	5E7B : 7C;
	5E7C : 7D;
	5E7D : 7E;
	5E7E : 7E;
	5E7F : 7F;
	5E80 : 5E;
	5E81 : 5E;
	5E82 : 5E;
	5E83 : 5E;
	5E84 : 5E;
	5E85 : 5E;
	5E86 : 5E;
	5E87 : 5E;
	5E88 : 5E;
	5E89 : 5E;
	5E8A : 5E;
	5E8B : 5E;
	5E8C : 5E;
	5E8D : 5E;
	5E8E : 5E;
	5E8F : 5E;
	5E90 : 5E;
	5E91 : 5E;
	5E92 : 5E;
	5E93 : 5E;
	5E94 : 5E;
	5E95 : 5E;
	5E96 : 5E;
	5E97 : 5E;
	5E98 : 5E;
	5E99 : 5E;
	5E9A : 5E;
	5E9B : 5E;
	5E9C : 5E;
	5E9D : 5E;
	5E9E : 5E;
	5E9F : 5E;
	5EA0 : 5E;
	5EA1 : 5E;
	5EA2 : 5E;
	5EA3 : 5E;
	5EA4 : 5E;
	5EA5 : 5E;
	5EA6 : 5E;
	5EA7 : 5E;
	5EA8 : 5E;
	5EA9 : 5E;
	5EAA : 5E;
	5EAB : 5E;
	5EAC : 5E;
	5EAD : 5E;
	5EAE : 5E;
	5EAF : 5E;
	5EB0 : 5E;
	5EB1 : 5E;
	5EB2 : 5E;
	5EB3 : 5E;
	5EB4 : 5E;
	5EB5 : 5E;
	5EB6 : 5E;
	5EB7 : 5E;
	5EB8 : 5E;
	5EB9 : 5D;
	5EBA : 5D;
	5EBB : 5D;
	5EBC : 5D;
	5EBD : 5D;
	5EBE : 5D;
	5EBF : 5D;
	5EC0 : 5D;
	5EC1 : 5D;
	5EC2 : 5D;
	5EC3 : 5D;
	5EC4 : 5C;
	5EC5 : 5C;
	5EC6 : 5C;
	5EC7 : 5C;
	5EC8 : 5C;
	5EC9 : 5C;
	5ECA : 5C;
	5ECB : 5B;
	5ECC : 5B;
	5ECD : 5B;
	5ECE : 5A;
	5ECF : 5A;
	5ED0 : 5A;
	5ED1 : 5A;
	5ED2 : 59;
	5ED3 : 58;
	5ED4 : 58;
	5ED5 : 57;
	5ED6 : 56;
	5ED7 : 55;
	5ED8 : 54;
	5ED9 : 52;
	5EDA : 50;
	5EDB : 4C;
	5EDC : 48;
	5EDD : 40;
	5EDE : 00;
	5EDF : C0;
	5EE0 : C8;
	5EE1 : D0;
	5EE2 : D4;
	5EE3 : D8;
	5EE4 : DA;
	5EE5 : DC;
	5EE6 : DE;
	5EE7 : E0;
	5EE8 : E1;
	5EE9 : E3;
	5EEA : E5;
	5EEB : E7;
	5EEC : E8;
	5EED : EA;
	5EEE : EA;
	5EEF : EC;
	5EF0 : EC;
	5EF1 : EE;
	5EF2 : F0;
	5EF3 : F1;
	5EF4 : F2;
	5EF5 : F3;
	5EF6 : F4;
	5EF7 : F5;
	5EF8 : F6;
	5EF9 : F8;
	5EFA : F9;
	5EFB : FA;
	5EFC : FB;
	5EFD : FC;
	5EFE : FD;
	5EFF : 7F;
	5F00 : 5F;
	5F01 : 5F;
	5F02 : 5F;
	5F03 : 5F;
	5F04 : 5F;
	5F05 : 5F;
	5F06 : 5F;
	5F07 : 5F;
	5F08 : 5F;
	5F09 : 5F;
	5F0A : 5F;
	5F0B : 5F;
	5F0C : 5F;
	5F0D : 5F;
	5F0E : 5F;
	5F0F : 5F;
	5F10 : 5F;
	5F11 : 5F;
	5F12 : 5F;
	5F13 : 5F;
	5F14 : 5F;
	5F15 : 5F;
	5F16 : 5F;
	5F17 : 5F;
	5F18 : 5F;
	5F19 : 5F;
	5F1A : 5F;
	5F1B : 5F;
	5F1C : 5F;
	5F1D : 5F;
	5F1E : 5F;
	5F1F : 5F;
	5F20 : 5F;
	5F21 : 5F;
	5F22 : 5F;
	5F23 : 5F;
	5F24 : 5F;
	5F25 : 5F;
	5F26 : 5F;
	5F27 : 5F;
	5F28 : 5F;
	5F29 : 5F;
	5F2A : 5F;
	5F2B : 5F;
	5F2C : 5F;
	5F2D : 5F;
	5F2E : 5F;
	5F2F : 5F;
	5F30 : 5F;
	5F31 : 5F;
	5F32 : 5F;
	5F33 : 5F;
	5F34 : 5F;
	5F35 : 5F;
	5F36 : 5F;
	5F37 : 5F;
	5F38 : 60;
	5F39 : 60;
	5F3A : 60;
	5F3B : 60;
	5F3C : 60;
	5F3D : 60;
	5F3E : 60;
	5F3F : 60;
	5F40 : 60;
	5F41 : 60;
	5F42 : 60;
	5F43 : 60;
	5F44 : 60;
	5F45 : 60;
	5F46 : 60;
	5F47 : 60;
	5F48 : 60;
	5F49 : 61;
	5F4A : 61;
	5F4B : 61;
	5F4C : 61;
	5F4D : 61;
	5F4E : 61;
	5F4F : 61;
	5F50 : 62;
	5F51 : 62;
	5F52 : 62;
	5F53 : 62;
	5F54 : 62;
	5F55 : 63;
	5F56 : 63;
	5F57 : 63;
	5F58 : 64;
	5F59 : 64;
	5F5A : 64;
	5F5B : 65;
	5F5C : 66;
	5F5D : 66;
	5F5E : 66;
	5F5F : 67;
	5F60 : 68;
	5F61 : 68;
	5F62 : 69;
	5F63 : 69;
	5F64 : 6A;
	5F65 : 6A;
	5F66 : 6B;
	5F67 : 6B;
	5F68 : 6C;
	5F69 : 6D;
	5F6A : 6E;
	5F6B : 6F;
	5F6C : 70;
	5F6D : 70;
	5F6E : 71;
	5F6F : 71;
	5F70 : 72;
	5F71 : 73;
	5F72 : 74;
	5F73 : 75;
	5F74 : 76;
	5F75 : 77;
	5F76 : 78;
	5F77 : 78;
	5F78 : 79;
	5F79 : 7A;
	5F7A : 7B;
	5F7B : 7C;
	5F7C : 7D;
	5F7D : 7E;
	5F7E : 7E;
	5F7F : 7F;
	5F80 : 5F;
	5F81 : 5F;
	5F82 : 5F;
	5F83 : 5F;
	5F84 : 5F;
	5F85 : 5F;
	5F86 : 5F;
	5F87 : 5F;
	5F88 : 5F;
	5F89 : 5F;
	5F8A : 5F;
	5F8B : 5F;
	5F8C : 5F;
	5F8D : 5F;
	5F8E : 5F;
	5F8F : 5F;
	5F90 : 5F;
	5F91 : 5F;
	5F92 : 5F;
	5F93 : 5F;
	5F94 : 5F;
	5F95 : 5F;
	5F96 : 5F;
	5F97 : 5F;
	5F98 : 5F;
	5F99 : 5F;
	5F9A : 5F;
	5F9B : 5F;
	5F9C : 5F;
	5F9D : 5F;
	5F9E : 5F;
	5F9F : 5F;
	5FA0 : 5F;
	5FA1 : 5F;
	5FA2 : 5F;
	5FA3 : 5F;
	5FA4 : 5F;
	5FA5 : 5F;
	5FA6 : 5F;
	5FA7 : 5F;
	5FA8 : 5F;
	5FA9 : 5F;
	5FAA : 5F;
	5FAB : 5F;
	5FAC : 5F;
	5FAD : 5F;
	5FAE : 5F;
	5FAF : 5F;
	5FB0 : 5F;
	5FB1 : 5F;
	5FB2 : 5F;
	5FB3 : 5F;
	5FB4 : 5F;
	5FB5 : 5F;
	5FB6 : 5F;
	5FB7 : 5F;
	5FB8 : 5E;
	5FB9 : 5E;
	5FBA : 5E;
	5FBB : 5E;
	5FBC : 5E;
	5FBD : 5E;
	5FBE : 5E;
	5FBF : 5E;
	5FC0 : 5E;
	5FC1 : 5E;
	5FC2 : 5E;
	5FC3 : 5E;
	5FC4 : 5E;
	5FC5 : 5D;
	5FC6 : 5D;
	5FC7 : 5D;
	5FC8 : 5D;
	5FC9 : 5D;
	5FCA : 5C;
	5FCB : 5C;
	5FCC : 5C;
	5FCD : 5C;
	5FCE : 5C;
	5FCF : 5B;
	5FD0 : 5B;
	5FD1 : 5A;
	5FD2 : 5A;
	5FD3 : 5A;
	5FD4 : 59;
	5FD5 : 58;
	5FD6 : 58;
	5FD7 : 57;
	5FD8 : 56;
	5FD9 : 54;
	5FDA : 52;
	5FDB : 50;
	5FDC : 4C;
	5FDD : 48;
	5FDE : 40;
	5FDF : 00;
	5FE0 : C0;
	5FE1 : CC;
	5FE2 : D2;
	5FE3 : D6;
	5FE4 : D9;
	5FE5 : DB;
	5FE6 : DD;
	5FE7 : DF;
	5FE8 : E0;
	5FE9 : E2;
	5FEA : E4;
	5FEB : E6;
	5FEC : E8;
	5FED : E9;
	5FEE : EA;
	5FEF : EB;
	5FF0 : EC;
	5FF1 : EE;
	5FF2 : F0;
	5FF3 : F1;
	5FF4 : F2;
	5FF5 : F3;
	5FF6 : F4;
	5FF7 : F5;
	5FF8 : F6;
	5FF9 : F8;
	5FFA : F9;
	5FFB : FA;
	5FFC : FB;
	5FFD : FC;
	5FFE : FD;
	5FFF : 7F;
	6000 : 60;
	6001 : 60;
	6002 : 60;
	6003 : 60;
	6004 : 60;
	6005 : 60;
	6006 : 60;
	6007 : 60;
	6008 : 60;
	6009 : 60;
	600A : 60;
	600B : 60;
	600C : 60;
	600D : 60;
	600E : 60;
	600F : 60;
	6010 : 60;
	6011 : 60;
	6012 : 60;
	6013 : 60;
	6014 : 60;
	6015 : 60;
	6016 : 60;
	6017 : 60;
	6018 : 60;
	6019 : 60;
	601A : 60;
	601B : 60;
	601C : 60;
	601D : 60;
	601E : 60;
	601F : 60;
	6020 : 60;
	6021 : 60;
	6022 : 60;
	6023 : 60;
	6024 : 60;
	6025 : 60;
	6026 : 60;
	6027 : 60;
	6028 : 60;
	6029 : 60;
	602A : 60;
	602B : 60;
	602C : 60;
	602D : 60;
	602E : 60;
	602F : 60;
	6030 : 60;
	6031 : 60;
	6032 : 60;
	6033 : 60;
	6034 : 60;
	6035 : 60;
	6036 : 60;
	6037 : 60;
	6038 : 60;
	6039 : 60;
	603A : 60;
	603B : 60;
	603C : 60;
	603D : 60;
	603E : 60;
	603F : 60;
	6040 : 60;
	6041 : 61;
	6042 : 61;
	6043 : 61;
	6044 : 61;
	6045 : 61;
	6046 : 61;
	6047 : 61;
	6048 : 61;
	6049 : 61;
	604A : 61;
	604B : 61;
	604C : 62;
	604D : 62;
	604E : 62;
	604F : 62;
	6050 : 62;
	6051 : 62;
	6052 : 62;
	6053 : 63;
	6054 : 63;
	6055 : 63;
	6056 : 64;
	6057 : 64;
	6058 : 64;
	6059 : 64;
	605A : 65;
	605B : 66;
	605C : 66;
	605D : 66;
	605E : 67;
	605F : 68;
	6060 : 68;
	6061 : 68;
	6062 : 69;
	6063 : 6A;
	6064 : 6A;
	6065 : 6A;
	6066 : 6B;
	6067 : 6C;
	6068 : 6C;
	6069 : 6D;
	606A : 6E;
	606B : 6F;
	606C : 70;
	606D : 70;
	606E : 71;
	606F : 72;
	6070 : 72;
	6071 : 73;
	6072 : 74;
	6073 : 75;
	6074 : 76;
	6075 : 77;
	6076 : 78;
	6077 : 78;
	6078 : 79;
	6079 : 7A;
	607A : 7B;
	607B : 7C;
	607C : 7D;
	607D : 7E;
	607E : 7E;
	607F : 7F;
	6080 : 60;
	6081 : 60;
	6082 : 60;
	6083 : 60;
	6084 : 60;
	6085 : 60;
	6086 : 60;
	6087 : 60;
	6088 : 60;
	6089 : 60;
	608A : 60;
	608B : 60;
	608C : 60;
	608D : 60;
	608E : 60;
	608F : 60;
	6090 : 60;
	6091 : 60;
	6092 : 60;
	6093 : 60;
	6094 : 60;
	6095 : 60;
	6096 : 60;
	6097 : 60;
	6098 : 60;
	6099 : 60;
	609A : 60;
	609B : 60;
	609C : 60;
	609D : 60;
	609E : 60;
	609F : 60;
	60A0 : 60;
	60A1 : 60;
	60A2 : 60;
	60A3 : 60;
	60A4 : 60;
	60A5 : 60;
	60A6 : 60;
	60A7 : 60;
	60A8 : 60;
	60A9 : 60;
	60AA : 60;
	60AB : 60;
	60AC : 60;
	60AD : 60;
	60AE : 60;
	60AF : 60;
	60B0 : 60;
	60B1 : 60;
	60B2 : 60;
	60B3 : 60;
	60B4 : 60;
	60B5 : 60;
	60B6 : 60;
	60B7 : 60;
	60B8 : 60;
	60B9 : 5F;
	60BA : 5F;
	60BB : 5F;
	60BC : 5F;
	60BD : 5F;
	60BE : 5F;
	60BF : 5F;
	60C0 : 5F;
	60C1 : 5F;
	60C2 : 5F;
	60C3 : 5F;
	60C4 : 5E;
	60C5 : 5E;
	60C6 : 5E;
	60C7 : 5E;
	60C8 : 5E;
	60C9 : 5E;
	60CA : 5E;
	60CB : 5D;
	60CC : 5D;
	60CD : 5D;
	60CE : 5C;
	60CF : 5C;
	60D0 : 5C;
	60D1 : 5C;
	60D2 : 5B;
	60D3 : 5A;
	60D4 : 5A;
	60D5 : 5A;
	60D6 : 59;
	60D7 : 58;
	60D8 : 58;
	60D9 : 56;
	60DA : 54;
	60DB : 52;
	60DC : 50;
	60DD : 4C;
	60DE : 48;
	60DF : 40;
	60E0 : 00;
	60E1 : C8;
	60E2 : D0;
	60E3 : D4;
	60E4 : D8;
	60E5 : DA;
	60E6 : DC;
	60E7 : DE;
	60E8 : E0;
	60E9 : E2;
	60EA : E4;
	60EB : E6;
	60EC : E8;
	60ED : E9;
	60EE : EA;
	60EF : EB;
	60F0 : EC;
	60F1 : EE;
	60F2 : F0;
	60F3 : F1;
	60F4 : F2;
	60F5 : F3;
	60F6 : F4;
	60F7 : F5;
	60F8 : F6;
	60F9 : F8;
	60FA : F9;
	60FB : FA;
	60FC : FB;
	60FD : FC;
	60FE : FD;
	60FF : 7F;
	6100 : 61;
	6101 : 61;
	6102 : 61;
	6103 : 61;
	6104 : 61;
	6105 : 61;
	6106 : 61;
	6107 : 61;
	6108 : 61;
	6109 : 61;
	610A : 61;
	610B : 61;
	610C : 61;
	610D : 61;
	610E : 61;
	610F : 61;
	6110 : 61;
	6111 : 61;
	6112 : 61;
	6113 : 61;
	6114 : 61;
	6115 : 61;
	6116 : 61;
	6117 : 61;
	6118 : 61;
	6119 : 61;
	611A : 61;
	611B : 61;
	611C : 61;
	611D : 61;
	611E : 61;
	611F : 61;
	6120 : 61;
	6121 : 61;
	6122 : 61;
	6123 : 61;
	6124 : 61;
	6125 : 61;
	6126 : 61;
	6127 : 61;
	6128 : 61;
	6129 : 61;
	612A : 61;
	612B : 61;
	612C : 61;
	612D : 61;
	612E : 61;
	612F : 61;
	6130 : 61;
	6131 : 61;
	6132 : 61;
	6133 : 61;
	6134 : 61;
	6135 : 61;
	6136 : 61;
	6137 : 61;
	6138 : 61;
	6139 : 61;
	613A : 61;
	613B : 61;
	613C : 61;
	613D : 61;
	613E : 61;
	613F : 61;
	6140 : 62;
	6141 : 62;
	6142 : 62;
	6143 : 62;
	6144 : 62;
	6145 : 62;
	6146 : 62;
	6147 : 62;
	6148 : 62;
	6149 : 62;
	614A : 62;
	614B : 62;
	614C : 62;
	614D : 63;
	614E : 63;
	614F : 63;
	6150 : 63;
	6151 : 63;
	6152 : 64;
	6153 : 64;
	6154 : 64;
	6155 : 64;
	6156 : 64;
	6157 : 65;
	6158 : 65;
	6159 : 66;
	615A : 66;
	615B : 66;
	615C : 67;
	615D : 68;
	615E : 68;
	615F : 68;
	6160 : 68;
	6161 : 69;
	6162 : 6A;
	6163 : 6A;
	6164 : 6A;
	6165 : 6B;
	6166 : 6C;
	6167 : 6C;
	6168 : 6C;
	6169 : 6E;
	616A : 6E;
	616B : 70;
	616C : 70;
	616D : 71;
	616E : 71;
	616F : 72;
	6170 : 72;
	6171 : 73;
	6172 : 74;
	6173 : 75;
	6174 : 76;
	6175 : 77;
	6176 : 78;
	6177 : 79;
	6178 : 79;
	6179 : 7A;
	617A : 7B;
	617B : 7C;
	617C : 7D;
	617D : 7E;
	617E : 7E;
	617F : 7F;
	6180 : 61;
	6181 : 61;
	6182 : 61;
	6183 : 61;
	6184 : 61;
	6185 : 61;
	6186 : 61;
	6187 : 61;
	6188 : 61;
	6189 : 61;
	618A : 61;
	618B : 61;
	618C : 61;
	618D : 61;
	618E : 61;
	618F : 61;
	6190 : 61;
	6191 : 61;
	6192 : 61;
	6193 : 61;
	6194 : 61;
	6195 : 61;
	6196 : 61;
	6197 : 61;
	6198 : 61;
	6199 : 61;
	619A : 61;
	619B : 61;
	619C : 61;
	619D : 61;
	619E : 61;
	619F : 61;
	61A0 : 61;
	61A1 : 61;
	61A2 : 61;
	61A3 : 61;
	61A4 : 61;
	61A5 : 61;
	61A6 : 61;
	61A7 : 61;
	61A8 : 61;
	61A9 : 61;
	61AA : 61;
	61AB : 61;
	61AC : 61;
	61AD : 61;
	61AE : 61;
	61AF : 61;
	61B0 : 61;
	61B1 : 61;
	61B2 : 61;
	61B3 : 61;
	61B4 : 61;
	61B5 : 61;
	61B6 : 61;
	61B7 : 61;
	61B8 : 61;
	61B9 : 61;
	61BA : 61;
	61BB : 61;
	61BC : 61;
	61BD : 61;
	61BE : 61;
	61BF : 61;
	61C0 : 60;
	61C1 : 60;
	61C2 : 60;
	61C3 : 60;
	61C4 : 60;
	61C5 : 60;
	61C6 : 60;
	61C7 : 60;
	61C8 : 60;
	61C9 : 60;
	61CA : 60;
	61CB : 5F;
	61CC : 5F;
	61CD : 5F;
	61CE : 5E;
	61CF : 5E;
	61D0 : 5E;
	61D1 : 5E;
	61D2 : 5D;
	61D3 : 5C;
	61D4 : 5C;
	61D5 : 5C;
	61D6 : 5B;
	61D7 : 5A;
	61D8 : 5A;
	61D9 : 59;
	61DA : 58;
	61DB : 56;
	61DC : 54;
	61DD : 52;
	61DE : 50;
	61DF : 4C;
	61E0 : 48;
	61E1 : 00;
	61E2 : C8;
	61E3 : D0;
	61E4 : D4;
	61E5 : D8;
	61E6 : DA;
	61E7 : DC;
	61E8 : DE;
	61E9 : E1;
	61EA : E3;
	61EB : E5;
	61EC : E7;
	61ED : E8;
	61EE : EA;
	61EF : EA;
	61F0 : EC;
	61F1 : EE;
	61F2 : F0;
	61F3 : F1;
	61F4 : F2;
	61F5 : F3;
	61F6 : F4;
	61F7 : F5;
	61F8 : F6;
	61F9 : F8;
	61FA : F9;
	61FB : FA;
	61FC : FB;
	61FD : FC;
	61FE : FD;
	61FF : 7F;
	6200 : 62;
	6201 : 62;
	6202 : 62;
	6203 : 62;
	6204 : 62;
	6205 : 62;
	6206 : 62;
	6207 : 62;
	6208 : 62;
	6209 : 62;
	620A : 62;
	620B : 62;
	620C : 62;
	620D : 62;
	620E : 62;
	620F : 62;
	6210 : 62;
	6211 : 62;
	6212 : 62;
	6213 : 62;
	6214 : 62;
	6215 : 62;
	6216 : 62;
	6217 : 62;
	6218 : 62;
	6219 : 62;
	621A : 62;
	621B : 62;
	621C : 62;
	621D : 62;
	621E : 62;
	621F : 62;
	6220 : 62;
	6221 : 62;
	6222 : 62;
	6223 : 62;
	6224 : 62;
	6225 : 62;
	6226 : 62;
	6227 : 62;
	6228 : 62;
	6229 : 62;
	622A : 62;
	622B : 62;
	622C : 62;
	622D : 62;
	622E : 62;
	622F : 62;
	6230 : 62;
	6231 : 62;
	6232 : 62;
	6233 : 62;
	6234 : 62;
	6235 : 62;
	6236 : 62;
	6237 : 62;
	6238 : 62;
	6239 : 62;
	623A : 62;
	623B : 62;
	623C : 62;
	623D : 62;
	623E : 62;
	623F : 62;
	6240 : 62;
	6241 : 63;
	6242 : 63;
	6243 : 63;
	6244 : 63;
	6245 : 63;
	6246 : 63;
	6247 : 63;
	6248 : 63;
	6249 : 63;
	624A : 63;
	624B : 63;
	624C : 64;
	624D : 64;
	624E : 64;
	624F : 64;
	6250 : 64;
	6251 : 64;
	6252 : 64;
	6253 : 65;
	6254 : 65;
	6255 : 65;
	6256 : 66;
	6257 : 66;
	6258 : 66;
	6259 : 66;
	625A : 67;
	625B : 68;
	625C : 68;
	625D : 68;
	625E : 68;
	625F : 69;
	6260 : 69;
	6261 : 6A;
	6262 : 6A;
	6263 : 6A;
	6264 : 6B;
	6265 : 6C;
	6266 : 6C;
	6267 : 6C;
	6268 : 6D;
	6269 : 6E;
	626A : 6F;
	626B : 70;
	626C : 70;
	626D : 71;
	626E : 72;
	626F : 72;
	6270 : 72;
	6271 : 74;
	6272 : 74;
	6273 : 76;
	6274 : 76;
	6275 : 78;
	6276 : 78;
	6277 : 79;
	6278 : 79;
	6279 : 7A;
	627A : 7B;
	627B : 7C;
	627C : 7D;
	627D : 7E;
	627E : 7E;
	627F : 7F;
	6280 : 62;
	6281 : 62;
	6282 : 62;
	6283 : 62;
	6284 : 62;
	6285 : 62;
	6286 : 62;
	6287 : 62;
	6288 : 62;
	6289 : 62;
	628A : 62;
	628B : 62;
	628C : 62;
	628D : 62;
	628E : 62;
	628F : 62;
	6290 : 62;
	6291 : 62;
	6292 : 62;
	6293 : 62;
	6294 : 62;
	6295 : 62;
	6296 : 62;
	6297 : 62;
	6298 : 62;
	6299 : 62;
	629A : 62;
	629B : 62;
	629C : 62;
	629D : 62;
	629E : 62;
	629F : 62;
	62A0 : 62;
	62A1 : 62;
	62A2 : 62;
	62A3 : 62;
	62A4 : 62;
	62A5 : 62;
	62A6 : 62;
	62A7 : 62;
	62A8 : 62;
	62A9 : 62;
	62AA : 62;
	62AB : 62;
	62AC : 62;
	62AD : 62;
	62AE : 62;
	62AF : 62;
	62B0 : 62;
	62B1 : 62;
	62B2 : 62;
	62B3 : 62;
	62B4 : 62;
	62B5 : 62;
	62B6 : 62;
	62B7 : 62;
	62B8 : 62;
	62B9 : 62;
	62BA : 62;
	62BB : 62;
	62BC : 62;
	62BD : 62;
	62BE : 62;
	62BF : 62;
	62C0 : 62;
	62C1 : 61;
	62C2 : 61;
	62C3 : 61;
	62C4 : 61;
	62C5 : 61;
	62C6 : 61;
	62C7 : 61;
	62C8 : 61;
	62C9 : 61;
	62CA : 61;
	62CB : 61;
	62CC : 60;
	62CD : 60;
	62CE : 60;
	62CF : 60;
	62D0 : 60;
	62D1 : 60;
	62D2 : 5F;
	62D3 : 5E;
	62D4 : 5E;
	62D5 : 5E;
	62D6 : 5D;
	62D7 : 5C;
	62D8 : 5C;
	62D9 : 5B;
	62DA : 5A;
	62DB : 59;
	62DC : 58;
	62DD : 56;
	62DE : 54;
	62DF : 52;
	62E0 : 50;
	62E1 : 48;
	62E2 : 00;
	62E3 : C8;
	62E4 : D0;
	62E5 : D4;
	62E6 : D8;
	62E7 : DA;
	62E8 : DC;
	62E9 : E0;
	62EA : E2;
	62EB : E4;
	62EC : E6;
	62ED : E8;
	62EE : E9;
	62EF : EA;
	62F0 : EB;
	62F1 : ED;
	62F2 : EF;
	62F3 : F0;
	62F4 : F2;
	62F5 : F2;
	62F6 : F4;
	62F7 : F4;
	62F8 : F6;
	62F9 : F8;
	62FA : F9;
	62FB : FA;
	62FC : FB;
	62FD : FC;
	62FE : FD;
	62FF : 7F;
	6300 : 63;
	6301 : 63;
	6302 : 63;
	6303 : 63;
	6304 : 63;
	6305 : 63;
	6306 : 63;
	6307 : 63;
	6308 : 63;
	6309 : 63;
	630A : 63;
	630B : 63;
	630C : 63;
	630D : 63;
	630E : 63;
	630F : 63;
	6310 : 63;
	6311 : 63;
	6312 : 63;
	6313 : 63;
	6314 : 63;
	6315 : 63;
	6316 : 63;
	6317 : 63;
	6318 : 63;
	6319 : 63;
	631A : 63;
	631B : 63;
	631C : 63;
	631D : 63;
	631E : 63;
	631F : 63;
	6320 : 63;
	6321 : 63;
	6322 : 63;
	6323 : 63;
	6324 : 63;
	6325 : 63;
	6326 : 63;
	6327 : 63;
	6328 : 63;
	6329 : 63;
	632A : 63;
	632B : 63;
	632C : 63;
	632D : 63;
	632E : 63;
	632F : 63;
	6330 : 63;
	6331 : 63;
	6332 : 63;
	6333 : 63;
	6334 : 63;
	6335 : 63;
	6336 : 63;
	6337 : 63;
	6338 : 63;
	6339 : 63;
	633A : 63;
	633B : 63;
	633C : 63;
	633D : 63;
	633E : 63;
	633F : 63;
	6340 : 64;
	6341 : 64;
	6342 : 64;
	6343 : 64;
	6344 : 64;
	6345 : 64;
	6346 : 64;
	6347 : 64;
	6348 : 64;
	6349 : 64;
	634A : 64;
	634B : 64;
	634C : 64;
	634D : 65;
	634E : 65;
	634F : 65;
	6350 : 65;
	6351 : 65;
	6352 : 66;
	6353 : 66;
	6354 : 66;
	6355 : 66;
	6356 : 66;
	6357 : 67;
	6358 : 67;
	6359 : 68;
	635A : 68;
	635B : 68;
	635C : 68;
	635D : 69;
	635E : 69;
	635F : 69;
	6360 : 6A;
	6361 : 6A;
	6362 : 6A;
	6363 : 6B;
	6364 : 6C;
	6365 : 6C;
	6366 : 6C;
	6367 : 6D;
	6368 : 6E;
	6369 : 6E;
	636A : 70;
	636B : 70;
	636C : 71;
	636D : 71;
	636E : 72;
	636F : 72;
	6370 : 73;
	6371 : 74;
	6372 : 75;
	6373 : 76;
	6374 : 77;
	6375 : 78;
	6376 : 78;
	6377 : 79;
	6378 : 79;
	6379 : 7A;
	637A : 7B;
	637B : 7C;
	637C : 7D;
	637D : 7E;
	637E : 7E;
	637F : 7F;
	6380 : 63;
	6381 : 63;
	6382 : 63;
	6383 : 63;
	6384 : 63;
	6385 : 63;
	6386 : 63;
	6387 : 63;
	6388 : 63;
	6389 : 63;
	638A : 63;
	638B : 63;
	638C : 63;
	638D : 63;
	638E : 63;
	638F : 63;
	6390 : 63;
	6391 : 63;
	6392 : 63;
	6393 : 63;
	6394 : 63;
	6395 : 63;
	6396 : 63;
	6397 : 63;
	6398 : 63;
	6399 : 63;
	639A : 63;
	639B : 63;
	639C : 63;
	639D : 63;
	639E : 63;
	639F : 63;
	63A0 : 63;
	63A1 : 63;
	63A2 : 63;
	63A3 : 63;
	63A4 : 63;
	63A5 : 63;
	63A6 : 63;
	63A7 : 63;
	63A8 : 63;
	63A9 : 63;
	63AA : 63;
	63AB : 63;
	63AC : 63;
	63AD : 63;
	63AE : 63;
	63AF : 63;
	63B0 : 63;
	63B1 : 63;
	63B2 : 63;
	63B3 : 63;
	63B4 : 63;
	63B5 : 63;
	63B6 : 63;
	63B7 : 63;
	63B8 : 63;
	63B9 : 63;
	63BA : 63;
	63BB : 63;
	63BC : 63;
	63BD : 63;
	63BE : 63;
	63BF : 63;
	63C0 : 62;
	63C1 : 62;
	63C2 : 62;
	63C3 : 62;
	63C4 : 62;
	63C5 : 62;
	63C6 : 62;
	63C7 : 62;
	63C8 : 62;
	63C9 : 62;
	63CA : 62;
	63CB : 62;
	63CC : 62;
	63CD : 61;
	63CE : 61;
	63CF : 61;
	63D0 : 61;
	63D1 : 61;
	63D2 : 60;
	63D3 : 60;
	63D4 : 60;
	63D5 : 60;
	63D6 : 5F;
	63D7 : 5E;
	63D8 : 5E;
	63D9 : 5D;
	63DA : 5C;
	63DB : 5B;
	63DC : 5A;
	63DD : 59;
	63DE : 58;
	63DF : 56;
	63E0 : 54;
	63E1 : 50;
	63E2 : 48;
	63E3 : 00;
	63E4 : C8;
	63E5 : D0;
	63E6 : D4;
	63E7 : D8;
	63E8 : DA;
	63E9 : DE;
	63EA : E1;
	63EB : E3;
	63EC : E5;
	63ED : E7;
	63EE : E8;
	63EF : EA;
	63F0 : EA;
	63F1 : EC;
	63F2 : EE;
	63F3 : F0;
	63F4 : F1;
	63F5 : F2;
	63F6 : F3;
	63F7 : F4;
	63F8 : F5;
	63F9 : F7;
	63FA : F9;
	63FB : FA;
	63FC : FB;
	63FD : FC;
	63FE : FD;
	63FF : 7F;
	6400 : 64;
	6401 : 64;
	6402 : 64;
	6403 : 64;
	6404 : 64;
	6405 : 64;
	6406 : 64;
	6407 : 64;
	6408 : 64;
	6409 : 64;
	640A : 64;
	640B : 64;
	640C : 64;
	640D : 64;
	640E : 64;
	640F : 64;
	6410 : 64;
	6411 : 64;
	6412 : 64;
	6413 : 64;
	6414 : 64;
	6415 : 64;
	6416 : 64;
	6417 : 64;
	6418 : 64;
	6419 : 64;
	641A : 64;
	641B : 64;
	641C : 64;
	641D : 64;
	641E : 64;
	641F : 64;
	6420 : 64;
	6421 : 64;
	6422 : 64;
	6423 : 64;
	6424 : 64;
	6425 : 64;
	6426 : 64;
	6427 : 64;
	6428 : 64;
	6429 : 64;
	642A : 64;
	642B : 64;
	642C : 64;
	642D : 64;
	642E : 64;
	642F : 64;
	6430 : 64;
	6431 : 64;
	6432 : 64;
	6433 : 64;
	6434 : 64;
	6435 : 64;
	6436 : 64;
	6437 : 64;
	6438 : 64;
	6439 : 64;
	643A : 64;
	643B : 64;
	643C : 64;
	643D : 64;
	643E : 64;
	643F : 64;
	6440 : 64;
	6441 : 65;
	6442 : 65;
	6443 : 65;
	6444 : 65;
	6445 : 65;
	6446 : 65;
	6447 : 65;
	6448 : 65;
	6449 : 65;
	644A : 65;
	644B : 65;
	644C : 66;
	644D : 66;
	644E : 66;
	644F : 66;
	6450 : 66;
	6451 : 66;
	6452 : 66;
	6453 : 67;
	6454 : 67;
	6455 : 67;
	6456 : 68;
	6457 : 68;
	6458 : 68;
	6459 : 68;
	645A : 68;
	645B : 69;
	645C : 69;
	645D : 69;
	645E : 6A;
	645F : 6A;
	6460 : 6A;
	6461 : 6A;
	6462 : 6B;
	6463 : 6C;
	6464 : 6C;
	6465 : 6C;
	6466 : 6D;
	6467 : 6E;
	6468 : 6E;
	6469 : 6F;
	646A : 70;
	646B : 70;
	646C : 71;
	646D : 72;
	646E : 72;
	646F : 72;
	6470 : 73;
	6471 : 74;
	6472 : 75;
	6473 : 76;
	6474 : 77;
	6475 : 78;
	6476 : 78;
	6477 : 79;
	6478 : 7A;
	6479 : 7A;
	647A : 7C;
	647B : 7C;
	647C : 7E;
	647D : 7E;
	647E : 7E;
	647F : 7F;
	6480 : 64;
	6481 : 64;
	6482 : 64;
	6483 : 64;
	6484 : 64;
	6485 : 64;
	6486 : 64;
	6487 : 64;
	6488 : 64;
	6489 : 64;
	648A : 64;
	648B : 64;
	648C : 64;
	648D : 64;
	648E : 64;
	648F : 64;
	6490 : 64;
	6491 : 64;
	6492 : 64;
	6493 : 64;
	6494 : 64;
	6495 : 64;
	6496 : 64;
	6497 : 64;
	6498 : 64;
	6499 : 64;
	649A : 64;
	649B : 64;
	649C : 64;
	649D : 64;
	649E : 64;
	649F : 64;
	64A0 : 64;
	64A1 : 64;
	64A2 : 64;
	64A3 : 64;
	64A4 : 64;
	64A5 : 64;
	64A6 : 64;
	64A7 : 64;
	64A8 : 64;
	64A9 : 64;
	64AA : 64;
	64AB : 64;
	64AC : 64;
	64AD : 64;
	64AE : 64;
	64AF : 64;
	64B0 : 64;
	64B1 : 64;
	64B2 : 64;
	64B3 : 64;
	64B4 : 64;
	64B5 : 64;
	64B6 : 64;
	64B7 : 64;
	64B8 : 64;
	64B9 : 64;
	64BA : 64;
	64BB : 64;
	64BC : 64;
	64BD : 64;
	64BE : 64;
	64BF : 64;
	64C0 : 64;
	64C1 : 63;
	64C2 : 63;
	64C3 : 63;
	64C4 : 63;
	64C5 : 63;
	64C6 : 63;
	64C7 : 63;
	64C8 : 63;
	64C9 : 63;
	64CA : 63;
	64CB : 63;
	64CC : 62;
	64CD : 62;
	64CE : 62;
	64CF : 62;
	64D0 : 62;
	64D1 : 62;
	64D2 : 62;
	64D3 : 61;
	64D4 : 61;
	64D5 : 61;
	64D6 : 60;
	64D7 : 60;
	64D8 : 60;
	64D9 : 5F;
	64DA : 5E;
	64DB : 5D;
	64DC : 5C;
	64DD : 5B;
	64DE : 5A;
	64DF : 59;
	64E0 : 58;
	64E1 : 54;
	64E2 : 50;
	64E3 : 48;
	64E4 : 00;
	64E5 : C8;
	64E6 : D0;
	64E7 : D4;
	64E8 : D8;
	64E9 : DC;
	64EA : E0;
	64EB : E2;
	64EC : E4;
	64ED : E6;
	64EE : E8;
	64EF : E9;
	64F0 : EA;
	64F1 : EC;
	64F2 : EE;
	64F3 : F0;
	64F4 : F1;
	64F5 : F2;
	64F6 : F3;
	64F7 : F4;
	64F8 : F5;
	64F9 : F7;
	64FA : F8;
	64FB : FA;
	64FC : FA;
	64FD : FC;
	64FE : FC;
	64FF : 7F;
	6500 : 65;
	6501 : 65;
	6502 : 65;
	6503 : 65;
	6504 : 65;
	6505 : 65;
	6506 : 65;
	6507 : 65;
	6508 : 65;
	6509 : 65;
	650A : 65;
	650B : 65;
	650C : 65;
	650D : 65;
	650E : 65;
	650F : 65;
	6510 : 65;
	6511 : 65;
	6512 : 65;
	6513 : 65;
	6514 : 65;
	6515 : 65;
	6516 : 65;
	6517 : 65;
	6518 : 65;
	6519 : 65;
	651A : 65;
	651B : 65;
	651C : 65;
	651D : 65;
	651E : 65;
	651F : 65;
	6520 : 65;
	6521 : 65;
	6522 : 65;
	6523 : 65;
	6524 : 65;
	6525 : 65;
	6526 : 65;
	6527 : 65;
	6528 : 65;
	6529 : 65;
	652A : 65;
	652B : 65;
	652C : 65;
	652D : 65;
	652E : 65;
	652F : 65;
	6530 : 65;
	6531 : 65;
	6532 : 65;
	6533 : 65;
	6534 : 65;
	6535 : 65;
	6536 : 65;
	6537 : 65;
	6538 : 65;
	6539 : 65;
	653A : 65;
	653B : 65;
	653C : 65;
	653D : 65;
	653E : 65;
	653F : 65;
	6540 : 66;
	6541 : 66;
	6542 : 66;
	6543 : 66;
	6544 : 66;
	6545 : 66;
	6546 : 66;
	6547 : 66;
	6548 : 66;
	6549 : 66;
	654A : 66;
	654B : 66;
	654C : 66;
	654D : 67;
	654E : 67;
	654F : 67;
	6550 : 67;
	6551 : 67;
	6552 : 68;
	6553 : 68;
	6554 : 68;
	6555 : 68;
	6556 : 68;
	6557 : 68;
	6558 : 68;
	6559 : 69;
	655A : 69;
	655B : 69;
	655C : 6A;
	655D : 6A;
	655E : 6A;
	655F : 6A;
	6560 : 6A;
	6561 : 6B;
	6562 : 6C;
	6563 : 6C;
	6564 : 6C;
	6565 : 6D;
	6566 : 6E;
	6567 : 6E;
	6568 : 6E;
	6569 : 70;
	656A : 70;
	656B : 71;
	656C : 71;
	656D : 72;
	656E : 72;
	656F : 73;
	6570 : 73;
	6571 : 74;
	6572 : 75;
	6573 : 76;
	6574 : 77;
	6575 : 78;
	6576 : 79;
	6577 : 79;
	6578 : 7A;
	6579 : 7B;
	657A : 7C;
	657B : 7D;
	657C : 7E;
	657D : 7E;
	657E : 7E;
	657F : 7F;
	6580 : 65;
	6581 : 65;
	6582 : 65;
	6583 : 65;
	6584 : 65;
	6585 : 65;
	6586 : 65;
	6587 : 65;
	6588 : 65;
	6589 : 65;
	658A : 65;
	658B : 65;
	658C : 65;
	658D : 65;
	658E : 65;
	658F : 65;
	6590 : 65;
	6591 : 65;
	6592 : 65;
	6593 : 65;
	6594 : 65;
	6595 : 65;
	6596 : 65;
	6597 : 65;
	6598 : 65;
	6599 : 65;
	659A : 65;
	659B : 65;
	659C : 65;
	659D : 65;
	659E : 65;
	659F : 65;
	65A0 : 65;
	65A1 : 65;
	65A2 : 65;
	65A3 : 65;
	65A4 : 65;
	65A5 : 65;
	65A6 : 65;
	65A7 : 65;
	65A8 : 65;
	65A9 : 65;
	65AA : 65;
	65AB : 65;
	65AC : 65;
	65AD : 65;
	65AE : 65;
	65AF : 65;
	65B0 : 65;
	65B1 : 65;
	65B2 : 65;
	65B3 : 65;
	65B4 : 65;
	65B5 : 65;
	65B6 : 65;
	65B7 : 65;
	65B8 : 65;
	65B9 : 65;
	65BA : 65;
	65BB : 65;
	65BC : 65;
	65BD : 65;
	65BE : 65;
	65BF : 65;
	65C0 : 64;
	65C1 : 64;
	65C2 : 64;
	65C3 : 64;
	65C4 : 64;
	65C5 : 64;
	65C6 : 64;
	65C7 : 64;
	65C8 : 64;
	65C9 : 64;
	65CA : 64;
	65CB : 64;
	65CC : 64;
	65CD : 63;
	65CE : 63;
	65CF : 63;
	65D0 : 63;
	65D1 : 63;
	65D2 : 62;
	65D3 : 62;
	65D4 : 62;
	65D5 : 62;
	65D6 : 62;
	65D7 : 61;
	65D8 : 61;
	65D9 : 60;
	65DA : 60;
	65DB : 5F;
	65DC : 5E;
	65DD : 5D;
	65DE : 5C;
	65DF : 5B;
	65E0 : 5A;
	65E1 : 58;
	65E2 : 54;
	65E3 : 50;
	65E4 : 48;
	65E5 : 00;
	65E6 : C8;
	65E7 : D0;
	65E8 : D4;
	65E9 : DA;
	65EA : DE;
	65EB : E1;
	65EC : E3;
	65ED : E5;
	65EE : E7;
	65EF : E8;
	65F0 : EA;
	65F1 : EC;
	65F2 : EE;
	65F3 : F0;
	65F4 : F1;
	65F5 : F2;
	65F6 : F3;
	65F7 : F4;
	65F8 : F5;
	65F9 : F7;
	65FA : F8;
	65FB : F9;
	65FC : FA;
	65FD : FB;
	65FE : FC;
	65FF : 7F;
	6600 : 66;
	6601 : 66;
	6602 : 66;
	6603 : 66;
	6604 : 66;
	6605 : 66;
	6606 : 66;
	6607 : 66;
	6608 : 66;
	6609 : 66;
	660A : 66;
	660B : 66;
	660C : 66;
	660D : 66;
	660E : 66;
	660F : 66;
	6610 : 66;
	6611 : 66;
	6612 : 66;
	6613 : 66;
	6614 : 66;
	6615 : 66;
	6616 : 66;
	6617 : 66;
	6618 : 66;
	6619 : 66;
	661A : 66;
	661B : 66;
	661C : 66;
	661D : 66;
	661E : 66;
	661F : 66;
	6620 : 66;
	6621 : 66;
	6622 : 66;
	6623 : 66;
	6624 : 66;
	6625 : 66;
	6626 : 66;
	6627 : 66;
	6628 : 66;
	6629 : 66;
	662A : 66;
	662B : 66;
	662C : 66;
	662D : 66;
	662E : 66;
	662F : 66;
	6630 : 66;
	6631 : 66;
	6632 : 66;
	6633 : 66;
	6634 : 66;
	6635 : 66;
	6636 : 66;
	6637 : 66;
	6638 : 66;
	6639 : 66;
	663A : 66;
	663B : 66;
	663C : 66;
	663D : 66;
	663E : 66;
	663F : 66;
	6640 : 66;
	6641 : 67;
	6642 : 67;
	6643 : 67;
	6644 : 67;
	6645 : 67;
	6646 : 67;
	6647 : 67;
	6648 : 67;
	6649 : 67;
	664A : 67;
	664B : 67;
	664C : 68;
	664D : 68;
	664E : 68;
	664F : 68;
	6650 : 68;
	6651 : 68;
	6652 : 68;
	6653 : 68;
	6654 : 68;
	6655 : 69;
	6656 : 69;
	6657 : 69;
	6658 : 69;
	6659 : 69;
	665A : 6A;
	665B : 6A;
	665C : 6A;
	665D : 6A;
	665E : 6A;
	665F : 6B;
	6660 : 6B;
	6661 : 6C;
	6662 : 6C;
	6663 : 6C;
	6664 : 6D;
	6665 : 6E;
	6666 : 6E;
	6667 : 6E;
	6668 : 6F;
	6669 : 70;
	666A : 70;
	666B : 71;
	666C : 72;
	666D : 72;
	666E : 72;
	666F : 73;
	6670 : 74;
	6671 : 74;
	6672 : 76;
	6673 : 76;
	6674 : 78;
	6675 : 78;
	6676 : 79;
	6677 : 79;
	6678 : 7A;
	6679 : 7B;
	667A : 7C;
	667B : 7D;
	667C : 7E;
	667D : 7E;
	667E : 7E;
	667F : 7F;
	6680 : 66;
	6681 : 66;
	6682 : 66;
	6683 : 66;
	6684 : 66;
	6685 : 66;
	6686 : 66;
	6687 : 66;
	6688 : 66;
	6689 : 66;
	668A : 66;
	668B : 66;
	668C : 66;
	668D : 66;
	668E : 66;
	668F : 66;
	6690 : 66;
	6691 : 66;
	6692 : 66;
	6693 : 66;
	6694 : 66;
	6695 : 66;
	6696 : 66;
	6697 : 66;
	6698 : 66;
	6699 : 66;
	669A : 66;
	669B : 66;
	669C : 66;
	669D : 66;
	669E : 66;
	669F : 66;
	66A0 : 66;
	66A1 : 66;
	66A2 : 66;
	66A3 : 66;
	66A4 : 66;
	66A5 : 66;
	66A6 : 66;
	66A7 : 66;
	66A8 : 66;
	66A9 : 66;
	66AA : 66;
	66AB : 66;
	66AC : 66;
	66AD : 66;
	66AE : 66;
	66AF : 66;
	66B0 : 66;
	66B1 : 66;
	66B2 : 66;
	66B3 : 66;
	66B4 : 66;
	66B5 : 66;
	66B6 : 66;
	66B7 : 66;
	66B8 : 66;
	66B9 : 66;
	66BA : 66;
	66BB : 66;
	66BC : 66;
	66BD : 66;
	66BE : 66;
	66BF : 66;
	66C0 : 66;
	66C1 : 65;
	66C2 : 65;
	66C3 : 65;
	66C4 : 65;
	66C5 : 65;
	66C6 : 65;
	66C7 : 65;
	66C8 : 65;
	66C9 : 65;
	66CA : 65;
	66CB : 65;
	66CC : 64;
	66CD : 64;
	66CE : 64;
	66CF : 64;
	66D0 : 64;
	66D1 : 64;
	66D2 : 64;
	66D3 : 63;
	66D4 : 63;
	66D5 : 63;
	66D6 : 62;
	66D7 : 62;
	66D8 : 62;
	66D9 : 62;
	66DA : 61;
	66DB : 60;
	66DC : 60;
	66DD : 5F;
	66DE : 5E;
	66DF : 5D;
	66E0 : 5C;
	66E1 : 5A;
	66E2 : 58;
	66E3 : 54;
	66E4 : 50;
	66E5 : 48;
	66E6 : 00;
	66E7 : C8;
	66E8 : D0;
	66E9 : D8;
	66EA : DC;
	66EB : E0;
	66EC : E2;
	66ED : E4;
	66EE : E6;
	66EF : E8;
	66F0 : E9;
	66F1 : EB;
	66F2 : ED;
	66F3 : EF;
	66F4 : F0;
	66F5 : F2;
	66F6 : F2;
	66F7 : F4;
	66F8 : F4;
	66F9 : F6;
	66FA : F8;
	66FB : F9;
	66FC : FA;
	66FD : FB;
	66FE : FC;
	66FF : 7F;
	6700 : 67;
	6701 : 67;
	6702 : 67;
	6703 : 67;
	6704 : 67;
	6705 : 67;
	6706 : 67;
	6707 : 67;
	6708 : 67;
	6709 : 67;
	670A : 67;
	670B : 67;
	670C : 67;
	670D : 67;
	670E : 67;
	670F : 67;
	6710 : 67;
	6711 : 67;
	6712 : 67;
	6713 : 67;
	6714 : 67;
	6715 : 67;
	6716 : 67;
	6717 : 67;
	6718 : 67;
	6719 : 67;
	671A : 67;
	671B : 67;
	671C : 67;
	671D : 67;
	671E : 67;
	671F : 67;
	6720 : 67;
	6721 : 67;
	6722 : 67;
	6723 : 67;
	6724 : 67;
	6725 : 67;
	6726 : 67;
	6727 : 67;
	6728 : 67;
	6729 : 67;
	672A : 67;
	672B : 67;
	672C : 67;
	672D : 67;
	672E : 67;
	672F : 67;
	6730 : 67;
	6731 : 67;
	6732 : 67;
	6733 : 67;
	6734 : 67;
	6735 : 67;
	6736 : 67;
	6737 : 67;
	6738 : 67;
	6739 : 67;
	673A : 67;
	673B : 67;
	673C : 67;
	673D : 67;
	673E : 67;
	673F : 67;
	6740 : 68;
	6741 : 68;
	6742 : 68;
	6743 : 68;
	6744 : 68;
	6745 : 68;
	6746 : 68;
	6747 : 68;
	6748 : 68;
	6749 : 68;
	674A : 68;
	674B : 68;
	674C : 68;
	674D : 68;
	674E : 68;
	674F : 68;
	6750 : 68;
	6751 : 69;
	6752 : 69;
	6753 : 69;
	6754 : 69;
	6755 : 69;
	6756 : 69;
	6757 : 69;
	6758 : 6A;
	6759 : 6A;
	675A : 6A;
	675B : 6A;
	675C : 6A;
	675D : 6B;
	675E : 6B;
	675F : 6B;
	6760 : 6C;
	6761 : 6C;
	6762 : 6C;
	6763 : 6D;
	6764 : 6E;
	6765 : 6E;
	6766 : 6E;
	6767 : 6F;
	6768 : 70;
	6769 : 70;
	676A : 71;
	676B : 71;
	676C : 72;
	676D : 72;
	676E : 73;
	676F : 73;
	6770 : 74;
	6771 : 75;
	6772 : 76;
	6773 : 77;
	6774 : 78;
	6775 : 78;
	6776 : 79;
	6777 : 79;
	6778 : 7A;
	6779 : 7B;
	677A : 7C;
	677B : 7D;
	677C : 7E;
	677D : 7E;
	677E : 7E;
	677F : 7F;
	6780 : 67;
	6781 : 67;
	6782 : 67;
	6783 : 67;
	6784 : 67;
	6785 : 67;
	6786 : 67;
	6787 : 67;
	6788 : 67;
	6789 : 67;
	678A : 67;
	678B : 67;
	678C : 67;
	678D : 67;
	678E : 67;
	678F : 67;
	6790 : 67;
	6791 : 67;
	6792 : 67;
	6793 : 67;
	6794 : 67;
	6795 : 67;
	6796 : 67;
	6797 : 67;
	6798 : 67;
	6799 : 67;
	679A : 67;
	679B : 67;
	679C : 67;
	679D : 67;
	679E : 67;
	679F : 67;
	67A0 : 67;
	67A1 : 67;
	67A2 : 67;
	67A3 : 67;
	67A4 : 67;
	67A5 : 67;
	67A6 : 67;
	67A7 : 67;
	67A8 : 67;
	67A9 : 67;
	67AA : 67;
	67AB : 67;
	67AC : 67;
	67AD : 67;
	67AE : 67;
	67AF : 67;
	67B0 : 67;
	67B1 : 67;
	67B2 : 67;
	67B3 : 67;
	67B4 : 67;
	67B5 : 67;
	67B6 : 67;
	67B7 : 67;
	67B8 : 67;
	67B9 : 67;
	67BA : 67;
	67BB : 67;
	67BC : 67;
	67BD : 67;
	67BE : 67;
	67BF : 67;
	67C0 : 66;
	67C1 : 66;
	67C2 : 66;
	67C3 : 66;
	67C4 : 66;
	67C5 : 66;
	67C6 : 66;
	67C7 : 66;
	67C8 : 66;
	67C9 : 66;
	67CA : 66;
	67CB : 66;
	67CC : 66;
	67CD : 65;
	67CE : 65;
	67CF : 65;
	67D0 : 65;
	67D1 : 65;
	67D2 : 64;
	67D3 : 64;
	67D4 : 64;
	67D5 : 64;
	67D6 : 64;
	67D7 : 63;
	67D8 : 63;
	67D9 : 62;
	67DA : 62;
	67DB : 62;
	67DC : 61;
	67DD : 60;
	67DE : 60;
	67DF : 5F;
	67E0 : 5E;
	67E1 : 5C;
	67E2 : 5A;
	67E3 : 58;
	67E4 : 54;
	67E5 : 50;
	67E6 : 48;
	67E7 : 00;
	67E8 : C8;
	67E9 : D4;
	67EA : DA;
	67EB : DE;
	67EC : E1;
	67ED : E3;
	67EE : E5;
	67EF : E7;
	67F0 : E8;
	67F1 : EA;
	67F2 : EC;
	67F3 : EE;
	67F4 : F0;
	67F5 : F1;
	67F6 : F2;
	67F7 : F3;
	67F8 : F4;
	67F9 : F6;
	67FA : F8;
	67FB : F9;
	67FC : FA;
	67FD : FB;
	67FE : FC;
	67FF : 7F;
	6800 : 68;
	6801 : 68;
	6802 : 68;
	6803 : 68;
	6804 : 68;
	6805 : 68;
	6806 : 68;
	6807 : 68;
	6808 : 68;
	6809 : 68;
	680A : 68;
	680B : 68;
	680C : 68;
	680D : 68;
	680E : 68;
	680F : 68;
	6810 : 68;
	6811 : 68;
	6812 : 68;
	6813 : 68;
	6814 : 68;
	6815 : 68;
	6816 : 68;
	6817 : 68;
	6818 : 68;
	6819 : 68;
	681A : 68;
	681B : 68;
	681C : 68;
	681D : 68;
	681E : 68;
	681F : 68;
	6820 : 68;
	6821 : 68;
	6822 : 68;
	6823 : 68;
	6824 : 68;
	6825 : 68;
	6826 : 68;
	6827 : 68;
	6828 : 68;
	6829 : 68;
	682A : 68;
	682B : 68;
	682C : 68;
	682D : 68;
	682E : 68;
	682F : 68;
	6830 : 68;
	6831 : 68;
	6832 : 68;
	6833 : 68;
	6834 : 68;
	6835 : 68;
	6836 : 68;
	6837 : 68;
	6838 : 68;
	6839 : 68;
	683A : 68;
	683B : 68;
	683C : 68;
	683D : 68;
	683E : 68;
	683F : 68;
	6840 : 68;
	6841 : 68;
	6842 : 68;
	6843 : 68;
	6844 : 68;
	6845 : 68;
	6846 : 68;
	6847 : 68;
	6848 : 68;
	6849 : 69;
	684A : 69;
	684B : 69;
	684C : 69;
	684D : 69;
	684E : 69;
	684F : 69;
	6850 : 69;
	6851 : 69;
	6852 : 69;
	6853 : 69;
	6854 : 6A;
	6855 : 6A;
	6856 : 6A;
	6857 : 6A;
	6858 : 6A;
	6859 : 6A;
	685A : 6A;
	685B : 6B;
	685C : 6B;
	685D : 6B;
	685E : 6C;
	685F : 6C;
	6860 : 6C;
	6861 : 6C;
	6862 : 6D;
	6863 : 6E;
	6864 : 6E;
	6865 : 6E;
	6866 : 6F;
	6867 : 70;
	6868 : 70;
	6869 : 70;
	686A : 71;
	686B : 72;
	686C : 72;
	686D : 72;
	686E : 73;
	686F : 74;
	6870 : 74;
	6871 : 75;
	6872 : 76;
	6873 : 77;
	6874 : 78;
	6875 : 78;
	6876 : 79;
	6877 : 7A;
	6878 : 7A;
	6879 : 7B;
	687A : 7C;
	687B : 7D;
	687C : 7E;
	687D : 7E;
	687E : 7E;
	687F : 7F;
	6880 : 68;
	6881 : 68;
	6882 : 68;
	6883 : 68;
	6884 : 68;
	6885 : 68;
	6886 : 68;
	6887 : 68;
	6888 : 68;
	6889 : 68;
	688A : 68;
	688B : 68;
	688C : 68;
	688D : 68;
	688E : 68;
	688F : 68;
	6890 : 68;
	6891 : 68;
	6892 : 68;
	6893 : 68;
	6894 : 68;
	6895 : 68;
	6896 : 68;
	6897 : 68;
	6898 : 68;
	6899 : 68;
	689A : 68;
	689B : 68;
	689C : 68;
	689D : 68;
	689E : 68;
	689F : 68;
	68A0 : 68;
	68A1 : 68;
	68A2 : 68;
	68A3 : 68;
	68A4 : 68;
	68A5 : 68;
	68A6 : 68;
	68A7 : 68;
	68A8 : 68;
	68A9 : 68;
	68AA : 68;
	68AB : 68;
	68AC : 68;
	68AD : 68;
	68AE : 68;
	68AF : 68;
	68B0 : 68;
	68B1 : 68;
	68B2 : 68;
	68B3 : 68;
	68B4 : 68;
	68B5 : 68;
	68B6 : 68;
	68B7 : 68;
	68B8 : 68;
	68B9 : 68;
	68BA : 68;
	68BB : 68;
	68BC : 68;
	68BD : 68;
	68BE : 68;
	68BF : 68;
	68C0 : 68;
	68C1 : 67;
	68C2 : 67;
	68C3 : 67;
	68C4 : 67;
	68C5 : 67;
	68C6 : 67;
	68C7 : 67;
	68C8 : 67;
	68C9 : 67;
	68CA : 67;
	68CB : 67;
	68CC : 66;
	68CD : 66;
	68CE : 66;
	68CF : 66;
	68D0 : 66;
	68D1 : 66;
	68D2 : 66;
	68D3 : 65;
	68D4 : 65;
	68D5 : 65;
	68D6 : 64;
	68D7 : 64;
	68D8 : 64;
	68D9 : 64;
	68DA : 63;
	68DB : 62;
	68DC : 62;
	68DD : 62;
	68DE : 61;
	68DF : 60;
	68E0 : 60;
	68E1 : 5E;
	68E2 : 5C;
	68E3 : 5A;
	68E4 : 58;
	68E5 : 54;
	68E6 : 50;
	68E7 : 48;
	68E8 : 00;
	68E9 : D0;
	68EA : D8;
	68EB : DC;
	68EC : E0;
	68ED : E2;
	68EE : E4;
	68EF : E6;
	68F0 : E8;
	68F1 : EA;
	68F2 : EC;
	68F3 : EE;
	68F4 : F0;
	68F5 : F1;
	68F6 : F2;
	68F7 : F3;
	68F8 : F4;
	68F9 : F6;
	68FA : F8;
	68FB : F9;
	68FC : FA;
	68FD : FB;
	68FE : FC;
	68FF : 7F;
	6900 : 69;
	6901 : 69;
	6902 : 69;
	6903 : 69;
	6904 : 69;
	6905 : 69;
	6906 : 69;
	6907 : 69;
	6908 : 69;
	6909 : 69;
	690A : 69;
	690B : 69;
	690C : 69;
	690D : 69;
	690E : 69;
	690F : 69;
	6910 : 69;
	6911 : 69;
	6912 : 69;
	6913 : 69;
	6914 : 69;
	6915 : 69;
	6916 : 69;
	6917 : 69;
	6918 : 69;
	6919 : 69;
	691A : 69;
	691B : 69;
	691C : 69;
	691D : 69;
	691E : 69;
	691F : 69;
	6920 : 69;
	6921 : 69;
	6922 : 69;
	6923 : 69;
	6924 : 69;
	6925 : 69;
	6926 : 69;
	6927 : 69;
	6928 : 69;
	6929 : 69;
	692A : 69;
	692B : 69;
	692C : 69;
	692D : 69;
	692E : 69;
	692F : 69;
	6930 : 69;
	6931 : 69;
	6932 : 69;
	6933 : 69;
	6934 : 69;
	6935 : 69;
	6936 : 69;
	6937 : 69;
	6938 : 69;
	6939 : 69;
	693A : 69;
	693B : 69;
	693C : 69;
	693D : 69;
	693E : 69;
	693F : 69;
	6940 : 69;
	6941 : 69;
	6942 : 69;
	6943 : 69;
	6944 : 69;
	6945 : 69;
	6946 : 69;
	6947 : 69;
	6948 : 6A;
	6949 : 6A;
	694A : 6A;
	694B : 6A;
	694C : 6A;
	694D : 6A;
	694E : 6A;
	694F : 6A;
	6950 : 6A;
	6951 : 6A;
	6952 : 6A;
	6953 : 6A;
	6954 : 6A;
	6955 : 6B;
	6956 : 6B;
	6957 : 6B;
	6958 : 6B;
	6959 : 6B;
	695A : 6C;
	695B : 6C;
	695C : 6C;
	695D : 6C;
	695E : 6C;
	695F : 6D;
	6960 : 6D;
	6961 : 6E;
	6962 : 6E;
	6963 : 6E;
	6964 : 6F;
	6965 : 70;
	6966 : 70;
	6967 : 70;
	6968 : 70;
	6969 : 71;
	696A : 72;
	696B : 72;
	696C : 72;
	696D : 73;
	696E : 74;
	696F : 74;
	6970 : 74;
	6971 : 76;
	6972 : 76;
	6973 : 78;
	6974 : 78;
	6975 : 79;
	6976 : 79;
	6977 : 7A;
	6978 : 7A;
	6979 : 7B;
	697A : 7C;
	697B : 7D;
	697C : 7E;
	697D : 7E;
	697E : 7E;
	697F : 7F;
	6980 : 69;
	6981 : 69;
	6982 : 69;
	6983 : 69;
	6984 : 69;
	6985 : 69;
	6986 : 69;
	6987 : 69;
	6988 : 69;
	6989 : 69;
	698A : 69;
	698B : 69;
	698C : 69;
	698D : 69;
	698E : 69;
	698F : 69;
	6990 : 69;
	6991 : 69;
	6992 : 69;
	6993 : 69;
	6994 : 69;
	6995 : 69;
	6996 : 69;
	6997 : 69;
	6998 : 69;
	6999 : 69;
	699A : 69;
	699B : 69;
	699C : 69;
	699D : 69;
	699E : 69;
	699F : 69;
	69A0 : 69;
	69A1 : 69;
	69A2 : 69;
	69A3 : 69;
	69A4 : 69;
	69A5 : 69;
	69A6 : 69;
	69A7 : 69;
	69A8 : 69;
	69A9 : 69;
	69AA : 69;
	69AB : 69;
	69AC : 69;
	69AD : 69;
	69AE : 69;
	69AF : 69;
	69B0 : 69;
	69B1 : 69;
	69B2 : 69;
	69B3 : 69;
	69B4 : 69;
	69B5 : 69;
	69B6 : 69;
	69B7 : 69;
	69B8 : 69;
	69B9 : 69;
	69BA : 69;
	69BB : 69;
	69BC : 69;
	69BD : 69;
	69BE : 69;
	69BF : 69;
	69C0 : 69;
	69C1 : 69;
	69C2 : 69;
	69C3 : 69;
	69C4 : 69;
	69C5 : 69;
	69C6 : 69;
	69C7 : 69;
	69C8 : 68;
	69C9 : 68;
	69CA : 68;
	69CB : 68;
	69CC : 68;
	69CD : 68;
	69CE : 68;
	69CF : 68;
	69D0 : 68;
	69D1 : 68;
	69D2 : 68;
	69D3 : 67;
	69D4 : 67;
	69D5 : 67;
	69D6 : 66;
	69D7 : 66;
	69D8 : 66;
	69D9 : 66;
	69DA : 65;
	69DB : 64;
	69DC : 64;
	69DD : 64;
	69DE : 63;
	69DF : 62;
	69E0 : 62;
	69E1 : 61;
	69E2 : 60;
	69E3 : 5E;
	69E4 : 5C;
	69E5 : 5A;
	69E6 : 58;
	69E7 : 54;
	69E8 : 50;
	69E9 : 00;
	69EA : D0;
	69EB : D8;
	69EC : DC;
	69ED : E0;
	69EE : E2;
	69EF : E4;
	69F0 : E6;
	69F1 : E9;
	69F2 : EB;
	69F3 : ED;
	69F4 : EF;
	69F5 : F0;
	69F6 : F2;
	69F7 : F2;
	69F8 : F4;
	69F9 : F6;
	69FA : F8;
	69FB : F9;
	69FC : FA;
	69FD : FB;
	69FE : FC;
	69FF : 7F;
	6A00 : 6A;
	6A01 : 6A;
	6A02 : 6A;
	6A03 : 6A;
	6A04 : 6A;
	6A05 : 6A;
	6A06 : 6A;
	6A07 : 6A;
	6A08 : 6A;
	6A09 : 6A;
	6A0A : 6A;
	6A0B : 6A;
	6A0C : 6A;
	6A0D : 6A;
	6A0E : 6A;
	6A0F : 6A;
	6A10 : 6A;
	6A11 : 6A;
	6A12 : 6A;
	6A13 : 6A;
	6A14 : 6A;
	6A15 : 6A;
	6A16 : 6A;
	6A17 : 6A;
	6A18 : 6A;
	6A19 : 6A;
	6A1A : 6A;
	6A1B : 6A;
	6A1C : 6A;
	6A1D : 6A;
	6A1E : 6A;
	6A1F : 6A;
	6A20 : 6A;
	6A21 : 6A;
	6A22 : 6A;
	6A23 : 6A;
	6A24 : 6A;
	6A25 : 6A;
	6A26 : 6A;
	6A27 : 6A;
	6A28 : 6A;
	6A29 : 6A;
	6A2A : 6A;
	6A2B : 6A;
	6A2C : 6A;
	6A2D : 6A;
	6A2E : 6A;
	6A2F : 6A;
	6A30 : 6A;
	6A31 : 6A;
	6A32 : 6A;
	6A33 : 6A;
	6A34 : 6A;
	6A35 : 6A;
	6A36 : 6A;
	6A37 : 6A;
	6A38 : 6A;
	6A39 : 6A;
	6A3A : 6A;
	6A3B : 6A;
	6A3C : 6A;
	6A3D : 6A;
	6A3E : 6A;
	6A3F : 6A;
	6A40 : 6A;
	6A41 : 6A;
	6A42 : 6A;
	6A43 : 6A;
	6A44 : 6A;
	6A45 : 6A;
	6A46 : 6A;
	6A47 : 6A;
	6A48 : 6A;
	6A49 : 6B;
	6A4A : 6B;
	6A4B : 6B;
	6A4C : 6B;
	6A4D : 6B;
	6A4E : 6B;
	6A4F : 6B;
	6A50 : 6B;
	6A51 : 6B;
	6A52 : 6B;
	6A53 : 6B;
	6A54 : 6C;
	6A55 : 6C;
	6A56 : 6C;
	6A57 : 6C;
	6A58 : 6C;
	6A59 : 6C;
	6A5A : 6C;
	6A5B : 6D;
	6A5C : 6D;
	6A5D : 6D;
	6A5E : 6E;
	6A5F : 6E;
	6A60 : 6E;
	6A61 : 6E;
	6A62 : 6F;
	6A63 : 70;
	6A64 : 70;
	6A65 : 70;
	6A66 : 70;
	6A67 : 71;
	6A68 : 71;
	6A69 : 72;
	6A6A : 72;
	6A6B : 72;
	6A6C : 73;
	6A6D : 74;
	6A6E : 74;
	6A6F : 74;
	6A70 : 75;
	6A71 : 76;
	6A72 : 77;
	6A73 : 78;
	6A74 : 78;
	6A75 : 79;
	6A76 : 7A;
	6A77 : 7A;
	6A78 : 7A;
	6A79 : 7C;
	6A7A : 7C;
	6A7B : 7E;
	6A7C : 7E;
	6A7D : 7E;
	6A7E : 7E;
	6A7F : 7F;
	6A80 : 6A;
	6A81 : 6A;
	6A82 : 6A;
	6A83 : 6A;
	6A84 : 6A;
	6A85 : 6A;
	6A86 : 6A;
	6A87 : 6A;
	6A88 : 6A;
	6A89 : 6A;
	6A8A : 6A;
	6A8B : 6A;
	6A8C : 6A;
	6A8D : 6A;
	6A8E : 6A;
	6A8F : 6A;
	6A90 : 6A;
	6A91 : 6A;
	6A92 : 6A;
	6A93 : 6A;
	6A94 : 6A;
	6A95 : 6A;
	6A96 : 6A;
	6A97 : 6A;
	6A98 : 6A;
	6A99 : 6A;
	6A9A : 6A;
	6A9B : 6A;
	6A9C : 6A;
	6A9D : 6A;
	6A9E : 6A;
	6A9F : 6A;
	6AA0 : 6A;
	6AA1 : 6A;
	6AA2 : 6A;
	6AA3 : 6A;
	6AA4 : 6A;
	6AA5 : 6A;
	6AA6 : 6A;
	6AA7 : 6A;
	6AA8 : 6A;
	6AA9 : 6A;
	6AAA : 6A;
	6AAB : 6A;
	6AAC : 6A;
	6AAD : 6A;
	6AAE : 6A;
	6AAF : 6A;
	6AB0 : 6A;
	6AB1 : 6A;
	6AB2 : 6A;
	6AB3 : 6A;
	6AB4 : 6A;
	6AB5 : 6A;
	6AB6 : 6A;
	6AB7 : 6A;
	6AB8 : 6A;
	6AB9 : 6A;
	6ABA : 6A;
	6ABB : 6A;
	6ABC : 6A;
	6ABD : 6A;
	6ABE : 6A;
	6ABF : 6A;
	6AC0 : 6A;
	6AC1 : 6A;
	6AC2 : 6A;
	6AC3 : 6A;
	6AC4 : 6A;
	6AC5 : 6A;
	6AC6 : 6A;
	6AC7 : 6A;
	6AC8 : 6A;
	6AC9 : 69;
	6ACA : 69;
	6ACB : 69;
	6ACC : 69;
	6ACD : 69;
	6ACE : 69;
	6ACF : 69;
	6AD0 : 69;
	6AD1 : 69;
	6AD2 : 69;
	6AD3 : 69;
	6AD4 : 68;
	6AD5 : 68;
	6AD6 : 68;
	6AD7 : 68;
	6AD8 : 68;
	6AD9 : 68;
	6ADA : 67;
	6ADB : 66;
	6ADC : 66;
	6ADD : 66;
	6ADE : 65;
	6ADF : 64;
	6AE0 : 64;
	6AE1 : 63;
	6AE2 : 62;
	6AE3 : 61;
	6AE4 : 60;
	6AE5 : 5E;
	6AE6 : 5C;
	6AE7 : 5A;
	6AE8 : 58;
	6AE9 : 50;
	6AEA : 00;
	6AEB : D0;
	6AEC : D8;
	6AED : DC;
	6AEE : E0;
	6AEF : E2;
	6AF0 : E4;
	6AF1 : E8;
	6AF2 : EA;
	6AF3 : EC;
	6AF4 : EE;
	6AF5 : F0;
	6AF6 : F1;
	6AF7 : F2;
	6AF8 : F3;
	6AF9 : F5;
	6AFA : F7;
	6AFB : F8;
	6AFC : FA;
	6AFD : FA;
	6AFE : FC;
	6AFF : 7F;
	6B00 : 6B;
	6B01 : 6B;
	6B02 : 6B;
	6B03 : 6B;
	6B04 : 6B;
	6B05 : 6B;
	6B06 : 6B;
	6B07 : 6B;
	6B08 : 6B;
	6B09 : 6B;
	6B0A : 6B;
	6B0B : 6B;
	6B0C : 6B;
	6B0D : 6B;
	6B0E : 6B;
	6B0F : 6B;
	6B10 : 6B;
	6B11 : 6B;
	6B12 : 6B;
	6B13 : 6B;
	6B14 : 6B;
	6B15 : 6B;
	6B16 : 6B;
	6B17 : 6B;
	6B18 : 6B;
	6B19 : 6B;
	6B1A : 6B;
	6B1B : 6B;
	6B1C : 6B;
	6B1D : 6B;
	6B1E : 6B;
	6B1F : 6B;
	6B20 : 6B;
	6B21 : 6B;
	6B22 : 6B;
	6B23 : 6B;
	6B24 : 6B;
	6B25 : 6B;
	6B26 : 6B;
	6B27 : 6B;
	6B28 : 6B;
	6B29 : 6B;
	6B2A : 6B;
	6B2B : 6B;
	6B2C : 6B;
	6B2D : 6B;
	6B2E : 6B;
	6B2F : 6B;
	6B30 : 6B;
	6B31 : 6B;
	6B32 : 6B;
	6B33 : 6B;
	6B34 : 6B;
	6B35 : 6B;
	6B36 : 6B;
	6B37 : 6B;
	6B38 : 6B;
	6B39 : 6B;
	6B3A : 6B;
	6B3B : 6B;
	6B3C : 6B;
	6B3D : 6B;
	6B3E : 6B;
	6B3F : 6B;
	6B40 : 6B;
	6B41 : 6B;
	6B42 : 6B;
	6B43 : 6B;
	6B44 : 6B;
	6B45 : 6B;
	6B46 : 6B;
	6B47 : 6B;
	6B48 : 6C;
	6B49 : 6C;
	6B4A : 6C;
	6B4B : 6C;
	6B4C : 6C;
	6B4D : 6C;
	6B4E : 6C;
	6B4F : 6C;
	6B50 : 6C;
	6B51 : 6C;
	6B52 : 6C;
	6B53 : 6C;
	6B54 : 6C;
	6B55 : 6D;
	6B56 : 6D;
	6B57 : 6D;
	6B58 : 6D;
	6B59 : 6D;
	6B5A : 6E;
	6B5B : 6E;
	6B5C : 6E;
	6B5D : 6E;
	6B5E : 6E;
	6B5F : 6F;
	6B60 : 6F;
	6B61 : 70;
	6B62 : 70;
	6B63 : 70;
	6B64 : 70;
	6B65 : 71;
	6B66 : 71;
	6B67 : 71;
	6B68 : 72;
	6B69 : 72;
	6B6A : 72;
	6B6B : 73;
	6B6C : 74;
	6B6D : 74;
	6B6E : 74;
	6B6F : 75;
	6B70 : 76;
	6B71 : 76;
	6B72 : 78;
	6B73 : 78;
	6B74 : 79;
	6B75 : 79;
	6B76 : 7A;
	6B77 : 7A;
	6B78 : 7B;
	6B79 : 7C;
	6B7A : 7D;
	6B7B : 7E;
	6B7C : 7E;
	6B7D : 7E;
	6B7E : 7E;
	6B7F : 7F;
	6B80 : 6B;
	6B81 : 6B;
	6B82 : 6B;
	6B83 : 6B;
	6B84 : 6B;
	6B85 : 6B;
	6B86 : 6B;
	6B87 : 6B;
	6B88 : 6B;
	6B89 : 6B;
	6B8A : 6B;
	6B8B : 6B;
	6B8C : 6B;
	6B8D : 6B;
	6B8E : 6B;
	6B8F : 6B;
	6B90 : 6B;
	6B91 : 6B;
	6B92 : 6B;
	6B93 : 6B;
	6B94 : 6B;
	6B95 : 6B;
	6B96 : 6B;
	6B97 : 6B;
	6B98 : 6B;
	6B99 : 6B;
	6B9A : 6B;
	6B9B : 6B;
	6B9C : 6B;
	6B9D : 6B;
	6B9E : 6B;
	6B9F : 6B;
	6BA0 : 6B;
	6BA1 : 6B;
	6BA2 : 6B;
	6BA3 : 6B;
	6BA4 : 6B;
	6BA5 : 6B;
	6BA6 : 6B;
	6BA7 : 6B;
	6BA8 : 6B;
	6BA9 : 6B;
	6BAA : 6B;
	6BAB : 6B;
	6BAC : 6B;
	6BAD : 6B;
	6BAE : 6B;
	6BAF : 6B;
	6BB0 : 6B;
	6BB1 : 6B;
	6BB2 : 6B;
	6BB3 : 6B;
	6BB4 : 6B;
	6BB5 : 6B;
	6BB6 : 6B;
	6BB7 : 6B;
	6BB8 : 6B;
	6BB9 : 6B;
	6BBA : 6B;
	6BBB : 6B;
	6BBC : 6B;
	6BBD : 6B;
	6BBE : 6B;
	6BBF : 6B;
	6BC0 : 6B;
	6BC1 : 6B;
	6BC2 : 6B;
	6BC3 : 6B;
	6BC4 : 6B;
	6BC5 : 6B;
	6BC6 : 6B;
	6BC7 : 6B;
	6BC8 : 6A;
	6BC9 : 6A;
	6BCA : 6A;
	6BCB : 6A;
	6BCC : 6A;
	6BCD : 6A;
	6BCE : 6A;
	6BCF : 6A;
	6BD0 : 6A;
	6BD1 : 6A;
	6BD2 : 6A;
	6BD3 : 6A;
	6BD4 : 6A;
	6BD5 : 69;
	6BD6 : 69;
	6BD7 : 69;
	6BD8 : 69;
	6BD9 : 69;
	6BDA : 68;
	6BDB : 68;
	6BDC : 68;
	6BDD : 68;
	6BDE : 67;
	6BDF : 66;
	6BE0 : 66;
	6BE1 : 65;
	6BE2 : 64;
	6BE3 : 63;
	6BE4 : 62;
	6BE5 : 61;
	6BE6 : 60;
	6BE7 : 5E;
	6BE8 : 5C;
	6BE9 : 58;
	6BEA : 50;
	6BEB : 00;
	6BEC : D0;
	6BED : D8;
	6BEE : DC;
	6BEF : E0;
	6BF0 : E2;
	6BF1 : E6;
	6BF2 : E9;
	6BF3 : EB;
	6BF4 : ED;
	6BF5 : EF;
	6BF6 : F0;
	6BF7 : F2;
	6BF8 : F2;
	6BF9 : F4;
	6BFA : F6;
	6BFB : F8;
	6BFC : F9;
	6BFD : FA;
	6BFE : FB;
	6BFF : 7F;
	6C00 : 6C;
	6C01 : 6C;
	6C02 : 6C;
	6C03 : 6C;
	6C04 : 6C;
	6C05 : 6C;
	6C06 : 6C;
	6C07 : 6C;
	6C08 : 6C;
	6C09 : 6C;
	6C0A : 6C;
	6C0B : 6C;
	6C0C : 6C;
	6C0D : 6C;
	6C0E : 6C;
	6C0F : 6C;
	6C10 : 6C;
	6C11 : 6C;
	6C12 : 6C;
	6C13 : 6C;
	6C14 : 6C;
	6C15 : 6C;
	6C16 : 6C;
	6C17 : 6C;
	6C18 : 6C;
	6C19 : 6C;
	6C1A : 6C;
	6C1B : 6C;
	6C1C : 6C;
	6C1D : 6C;
	6C1E : 6C;
	6C1F : 6C;
	6C20 : 6C;
	6C21 : 6C;
	6C22 : 6C;
	6C23 : 6C;
	6C24 : 6C;
	6C25 : 6C;
	6C26 : 6C;
	6C27 : 6C;
	6C28 : 6C;
	6C29 : 6C;
	6C2A : 6C;
	6C2B : 6C;
	6C2C : 6C;
	6C2D : 6C;
	6C2E : 6C;
	6C2F : 6C;
	6C30 : 6C;
	6C31 : 6C;
	6C32 : 6C;
	6C33 : 6C;
	6C34 : 6C;
	6C35 : 6C;
	6C36 : 6C;
	6C37 : 6C;
	6C38 : 6C;
	6C39 : 6C;
	6C3A : 6C;
	6C3B : 6C;
	6C3C : 6C;
	6C3D : 6C;
	6C3E : 6C;
	6C3F : 6C;
	6C40 : 6C;
	6C41 : 6C;
	6C42 : 6C;
	6C43 : 6C;
	6C44 : 6C;
	6C45 : 6C;
	6C46 : 6C;
	6C47 : 6C;
	6C48 : 6C;
	6C49 : 6D;
	6C4A : 6D;
	6C4B : 6D;
	6C4C : 6D;
	6C4D : 6D;
	6C4E : 6D;
	6C4F : 6D;
	6C50 : 6D;
	6C51 : 6D;
	6C52 : 6D;
	6C53 : 6D;
	6C54 : 6E;
	6C55 : 6E;
	6C56 : 6E;
	6C57 : 6E;
	6C58 : 6E;
	6C59 : 6E;
	6C5A : 6E;
	6C5B : 6F;
	6C5C : 6F;
	6C5D : 6F;
	6C5E : 70;
	6C5F : 70;
	6C60 : 70;
	6C61 : 70;
	6C62 : 70;
	6C63 : 71;
	6C64 : 71;
	6C65 : 71;
	6C66 : 72;
	6C67 : 72;
	6C68 : 72;
	6C69 : 72;
	6C6A : 73;
	6C6B : 74;
	6C6C : 74;
	6C6D : 74;
	6C6E : 75;
	6C6F : 76;
	6C70 : 76;
	6C71 : 77;
	6C72 : 78;
	6C73 : 78;
	6C74 : 79;
	6C75 : 7A;
	6C76 : 7A;
	6C77 : 7A;
	6C78 : 7B;
	6C79 : 7C;
	6C7A : 7D;
	6C7B : 7E;
	6C7C : 7E;
	6C7D : 7E;
	6C7E : 7E;
	6C7F : 7F;
	6C80 : 6C;
	6C81 : 6C;
	6C82 : 6C;
	6C83 : 6C;
	6C84 : 6C;
	6C85 : 6C;
	6C86 : 6C;
	6C87 : 6C;
	6C88 : 6C;
	6C89 : 6C;
	6C8A : 6C;
	6C8B : 6C;
	6C8C : 6C;
	6C8D : 6C;
	6C8E : 6C;
	6C8F : 6C;
	6C90 : 6C;
	6C91 : 6C;
	6C92 : 6C;
	6C93 : 6C;
	6C94 : 6C;
	6C95 : 6C;
	6C96 : 6C;
	6C97 : 6C;
	6C98 : 6C;
	6C99 : 6C;
	6C9A : 6C;
	6C9B : 6C;
	6C9C : 6C;
	6C9D : 6C;
	6C9E : 6C;
	6C9F : 6C;
	6CA0 : 6C;
	6CA1 : 6C;
	6CA2 : 6C;
	6CA3 : 6C;
	6CA4 : 6C;
	6CA5 : 6C;
	6CA6 : 6C;
	6CA7 : 6C;
	6CA8 : 6C;
	6CA9 : 6C;
	6CAA : 6C;
	6CAB : 6C;
	6CAC : 6C;
	6CAD : 6C;
	6CAE : 6C;
	6CAF : 6C;
	6CB0 : 6C;
	6CB1 : 6C;
	6CB2 : 6C;
	6CB3 : 6C;
	6CB4 : 6C;
	6CB5 : 6C;
	6CB6 : 6C;
	6CB7 : 6C;
	6CB8 : 6C;
	6CB9 : 6C;
	6CBA : 6C;
	6CBB : 6C;
	6CBC : 6C;
	6CBD : 6C;
	6CBE : 6C;
	6CBF : 6C;
	6CC0 : 6C;
	6CC1 : 6C;
	6CC2 : 6C;
	6CC3 : 6C;
	6CC4 : 6C;
	6CC5 : 6C;
	6CC6 : 6C;
	6CC7 : 6C;
	6CC8 : 6C;
	6CC9 : 6B;
	6CCA : 6B;
	6CCB : 6B;
	6CCC : 6B;
	6CCD : 6B;
	6CCE : 6B;
	6CCF : 6B;
	6CD0 : 6B;
	6CD1 : 6B;
	6CD2 : 6B;
	6CD3 : 6B;
	6CD4 : 6A;
	6CD5 : 6A;
	6CD6 : 6A;
	6CD7 : 6A;
	6CD8 : 6A;
	6CD9 : 6A;
	6CDA : 6A;
	6CDB : 69;
	6CDC : 69;
	6CDD : 69;
	6CDE : 68;
	6CDF : 68;
	6CE0 : 68;
	6CE1 : 67;
	6CE2 : 66;
	6CE3 : 65;
	6CE4 : 64;
	6CE5 : 63;
	6CE6 : 62;
	6CE7 : 61;
	6CE8 : 60;
	6CE9 : 5C;
	6CEA : 58;
	6CEB : 50;
	6CEC : 00;
	6CED : D0;
	6CEE : D8;
	6CEF : DC;
	6CF0 : E0;
	6CF1 : E4;
	6CF2 : E8;
	6CF3 : EA;
	6CF4 : EC;
	6CF5 : EE;
	6CF6 : F0;
	6CF7 : F1;
	6CF8 : F2;
	6CF9 : F4;
	6CFA : F6;
	6CFB : F8;
	6CFC : F9;
	6CFD : FA;
	6CFE : FB;
	6CFF : 7F;
	6D00 : 6D;
	6D01 : 6D;
	6D02 : 6D;
	6D03 : 6D;
	6D04 : 6D;
	6D05 : 6D;
	6D06 : 6D;
	6D07 : 6D;
	6D08 : 6D;
	6D09 : 6D;
	6D0A : 6D;
	6D0B : 6D;
	6D0C : 6D;
	6D0D : 6D;
	6D0E : 6D;
	6D0F : 6D;
	6D10 : 6D;
	6D11 : 6D;
	6D12 : 6D;
	6D13 : 6D;
	6D14 : 6D;
	6D15 : 6D;
	6D16 : 6D;
	6D17 : 6D;
	6D18 : 6D;
	6D19 : 6D;
	6D1A : 6D;
	6D1B : 6D;
	6D1C : 6D;
	6D1D : 6D;
	6D1E : 6D;
	6D1F : 6D;
	6D20 : 6D;
	6D21 : 6D;
	6D22 : 6D;
	6D23 : 6D;
	6D24 : 6D;
	6D25 : 6D;
	6D26 : 6D;
	6D27 : 6D;
	6D28 : 6D;
	6D29 : 6D;
	6D2A : 6D;
	6D2B : 6D;
	6D2C : 6D;
	6D2D : 6D;
	6D2E : 6D;
	6D2F : 6D;
	6D30 : 6D;
	6D31 : 6D;
	6D32 : 6D;
	6D33 : 6D;
	6D34 : 6D;
	6D35 : 6D;
	6D36 : 6D;
	6D37 : 6D;
	6D38 : 6D;
	6D39 : 6D;
	6D3A : 6D;
	6D3B : 6D;
	6D3C : 6D;
	6D3D : 6D;
	6D3E : 6D;
	6D3F : 6D;
	6D40 : 6D;
	6D41 : 6D;
	6D42 : 6D;
	6D43 : 6D;
	6D44 : 6D;
	6D45 : 6D;
	6D46 : 6D;
	6D47 : 6D;
	6D48 : 6E;
	6D49 : 6E;
	6D4A : 6E;
	6D4B : 6E;
	6D4C : 6E;
	6D4D : 6E;
	6D4E : 6E;
	6D4F : 6E;
	6D50 : 6E;
	6D51 : 6E;
	6D52 : 6E;
	6D53 : 6E;
	6D54 : 6E;
	6D55 : 6F;
	6D56 : 6F;
	6D57 : 6F;
	6D58 : 6F;
	6D59 : 6F;
	6D5A : 70;
	6D5B : 70;
	6D5C : 70;
	6D5D : 70;
	6D5E : 70;
	6D5F : 70;
	6D60 : 70;
	6D61 : 71;
	6D62 : 71;
	6D63 : 71;
	6D64 : 72;
	6D65 : 72;
	6D66 : 72;
	6D67 : 72;
	6D68 : 72;
	6D69 : 73;
	6D6A : 74;
	6D6B : 74;
	6D6C : 74;
	6D6D : 75;
	6D6E : 76;
	6D6F : 76;
	6D70 : 76;
	6D71 : 78;
	6D72 : 78;
	6D73 : 79;
	6D74 : 79;
	6D75 : 7A;
	6D76 : 7A;
	6D77 : 7B;
	6D78 : 7B;
	6D79 : 7C;
	6D7A : 7D;
	6D7B : 7E;
	6D7C : 7E;
	6D7D : 7E;
	6D7E : 7E;
	6D7F : 7F;
	6D80 : 6D;
	6D81 : 6D;
	6D82 : 6D;
	6D83 : 6D;
	6D84 : 6D;
	6D85 : 6D;
	6D86 : 6D;
	6D87 : 6D;
	6D88 : 6D;
	6D89 : 6D;
	6D8A : 6D;
	6D8B : 6D;
	6D8C : 6D;
	6D8D : 6D;
	6D8E : 6D;
	6D8F : 6D;
	6D90 : 6D;
	6D91 : 6D;
	6D92 : 6D;
	6D93 : 6D;
	6D94 : 6D;
	6D95 : 6D;
	6D96 : 6D;
	6D97 : 6D;
	6D98 : 6D;
	6D99 : 6D;
	6D9A : 6D;
	6D9B : 6D;
	6D9C : 6D;
	6D9D : 6D;
	6D9E : 6D;
	6D9F : 6D;
	6DA0 : 6D;
	6DA1 : 6D;
	6DA2 : 6D;
	6DA3 : 6D;
	6DA4 : 6D;
	6DA5 : 6D;
	6DA6 : 6D;
	6DA7 : 6D;
	6DA8 : 6D;
	6DA9 : 6D;
	6DAA : 6D;
	6DAB : 6D;
	6DAC : 6D;
	6DAD : 6D;
	6DAE : 6D;
	6DAF : 6D;
	6DB0 : 6D;
	6DB1 : 6D;
	6DB2 : 6D;
	6DB3 : 6D;
	6DB4 : 6D;
	6DB5 : 6D;
	6DB6 : 6D;
	6DB7 : 6D;
	6DB8 : 6D;
	6DB9 : 6D;
	6DBA : 6D;
	6DBB : 6D;
	6DBC : 6D;
	6DBD : 6D;
	6DBE : 6D;
	6DBF : 6D;
	6DC0 : 6D;
	6DC1 : 6D;
	6DC2 : 6D;
	6DC3 : 6D;
	6DC4 : 6D;
	6DC5 : 6D;
	6DC6 : 6D;
	6DC7 : 6D;
	6DC8 : 6C;
	6DC9 : 6C;
	6DCA : 6C;
	6DCB : 6C;
	6DCC : 6C;
	6DCD : 6C;
	6DCE : 6C;
	6DCF : 6C;
	6DD0 : 6C;
	6DD1 : 6C;
	6DD2 : 6C;
	6DD3 : 6C;
	6DD4 : 6C;
	6DD5 : 6B;
	6DD6 : 6B;
	6DD7 : 6B;
	6DD8 : 6B;
	6DD9 : 6B;
	6DDA : 6A;
	6DDB : 6A;
	6DDC : 6A;
	6DDD : 6A;
	6DDE : 6A;
	6DDF : 69;
	6DE0 : 69;
	6DE1 : 68;
	6DE2 : 68;
	6DE3 : 67;
	6DE4 : 66;
	6DE5 : 65;
	6DE6 : 64;
	6DE7 : 63;
	6DE8 : 62;
	6DE9 : 60;
	6DEA : 5C;
	6DEB : 58;
	6DEC : 50;
	6DED : 00;
	6DEE : D0;
	6DEF : D8;
	6DF0 : DC;
	6DF1 : E2;
	6DF2 : E6;
	6DF3 : E9;
	6DF4 : EB;
	6DF5 : ED;
	6DF6 : EF;
	6DF7 : F0;
	6DF8 : F2;
	6DF9 : F4;
	6DFA : F6;
	6DFB : F8;
	6DFC : F9;
	6DFD : FA;
	6DFE : FB;
	6DFF : 7F;
	6E00 : 6E;
	6E01 : 6E;
	6E02 : 6E;
	6E03 : 6E;
	6E04 : 6E;
	6E05 : 6E;
	6E06 : 6E;
	6E07 : 6E;
	6E08 : 6E;
	6E09 : 6E;
	6E0A : 6E;
	6E0B : 6E;
	6E0C : 6E;
	6E0D : 6E;
	6E0E : 6E;
	6E0F : 6E;
	6E10 : 6E;
	6E11 : 6E;
	6E12 : 6E;
	6E13 : 6E;
	6E14 : 6E;
	6E15 : 6E;
	6E16 : 6E;
	6E17 : 6E;
	6E18 : 6E;
	6E19 : 6E;
	6E1A : 6E;
	6E1B : 6E;
	6E1C : 6E;
	6E1D : 6E;
	6E1E : 6E;
	6E1F : 6E;
	6E20 : 6E;
	6E21 : 6E;
	6E22 : 6E;
	6E23 : 6E;
	6E24 : 6E;
	6E25 : 6E;
	6E26 : 6E;
	6E27 : 6E;
	6E28 : 6E;
	6E29 : 6E;
	6E2A : 6E;
	6E2B : 6E;
	6E2C : 6E;
	6E2D : 6E;
	6E2E : 6E;
	6E2F : 6E;
	6E30 : 6E;
	6E31 : 6E;
	6E32 : 6E;
	6E33 : 6E;
	6E34 : 6E;
	6E35 : 6E;
	6E36 : 6E;
	6E37 : 6E;
	6E38 : 6E;
	6E39 : 6E;
	6E3A : 6E;
	6E3B : 6E;
	6E3C : 6E;
	6E3D : 6E;
	6E3E : 6E;
	6E3F : 6E;
	6E40 : 6E;
	6E41 : 6E;
	6E42 : 6E;
	6E43 : 6E;
	6E44 : 6E;
	6E45 : 6E;
	6E46 : 6E;
	6E47 : 6E;
	6E48 : 6E;
	6E49 : 6F;
	6E4A : 6F;
	6E4B : 6F;
	6E4C : 6F;
	6E4D : 6F;
	6E4E : 6F;
	6E4F : 6F;
	6E50 : 6F;
	6E51 : 6F;
	6E52 : 6F;
	6E53 : 6F;
	6E54 : 70;
	6E55 : 70;
	6E56 : 70;
	6E57 : 70;
	6E58 : 70;
	6E59 : 70;
	6E5A : 70;
	6E5B : 70;
	6E5C : 70;
	6E5D : 71;
	6E5E : 71;
	6E5F : 71;
	6E60 : 71;
	6E61 : 71;
	6E62 : 72;
	6E63 : 72;
	6E64 : 72;
	6E65 : 72;
	6E66 : 72;
	6E67 : 73;
	6E68 : 73;
	6E69 : 74;
	6E6A : 74;
	6E6B : 74;
	6E6C : 75;
	6E6D : 76;
	6E6E : 76;
	6E6F : 76;
	6E70 : 77;
	6E71 : 78;
	6E72 : 78;
	6E73 : 79;
	6E74 : 7A;
	6E75 : 7A;
	6E76 : 7A;
	6E77 : 7B;
	6E78 : 7C;
	6E79 : 7C;
	6E7A : 7E;
	6E7B : 7E;
	6E7C : 7E;
	6E7D : 7E;
	6E7E : 7E;
	6E7F : 7F;
	6E80 : 6E;
	6E81 : 6E;
	6E82 : 6E;
	6E83 : 6E;
	6E84 : 6E;
	6E85 : 6E;
	6E86 : 6E;
	6E87 : 6E;
	6E88 : 6E;
	6E89 : 6E;
	6E8A : 6E;
	6E8B : 6E;
	6E8C : 6E;
	6E8D : 6E;
	6E8E : 6E;
	6E8F : 6E;
	6E90 : 6E;
	6E91 : 6E;
	6E92 : 6E;
	6E93 : 6E;
	6E94 : 6E;
	6E95 : 6E;
	6E96 : 6E;
	6E97 : 6E;
	6E98 : 6E;
	6E99 : 6E;
	6E9A : 6E;
	6E9B : 6E;
	6E9C : 6E;
	6E9D : 6E;
	6E9E : 6E;
	6E9F : 6E;
	6EA0 : 6E;
	6EA1 : 6E;
	6EA2 : 6E;
	6EA3 : 6E;
	6EA4 : 6E;
	6EA5 : 6E;
	6EA6 : 6E;
	6EA7 : 6E;
	6EA8 : 6E;
	6EA9 : 6E;
	6EAA : 6E;
	6EAB : 6E;
	6EAC : 6E;
	6EAD : 6E;
	6EAE : 6E;
	6EAF : 6E;
	6EB0 : 6E;
	6EB1 : 6E;
	6EB2 : 6E;
	6EB3 : 6E;
	6EB4 : 6E;
	6EB5 : 6E;
	6EB6 : 6E;
	6EB7 : 6E;
	6EB8 : 6E;
	6EB9 : 6E;
	6EBA : 6E;
	6EBB : 6E;
	6EBC : 6E;
	6EBD : 6E;
	6EBE : 6E;
	6EBF : 6E;
	6EC0 : 6E;
	6EC1 : 6E;
	6EC2 : 6E;
	6EC3 : 6E;
	6EC4 : 6E;
	6EC5 : 6E;
	6EC6 : 6E;
	6EC7 : 6E;
	6EC8 : 6E;
	6EC9 : 6D;
	6ECA : 6D;
	6ECB : 6D;
	6ECC : 6D;
	6ECD : 6D;
	6ECE : 6D;
	6ECF : 6D;
	6ED0 : 6D;
	6ED1 : 6D;
	6ED2 : 6D;
	6ED3 : 6D;
	6ED4 : 6C;
	6ED5 : 6C;
	6ED6 : 6C;
	6ED7 : 6C;
	6ED8 : 6C;
	6ED9 : 6C;
	6EDA : 6C;
	6EDB : 6B;
	6EDC : 6B;
	6EDD : 6B;
	6EDE : 6A;
	6EDF : 6A;
	6EE0 : 6A;
	6EE1 : 6A;
	6EE2 : 69;
	6EE3 : 68;
	6EE4 : 68;
	6EE5 : 67;
	6EE6 : 66;
	6EE7 : 65;
	6EE8 : 64;
	6EE9 : 62;
	6EEA : 60;
	6EEB : 5C;
	6EEC : 58;
	6EED : 50;
	6EEE : 00;
	6EEF : D0;
	6EF0 : D8;
	6EF1 : E0;
	6EF2 : E4;
	6EF3 : E8;
	6EF4 : EA;
	6EF5 : EC;
	6EF6 : EE;
	6EF7 : F0;
	6EF8 : F1;
	6EF9 : F3;
	6EFA : F5;
	6EFB : F7;
	6EFC : F8;
	6EFD : FA;
	6EFE : FA;
	6EFF : 7F;
	6F00 : 6F;
	6F01 : 6F;
	6F02 : 6F;
	6F03 : 6F;
	6F04 : 6F;
	6F05 : 6F;
	6F06 : 6F;
	6F07 : 6F;
	6F08 : 6F;
	6F09 : 6F;
	6F0A : 6F;
	6F0B : 6F;
	6F0C : 6F;
	6F0D : 6F;
	6F0E : 6F;
	6F0F : 6F;
	6F10 : 6F;
	6F11 : 6F;
	6F12 : 6F;
	6F13 : 6F;
	6F14 : 6F;
	6F15 : 6F;
	6F16 : 6F;
	6F17 : 6F;
	6F18 : 6F;
	6F19 : 6F;
	6F1A : 6F;
	6F1B : 6F;
	6F1C : 6F;
	6F1D : 6F;
	6F1E : 6F;
	6F1F : 6F;
	6F20 : 6F;
	6F21 : 6F;
	6F22 : 6F;
	6F23 : 6F;
	6F24 : 6F;
	6F25 : 6F;
	6F26 : 6F;
	6F27 : 6F;
	6F28 : 6F;
	6F29 : 6F;
	6F2A : 6F;
	6F2B : 6F;
	6F2C : 6F;
	6F2D : 6F;
	6F2E : 6F;
	6F2F : 6F;
	6F30 : 6F;
	6F31 : 6F;
	6F32 : 6F;
	6F33 : 6F;
	6F34 : 6F;
	6F35 : 6F;
	6F36 : 6F;
	6F37 : 6F;
	6F38 : 6F;
	6F39 : 6F;
	6F3A : 6F;
	6F3B : 6F;
	6F3C : 6F;
	6F3D : 6F;
	6F3E : 6F;
	6F3F : 6F;
	6F40 : 6F;
	6F41 : 6F;
	6F42 : 6F;
	6F43 : 6F;
	6F44 : 6F;
	6F45 : 6F;
	6F46 : 6F;
	6F47 : 6F;
	6F48 : 70;
	6F49 : 70;
	6F4A : 70;
	6F4B : 70;
	6F4C : 70;
	6F4D : 70;
	6F4E : 70;
	6F4F : 70;
	6F50 : 70;
	6F51 : 70;
	6F52 : 70;
	6F53 : 70;
	6F54 : 70;
	6F55 : 70;
	6F56 : 70;
	6F57 : 70;
	6F58 : 70;
	6F59 : 71;
	6F5A : 71;
	6F5B : 71;
	6F5C : 71;
	6F5D : 71;
	6F5E : 71;
	6F5F : 71;
	6F60 : 72;
	6F61 : 72;
	6F62 : 72;
	6F63 : 72;
	6F64 : 72;
	6F65 : 73;
	6F66 : 73;
	6F67 : 73;
	6F68 : 74;
	6F69 : 74;
	6F6A : 74;
	6F6B : 75;
	6F6C : 76;
	6F6D : 76;
	6F6E : 76;
	6F6F : 77;
	6F70 : 78;
	6F71 : 78;
	6F72 : 79;
	6F73 : 79;
	6F74 : 7A;
	6F75 : 7A;
	6F76 : 7B;
	6F77 : 7B;
	6F78 : 7C;
	6F79 : 7D;
	6F7A : 7E;
	6F7B : 7E;
	6F7C : 7E;
	6F7D : 7E;
	6F7E : 7E;
	6F7F : 7F;
	6F80 : 6F;
	6F81 : 6F;
	6F82 : 6F;
	6F83 : 6F;
	6F84 : 6F;
	6F85 : 6F;
	6F86 : 6F;
	6F87 : 6F;
	6F88 : 6F;
	6F89 : 6F;
	6F8A : 6F;
	6F8B : 6F;
	6F8C : 6F;
	6F8D : 6F;
	6F8E : 6F;
	6F8F : 6F;
	6F90 : 6F;
	6F91 : 6F;
	6F92 : 6F;
	6F93 : 6F;
	6F94 : 6F;
	6F95 : 6F;
	6F96 : 6F;
	6F97 : 6F;
	6F98 : 6F;
	6F99 : 6F;
	6F9A : 6F;
	6F9B : 6F;
	6F9C : 6F;
	6F9D : 6F;
	6F9E : 6F;
	6F9F : 6F;
	6FA0 : 6F;
	6FA1 : 6F;
	6FA2 : 6F;
	6FA3 : 6F;
	6FA4 : 6F;
	6FA5 : 6F;
	6FA6 : 6F;
	6FA7 : 6F;
	6FA8 : 6F;
	6FA9 : 6F;
	6FAA : 6F;
	6FAB : 6F;
	6FAC : 6F;
	6FAD : 6F;
	6FAE : 6F;
	6FAF : 6F;
	6FB0 : 6F;
	6FB1 : 6F;
	6FB2 : 6F;
	6FB3 : 6F;
	6FB4 : 6F;
	6FB5 : 6F;
	6FB6 : 6F;
	6FB7 : 6F;
	6FB8 : 6F;
	6FB9 : 6F;
	6FBA : 6F;
	6FBB : 6F;
	6FBC : 6F;
	6FBD : 6F;
	6FBE : 6F;
	6FBF : 6F;
	6FC0 : 6F;
	6FC1 : 6F;
	6FC2 : 6F;
	6FC3 : 6F;
	6FC4 : 6F;
	6FC5 : 6F;
	6FC6 : 6F;
	6FC7 : 6F;
	6FC8 : 6E;
	6FC9 : 6E;
	6FCA : 6E;
	6FCB : 6E;
	6FCC : 6E;
	6FCD : 6E;
	6FCE : 6E;
	6FCF : 6E;
	6FD0 : 6E;
	6FD1 : 6E;
	6FD2 : 6E;
	6FD3 : 6E;
	6FD4 : 6E;
	6FD5 : 6D;
	6FD6 : 6D;
	6FD7 : 6D;
	6FD8 : 6D;
	6FD9 : 6D;
	6FDA : 6C;
	6FDB : 6C;
	6FDC : 6C;
	6FDD : 6C;
	6FDE : 6C;
	6FDF : 6B;
	6FE0 : 6B;
	6FE1 : 6A;
	6FE2 : 6A;
	6FE3 : 6A;
	6FE4 : 69;
	6FE5 : 68;
	6FE6 : 68;
	6FE7 : 67;
	6FE8 : 66;
	6FE9 : 64;
	6FEA : 62;
	6FEB : 60;
	6FEC : 5C;
	6FED : 58;
	6FEE : 50;
	6FEF : 00;
	6FF0 : D0;
	6FF1 : DC;
	6FF2 : E2;
	6FF3 : E6;
	6FF4 : E9;
	6FF5 : EB;
	6FF6 : ED;
	6FF7 : EF;
	6FF8 : F0;
	6FF9 : F2;
	6FFA : F4;
	6FFB : F6;
	6FFC : F8;
	6FFD : F9;
	6FFE : FA;
	6FFF : 7F;
	7000 : 70;
	7001 : 70;
	7002 : 70;
	7003 : 70;
	7004 : 70;
	7005 : 70;
	7006 : 70;
	7007 : 70;
	7008 : 70;
	7009 : 70;
	700A : 70;
	700B : 70;
	700C : 70;
	700D : 70;
	700E : 70;
	700F : 70;
	7010 : 70;
	7011 : 70;
	7012 : 70;
	7013 : 70;
	7014 : 70;
	7015 : 70;
	7016 : 70;
	7017 : 70;
	7018 : 70;
	7019 : 70;
	701A : 70;
	701B : 70;
	701C : 70;
	701D : 70;
	701E : 70;
	701F : 70;
	7020 : 70;
	7021 : 70;
	7022 : 70;
	7023 : 70;
	7024 : 70;
	7025 : 70;
	7026 : 70;
	7027 : 70;
	7028 : 70;
	7029 : 70;
	702A : 70;
	702B : 70;
	702C : 70;
	702D : 70;
	702E : 70;
	702F : 70;
	7030 : 70;
	7031 : 70;
	7032 : 70;
	7033 : 70;
	7034 : 70;
	7035 : 70;
	7036 : 70;
	7037 : 70;
	7038 : 70;
	7039 : 70;
	703A : 70;
	703B : 70;
	703C : 70;
	703D : 70;
	703E : 70;
	703F : 70;
	7040 : 70;
	7041 : 70;
	7042 : 70;
	7043 : 70;
	7044 : 70;
	7045 : 70;
	7046 : 70;
	7047 : 70;
	7048 : 70;
	7049 : 70;
	704A : 70;
	704B : 70;
	704C : 70;
	704D : 70;
	704E : 70;
	704F : 70;
	7050 : 70;
	7051 : 71;
	7052 : 71;
	7053 : 71;
	7054 : 71;
	7055 : 71;
	7056 : 71;
	7057 : 71;
	7058 : 71;
	7059 : 71;
	705A : 71;
	705B : 71;
	705C : 72;
	705D : 72;
	705E : 72;
	705F : 72;
	7060 : 72;
	7061 : 72;
	7062 : 72;
	7063 : 73;
	7064 : 73;
	7065 : 73;
	7066 : 74;
	7067 : 74;
	7068 : 74;
	7069 : 74;
	706A : 75;
	706B : 76;
	706C : 76;
	706D : 76;
	706E : 77;
	706F : 78;
	7070 : 78;
	7071 : 78;
	7072 : 79;
	7073 : 7A;
	7074 : 7A;
	7075 : 7A;
	7076 : 7B;
	7077 : 7C;
	7078 : 7C;
	7079 : 7D;
	707A : 7E;
	707B : 7E;
	707C : 7E;
	707D : 7E;
	707E : 7E;
	707F : 7F;
	7080 : 70;
	7081 : 70;
	7082 : 70;
	7083 : 70;
	7084 : 70;
	7085 : 70;
	7086 : 70;
	7087 : 70;
	7088 : 70;
	7089 : 70;
	708A : 70;
	708B : 70;
	708C : 70;
	708D : 70;
	708E : 70;
	708F : 70;
	7090 : 70;
	7091 : 70;
	7092 : 70;
	7093 : 70;
	7094 : 70;
	7095 : 70;
	7096 : 70;
	7097 : 70;
	7098 : 70;
	7099 : 70;
	709A : 70;
	709B : 70;
	709C : 70;
	709D : 70;
	709E : 70;
	709F : 70;
	70A0 : 70;
	70A1 : 70;
	70A2 : 70;
	70A3 : 70;
	70A4 : 70;
	70A5 : 70;
	70A6 : 70;
	70A7 : 70;
	70A8 : 70;
	70A9 : 70;
	70AA : 70;
	70AB : 70;
	70AC : 70;
	70AD : 70;
	70AE : 70;
	70AF : 70;
	70B0 : 70;
	70B1 : 70;
	70B2 : 70;
	70B3 : 70;
	70B4 : 70;
	70B5 : 70;
	70B6 : 70;
	70B7 : 70;
	70B8 : 70;
	70B9 : 70;
	70BA : 70;
	70BB : 70;
	70BC : 70;
	70BD : 70;
	70BE : 70;
	70BF : 70;
	70C0 : 70;
	70C1 : 70;
	70C2 : 70;
	70C3 : 70;
	70C4 : 70;
	70C5 : 70;
	70C6 : 70;
	70C7 : 70;
	70C8 : 70;
	70C9 : 6F;
	70CA : 6F;
	70CB : 6F;
	70CC : 6F;
	70CD : 6F;
	70CE : 6F;
	70CF : 6F;
	70D0 : 6F;
	70D1 : 6F;
	70D2 : 6F;
	70D3 : 6F;
	70D4 : 6E;
	70D5 : 6E;
	70D6 : 6E;
	70D7 : 6E;
	70D8 : 6E;
	70D9 : 6E;
	70DA : 6E;
	70DB : 6D;
	70DC : 6D;
	70DD : 6D;
	70DE : 6C;
	70DF : 6C;
	70E0 : 6C;
	70E1 : 6C;
	70E2 : 6B;
	70E3 : 6A;
	70E4 : 6A;
	70E5 : 6A;
	70E6 : 69;
	70E7 : 68;
	70E8 : 68;
	70E9 : 66;
	70EA : 64;
	70EB : 62;
	70EC : 60;
	70ED : 5C;
	70EE : 58;
	70EF : 50;
	70F0 : 00;
	70F1 : D8;
	70F2 : E0;
	70F3 : E4;
	70F4 : E8;
	70F5 : EA;
	70F6 : EC;
	70F7 : EE;
	70F8 : F0;
	70F9 : F2;
	70FA : F4;
	70FB : F6;
	70FC : F8;
	70FD : F9;
	70FE : FA;
	70FF : 7F;
	7100 : 71;
	7101 : 71;
	7102 : 71;
	7103 : 71;
	7104 : 71;
	7105 : 71;
	7106 : 71;
	7107 : 71;
	7108 : 71;
	7109 : 71;
	710A : 71;
	710B : 71;
	710C : 71;
	710D : 71;
	710E : 71;
	710F : 71;
	7110 : 71;
	7111 : 71;
	7112 : 71;
	7113 : 71;
	7114 : 71;
	7115 : 71;
	7116 : 71;
	7117 : 71;
	7118 : 71;
	7119 : 71;
	711A : 71;
	711B : 71;
	711C : 71;
	711D : 71;
	711E : 71;
	711F : 71;
	7120 : 71;
	7121 : 71;
	7122 : 71;
	7123 : 71;
	7124 : 71;
	7125 : 71;
	7126 : 71;
	7127 : 71;
	7128 : 71;
	7129 : 71;
	712A : 71;
	712B : 71;
	712C : 71;
	712D : 71;
	712E : 71;
	712F : 71;
	7130 : 71;
	7131 : 71;
	7132 : 71;
	7133 : 71;
	7134 : 71;
	7135 : 71;
	7136 : 71;
	7137 : 71;
	7138 : 71;
	7139 : 71;
	713A : 71;
	713B : 71;
	713C : 71;
	713D : 71;
	713E : 71;
	713F : 71;
	7140 : 71;
	7141 : 71;
	7142 : 71;
	7143 : 71;
	7144 : 71;
	7145 : 71;
	7146 : 71;
	7147 : 71;
	7148 : 71;
	7149 : 71;
	714A : 71;
	714B : 71;
	714C : 71;
	714D : 71;
	714E : 71;
	714F : 71;
	7150 : 72;
	7151 : 72;
	7152 : 72;
	7153 : 72;
	7154 : 72;
	7155 : 72;
	7156 : 72;
	7157 : 72;
	7158 : 72;
	7159 : 72;
	715A : 72;
	715B : 72;
	715C : 72;
	715D : 73;
	715E : 73;
	715F : 73;
	7160 : 73;
	7161 : 73;
	7162 : 74;
	7163 : 74;
	7164 : 74;
	7165 : 74;
	7166 : 74;
	7167 : 75;
	7168 : 75;
	7169 : 76;
	716A : 76;
	716B : 76;
	716C : 77;
	716D : 78;
	716E : 78;
	716F : 78;
	7170 : 78;
	7171 : 79;
	7172 : 7A;
	7173 : 7A;
	7174 : 7A;
	7175 : 7B;
	7176 : 7C;
	7177 : 7C;
	7178 : 7C;
	7179 : 7E;
	717A : 7E;
	717B : 7E;
	717C : 7E;
	717D : 7E;
	717E : 7E;
	717F : 7F;
	7180 : 71;
	7181 : 71;
	7182 : 71;
	7183 : 71;
	7184 : 71;
	7185 : 71;
	7186 : 71;
	7187 : 71;
	7188 : 71;
	7189 : 71;
	718A : 71;
	718B : 71;
	718C : 71;
	718D : 71;
	718E : 71;
	718F : 71;
	7190 : 71;
	7191 : 71;
	7192 : 71;
	7193 : 71;
	7194 : 71;
	7195 : 71;
	7196 : 71;
	7197 : 71;
	7198 : 71;
	7199 : 71;
	719A : 71;
	719B : 71;
	719C : 71;
	719D : 71;
	719E : 71;
	719F : 71;
	71A0 : 71;
	71A1 : 71;
	71A2 : 71;
	71A3 : 71;
	71A4 : 71;
	71A5 : 71;
	71A6 : 71;
	71A7 : 71;
	71A8 : 71;
	71A9 : 71;
	71AA : 71;
	71AB : 71;
	71AC : 71;
	71AD : 71;
	71AE : 71;
	71AF : 71;
	71B0 : 71;
	71B1 : 71;
	71B2 : 71;
	71B3 : 71;
	71B4 : 71;
	71B5 : 71;
	71B6 : 71;
	71B7 : 71;
	71B8 : 71;
	71B9 : 71;
	71BA : 71;
	71BB : 71;
	71BC : 71;
	71BD : 71;
	71BE : 71;
	71BF : 71;
	71C0 : 71;
	71C1 : 71;
	71C2 : 71;
	71C3 : 71;
	71C4 : 71;
	71C5 : 71;
	71C6 : 71;
	71C7 : 71;
	71C8 : 71;
	71C9 : 71;
	71CA : 71;
	71CB : 71;
	71CC : 71;
	71CD : 71;
	71CE : 71;
	71CF : 71;
	71D0 : 70;
	71D1 : 70;
	71D2 : 70;
	71D3 : 70;
	71D4 : 70;
	71D5 : 70;
	71D6 : 70;
	71D7 : 70;
	71D8 : 70;
	71D9 : 70;
	71DA : 70;
	71DB : 6F;
	71DC : 6F;
	71DD : 6F;
	71DE : 6E;
	71DF : 6E;
	71E0 : 6E;
	71E1 : 6E;
	71E2 : 6D;
	71E3 : 6C;
	71E4 : 6C;
	71E5 : 6C;
	71E6 : 6B;
	71E7 : 6A;
	71E8 : 6A;
	71E9 : 69;
	71EA : 68;
	71EB : 66;
	71EC : 64;
	71ED : 62;
	71EE : 60;
	71EF : 5C;
	71F0 : 58;
	71F1 : 00;
	71F2 : D8;
	71F3 : E0;
	71F4 : E4;
	71F5 : E8;
	71F6 : EA;
	71F7 : EC;
	71F8 : EE;
	71F9 : F1;
	71FA : F3;
	71FB : F5;
	71FC : F7;
	71FD : F8;
	71FE : FA;
	71FF : 7F;
	7200 : 72;
	7201 : 72;
	7202 : 72;
	7203 : 72;
	7204 : 72;
	7205 : 72;
	7206 : 72;
	7207 : 72;
	7208 : 72;
	7209 : 72;
	720A : 72;
	720B : 72;
	720C : 72;
	720D : 72;
	720E : 72;
	720F : 72;
	7210 : 72;
	7211 : 72;
	7212 : 72;
	7213 : 72;
	7214 : 72;
	7215 : 72;
	7216 : 72;
	7217 : 72;
	7218 : 72;
	7219 : 72;
	721A : 72;
	721B : 72;
	721C : 72;
	721D : 72;
	721E : 72;
	721F : 72;
	7220 : 72;
	7221 : 72;
	7222 : 72;
	7223 : 72;
	7224 : 72;
	7225 : 72;
	7226 : 72;
	7227 : 72;
	7228 : 72;
	7229 : 72;
	722A : 72;
	722B : 72;
	722C : 72;
	722D : 72;
	722E : 72;
	722F : 72;
	7230 : 72;
	7231 : 72;
	7232 : 72;
	7233 : 72;
	7234 : 72;
	7235 : 72;
	7236 : 72;
	7237 : 72;
	7238 : 72;
	7239 : 72;
	723A : 72;
	723B : 72;
	723C : 72;
	723D : 72;
	723E : 72;
	723F : 72;
	7240 : 72;
	7241 : 72;
	7242 : 72;
	7243 : 72;
	7244 : 72;
	7245 : 72;
	7246 : 72;
	7247 : 72;
	7248 : 72;
	7249 : 72;
	724A : 72;
	724B : 72;
	724C : 72;
	724D : 72;
	724E : 72;
	724F : 72;
	7250 : 72;
	7251 : 73;
	7252 : 73;
	7253 : 73;
	7254 : 73;
	7255 : 73;
	7256 : 73;
	7257 : 73;
	7258 : 73;
	7259 : 73;
	725A : 73;
	725B : 73;
	725C : 74;
	725D : 74;
	725E : 74;
	725F : 74;
	7260 : 74;
	7261 : 74;
	7262 : 74;
	7263 : 75;
	7264 : 75;
	7265 : 75;
	7266 : 76;
	7267 : 76;
	7268 : 76;
	7269 : 76;
	726A : 77;
	726B : 78;
	726C : 78;
	726D : 78;
	726E : 78;
	726F : 79;
	7270 : 79;
	7271 : 7A;
	7272 : 7A;
	7273 : 7A;
	7274 : 7B;
	7275 : 7C;
	7276 : 7C;
	7277 : 7C;
	7278 : 7D;
	7279 : 7E;
	727A : 7E;
	727B : 7E;
	727C : 7E;
	727D : 7E;
	727E : 7E;
	727F : 7F;
	7280 : 72;
	7281 : 72;
	7282 : 72;
	7283 : 72;
	7284 : 72;
	7285 : 72;
	7286 : 72;
	7287 : 72;
	7288 : 72;
	7289 : 72;
	728A : 72;
	728B : 72;
	728C : 72;
	728D : 72;
	728E : 72;
	728F : 72;
	7290 : 72;
	7291 : 72;
	7292 : 72;
	7293 : 72;
	7294 : 72;
	7295 : 72;
	7296 : 72;
	7297 : 72;
	7298 : 72;
	7299 : 72;
	729A : 72;
	729B : 72;
	729C : 72;
	729D : 72;
	729E : 72;
	729F : 72;
	72A0 : 72;
	72A1 : 72;
	72A2 : 72;
	72A3 : 72;
	72A4 : 72;
	72A5 : 72;
	72A6 : 72;
	72A7 : 72;
	72A8 : 72;
	72A9 : 72;
	72AA : 72;
	72AB : 72;
	72AC : 72;
	72AD : 72;
	72AE : 72;
	72AF : 72;
	72B0 : 72;
	72B1 : 72;
	72B2 : 72;
	72B3 : 72;
	72B4 : 72;
	72B5 : 72;
	72B6 : 72;
	72B7 : 72;
	72B8 : 72;
	72B9 : 72;
	72BA : 72;
	72BB : 72;
	72BC : 72;
	72BD : 72;
	72BE : 72;
	72BF : 72;
	72C0 : 72;
	72C1 : 72;
	72C2 : 72;
	72C3 : 72;
	72C4 : 72;
	72C5 : 72;
	72C6 : 72;
	72C7 : 72;
	72C8 : 72;
	72C9 : 72;
	72CA : 72;
	72CB : 72;
	72CC : 72;
	72CD : 72;
	72CE : 72;
	72CF : 72;
	72D0 : 72;
	72D1 : 71;
	72D2 : 71;
	72D3 : 71;
	72D4 : 71;
	72D5 : 71;
	72D6 : 71;
	72D7 : 71;
	72D8 : 71;
	72D9 : 71;
	72DA : 71;
	72DB : 71;
	72DC : 70;
	72DD : 70;
	72DE : 70;
	72DF : 70;
	72E0 : 70;
	72E1 : 70;
	72E2 : 6F;
	72E3 : 6E;
	72E4 : 6E;
	72E5 : 6E;
	72E6 : 6D;
	72E7 : 6C;
	72E8 : 6C;
	72E9 : 6B;
	72EA : 6A;
	72EB : 69;
	72EC : 68;
	72ED : 66;
	72EE : 64;
	72EF : 62;
	72F0 : 60;
	72F1 : 58;
	72F2 : 00;
	72F3 : D8;
	72F4 : E0;
	72F5 : E4;
	72F6 : E8;
	72F7 : EA;
	72F8 : EC;
	72F9 : F0;
	72FA : F2;
	72FB : F4;
	72FC : F6;
	72FD : F8;
	72FE : F9;
	72FF : 7F;
	7300 : 73;
	7301 : 73;
	7302 : 73;
	7303 : 73;
	7304 : 73;
	7305 : 73;
	7306 : 73;
	7307 : 73;
	7308 : 73;
	7309 : 73;
	730A : 73;
	730B : 73;
	730C : 73;
	730D : 73;
	730E : 73;
	730F : 73;
	7310 : 73;
	7311 : 73;
	7312 : 73;
	7313 : 73;
	7314 : 73;
	7315 : 73;
	7316 : 73;
	7317 : 73;
	7318 : 73;
	7319 : 73;
	731A : 73;
	731B : 73;
	731C : 73;
	731D : 73;
	731E : 73;
	731F : 73;
	7320 : 73;
	7321 : 73;
	7322 : 73;
	7323 : 73;
	7324 : 73;
	7325 : 73;
	7326 : 73;
	7327 : 73;
	7328 : 73;
	7329 : 73;
	732A : 73;
	732B : 73;
	732C : 73;
	732D : 73;
	732E : 73;
	732F : 73;
	7330 : 73;
	7331 : 73;
	7332 : 73;
	7333 : 73;
	7334 : 73;
	7335 : 73;
	7336 : 73;
	7337 : 73;
	7338 : 73;
	7339 : 73;
	733A : 73;
	733B : 73;
	733C : 73;
	733D : 73;
	733E : 73;
	733F : 73;
	7340 : 73;
	7341 : 73;
	7342 : 73;
	7343 : 73;
	7344 : 73;
	7345 : 73;
	7346 : 73;
	7347 : 73;
	7348 : 73;
	7349 : 73;
	734A : 73;
	734B : 73;
	734C : 73;
	734D : 73;
	734E : 73;
	734F : 73;
	7350 : 74;
	7351 : 74;
	7352 : 74;
	7353 : 74;
	7354 : 74;
	7355 : 74;
	7356 : 74;
	7357 : 74;
	7358 : 74;
	7359 : 74;
	735A : 74;
	735B : 74;
	735C : 74;
	735D : 75;
	735E : 75;
	735F : 75;
	7360 : 75;
	7361 : 75;
	7362 : 76;
	7363 : 76;
	7364 : 76;
	7365 : 76;
	7366 : 76;
	7367 : 77;
	7368 : 77;
	7369 : 78;
	736A : 78;
	736B : 78;
	736C : 78;
	736D : 79;
	736E : 79;
	736F : 79;
	7370 : 7A;
	7371 : 7A;
	7372 : 7A;
	7373 : 7B;
	7374 : 7C;
	7375 : 7C;
	7376 : 7C;
	7377 : 7D;
	7378 : 7E;
	7379 : 7E;
	737A : 7E;
	737B : 7E;
	737C : 7E;
	737D : 7E;
	737E : 7E;
	737F : 7F;
	7380 : 73;
	7381 : 73;
	7382 : 73;
	7383 : 73;
	7384 : 73;
	7385 : 73;
	7386 : 73;
	7387 : 73;
	7388 : 73;
	7389 : 73;
	738A : 73;
	738B : 73;
	738C : 73;
	738D : 73;
	738E : 73;
	738F : 73;
	7390 : 73;
	7391 : 73;
	7392 : 73;
	7393 : 73;
	7394 : 73;
	7395 : 73;
	7396 : 73;
	7397 : 73;
	7398 : 73;
	7399 : 73;
	739A : 73;
	739B : 73;
	739C : 73;
	739D : 73;
	739E : 73;
	739F : 73;
	73A0 : 73;
	73A1 : 73;
	73A2 : 73;
	73A3 : 73;
	73A4 : 73;
	73A5 : 73;
	73A6 : 73;
	73A7 : 73;
	73A8 : 73;
	73A9 : 73;
	73AA : 73;
	73AB : 73;
	73AC : 73;
	73AD : 73;
	73AE : 73;
	73AF : 73;
	73B0 : 73;
	73B1 : 73;
	73B2 : 73;
	73B3 : 73;
	73B4 : 73;
	73B5 : 73;
	73B6 : 73;
	73B7 : 73;
	73B8 : 73;
	73B9 : 73;
	73BA : 73;
	73BB : 73;
	73BC : 73;
	73BD : 73;
	73BE : 73;
	73BF : 73;
	73C0 : 73;
	73C1 : 73;
	73C2 : 73;
	73C3 : 73;
	73C4 : 73;
	73C5 : 73;
	73C6 : 73;
	73C7 : 73;
	73C8 : 73;
	73C9 : 73;
	73CA : 73;
	73CB : 73;
	73CC : 73;
	73CD : 73;
	73CE : 73;
	73CF : 73;
	73D0 : 72;
	73D1 : 72;
	73D2 : 72;
	73D3 : 72;
	73D4 : 72;
	73D5 : 72;
	73D6 : 72;
	73D7 : 72;
	73D8 : 72;
	73D9 : 72;
	73DA : 72;
	73DB : 72;
	73DC : 72;
	73DD : 71;
	73DE : 71;
	73DF : 71;
	73E0 : 71;
	73E1 : 71;
	73E2 : 70;
	73E3 : 70;
	73E4 : 70;
	73E5 : 70;
	73E6 : 6F;
	73E7 : 6E;
	73E8 : 6E;
	73E9 : 6D;
	73EA : 6C;
	73EB : 6B;
	73EC : 6A;
	73ED : 69;
	73EE : 68;
	73EF : 66;
	73F0 : 64;
	73F1 : 60;
	73F2 : 58;
	73F3 : 00;
	73F4 : D8;
	73F5 : E0;
	73F6 : E4;
	73F7 : E8;
	73F8 : EA;
	73F9 : EE;
	73FA : F1;
	73FB : F3;
	73FC : F5;
	73FD : F7;
	73FE : F8;
	73FF : 7F;
	7400 : 74;
	7401 : 74;
	7402 : 74;
	7403 : 74;
	7404 : 74;
	7405 : 74;
	7406 : 74;
	7407 : 74;
	7408 : 74;
	7409 : 74;
	740A : 74;
	740B : 74;
	740C : 74;
	740D : 74;
	740E : 74;
	740F : 74;
	7410 : 74;
	7411 : 74;
	7412 : 74;
	7413 : 74;
	7414 : 74;
	7415 : 74;
	7416 : 74;
	7417 : 74;
	7418 : 74;
	7419 : 74;
	741A : 74;
	741B : 74;
	741C : 74;
	741D : 74;
	741E : 74;
	741F : 74;
	7420 : 74;
	7421 : 74;
	7422 : 74;
	7423 : 74;
	7424 : 74;
	7425 : 74;
	7426 : 74;
	7427 : 74;
	7428 : 74;
	7429 : 74;
	742A : 74;
	742B : 74;
	742C : 74;
	742D : 74;
	742E : 74;
	742F : 74;
	7430 : 74;
	7431 : 74;
	7432 : 74;
	7433 : 74;
	7434 : 74;
	7435 : 74;
	7436 : 74;
	7437 : 74;
	7438 : 74;
	7439 : 74;
	743A : 74;
	743B : 74;
	743C : 74;
	743D : 74;
	743E : 74;
	743F : 74;
	7440 : 74;
	7441 : 74;
	7442 : 74;
	7443 : 74;
	7444 : 74;
	7445 : 74;
	7446 : 74;
	7447 : 74;
	7448 : 74;
	7449 : 74;
	744A : 74;
	744B : 74;
	744C : 74;
	744D : 74;
	744E : 74;
	744F : 74;
	7450 : 74;
	7451 : 75;
	7452 : 75;
	7453 : 75;
	7454 : 75;
	7455 : 75;
	7456 : 75;
	7457 : 75;
	7458 : 75;
	7459 : 75;
	745A : 75;
	745B : 75;
	745C : 76;
	745D : 76;
	745E : 76;
	745F : 76;
	7460 : 76;
	7461 : 76;
	7462 : 76;
	7463 : 77;
	7464 : 77;
	7465 : 77;
	7466 : 78;
	7467 : 78;
	7468 : 78;
	7469 : 78;
	746A : 78;
	746B : 79;
	746C : 79;
	746D : 79;
	746E : 7A;
	746F : 7A;
	7470 : 7A;
	7471 : 7A;
	7472 : 7B;
	7473 : 7C;
	7474 : 7C;
	7475 : 7C;
	7476 : 7D;
	7477 : 7E;
	7478 : 7E;
	7479 : 7E;
	747A : 7E;
	747B : 7E;
	747C : 7E;
	747D : 7E;
	747E : 7E;
	747F : 7F;
	7480 : 74;
	7481 : 74;
	7482 : 74;
	7483 : 74;
	7484 : 74;
	7485 : 74;
	7486 : 74;
	7487 : 74;
	7488 : 74;
	7489 : 74;
	748A : 74;
	748B : 74;
	748C : 74;
	748D : 74;
	748E : 74;
	748F : 74;
	7490 : 74;
	7491 : 74;
	7492 : 74;
	7493 : 74;
	7494 : 74;
	7495 : 74;
	7496 : 74;
	7497 : 74;
	7498 : 74;
	7499 : 74;
	749A : 74;
	749B : 74;
	749C : 74;
	749D : 74;
	749E : 74;
	749F : 74;
	74A0 : 74;
	74A1 : 74;
	74A2 : 74;
	74A3 : 74;
	74A4 : 74;
	74A5 : 74;
	74A6 : 74;
	74A7 : 74;
	74A8 : 74;
	74A9 : 74;
	74AA : 74;
	74AB : 74;
	74AC : 74;
	74AD : 74;
	74AE : 74;
	74AF : 74;
	74B0 : 74;
	74B1 : 74;
	74B2 : 74;
	74B3 : 74;
	74B4 : 74;
	74B5 : 74;
	74B6 : 74;
	74B7 : 74;
	74B8 : 74;
	74B9 : 74;
	74BA : 74;
	74BB : 74;
	74BC : 74;
	74BD : 74;
	74BE : 74;
	74BF : 74;
	74C0 : 74;
	74C1 : 74;
	74C2 : 74;
	74C3 : 74;
	74C4 : 74;
	74C5 : 74;
	74C6 : 74;
	74C7 : 74;
	74C8 : 74;
	74C9 : 74;
	74CA : 74;
	74CB : 74;
	74CC : 74;
	74CD : 74;
	74CE : 74;
	74CF : 74;
	74D0 : 74;
	74D1 : 73;
	74D2 : 73;
	74D3 : 73;
	74D4 : 73;
	74D5 : 73;
	74D6 : 73;
	74D7 : 73;
	74D8 : 73;
	74D9 : 73;
	74DA : 73;
	74DB : 73;
	74DC : 72;
	74DD : 72;
	74DE : 72;
	74DF : 72;
	74E0 : 72;
	74E1 : 72;
	74E2 : 72;
	74E3 : 71;
	74E4 : 71;
	74E5 : 71;
	74E6 : 70;
	74E7 : 70;
	74E8 : 70;
	74E9 : 6F;
	74EA : 6E;
	74EB : 6D;
	74EC : 6C;
	74ED : 6B;
	74EE : 6A;
	74EF : 69;
	74F0 : 68;
	74F1 : 64;
	74F2 : 60;
	74F3 : 58;
	74F4 : 00;
	74F5 : D8;
	74F6 : E0;
	74F7 : E4;
	74F8 : E8;
	74F9 : EC;
	74FA : F0;
	74FB : F2;
	74FC : F4;
	74FD : F6;
	74FE : F8;
	74FF : 7F;
	7500 : 75;
	7501 : 75;
	7502 : 75;
	7503 : 75;
	7504 : 75;
	7505 : 75;
	7506 : 75;
	7507 : 75;
	7508 : 75;
	7509 : 75;
	750A : 75;
	750B : 75;
	750C : 75;
	750D : 75;
	750E : 75;
	750F : 75;
	7510 : 75;
	7511 : 75;
	7512 : 75;
	7513 : 75;
	7514 : 75;
	7515 : 75;
	7516 : 75;
	7517 : 75;
	7518 : 75;
	7519 : 75;
	751A : 75;
	751B : 75;
	751C : 75;
	751D : 75;
	751E : 75;
	751F : 75;
	7520 : 75;
	7521 : 75;
	7522 : 75;
	7523 : 75;
	7524 : 75;
	7525 : 75;
	7526 : 75;
	7527 : 75;
	7528 : 75;
	7529 : 75;
	752A : 75;
	752B : 75;
	752C : 75;
	752D : 75;
	752E : 75;
	752F : 75;
	7530 : 75;
	7531 : 75;
	7532 : 75;
	7533 : 75;
	7534 : 75;
	7535 : 75;
	7536 : 75;
	7537 : 75;
	7538 : 75;
	7539 : 75;
	753A : 75;
	753B : 75;
	753C : 75;
	753D : 75;
	753E : 75;
	753F : 75;
	7540 : 75;
	7541 : 75;
	7542 : 75;
	7543 : 75;
	7544 : 75;
	7545 : 75;
	7546 : 75;
	7547 : 75;
	7548 : 75;
	7549 : 75;
	754A : 75;
	754B : 75;
	754C : 75;
	754D : 75;
	754E : 75;
	754F : 75;
	7550 : 76;
	7551 : 76;
	7552 : 76;
	7553 : 76;
	7554 : 76;
	7555 : 76;
	7556 : 76;
	7557 : 76;
	7558 : 76;
	7559 : 76;
	755A : 76;
	755B : 76;
	755C : 76;
	755D : 77;
	755E : 77;
	755F : 77;
	7560 : 77;
	7561 : 77;
	7562 : 78;
	7563 : 78;
	7564 : 78;
	7565 : 78;
	7566 : 78;
	7567 : 78;
	7568 : 78;
	7569 : 79;
	756A : 79;
	756B : 79;
	756C : 7A;
	756D : 7A;
	756E : 7A;
	756F : 7A;
	7570 : 7A;
	7571 : 7B;
	7572 : 7C;
	7573 : 7C;
	7574 : 7C;
	7575 : 7D;
	7576 : 7E;
	7577 : 7E;
	7578 : 7E;
	7579 : 7E;
	757A : 7E;
	757B : 7E;
	757C : 7E;
	757D : 7E;
	757E : 7E;
	757F : 7F;
	7580 : 75;
	7581 : 75;
	7582 : 75;
	7583 : 75;
	7584 : 75;
	7585 : 75;
	7586 : 75;
	7587 : 75;
	7588 : 75;
	7589 : 75;
	758A : 75;
	758B : 75;
	758C : 75;
	758D : 75;
	758E : 75;
	758F : 75;
	7590 : 75;
	7591 : 75;
	7592 : 75;
	7593 : 75;
	7594 : 75;
	7595 : 75;
	7596 : 75;
	7597 : 75;
	7598 : 75;
	7599 : 75;
	759A : 75;
	759B : 75;
	759C : 75;
	759D : 75;
	759E : 75;
	759F : 75;
	75A0 : 75;
	75A1 : 75;
	75A2 : 75;
	75A3 : 75;
	75A4 : 75;
	75A5 : 75;
	75A6 : 75;
	75A7 : 75;
	75A8 : 75;
	75A9 : 75;
	75AA : 75;
	75AB : 75;
	75AC : 75;
	75AD : 75;
	75AE : 75;
	75AF : 75;
	75B0 : 75;
	75B1 : 75;
	75B2 : 75;
	75B3 : 75;
	75B4 : 75;
	75B5 : 75;
	75B6 : 75;
	75B7 : 75;
	75B8 : 75;
	75B9 : 75;
	75BA : 75;
	75BB : 75;
	75BC : 75;
	75BD : 75;
	75BE : 75;
	75BF : 75;
	75C0 : 75;
	75C1 : 75;
	75C2 : 75;
	75C3 : 75;
	75C4 : 75;
	75C5 : 75;
	75C6 : 75;
	75C7 : 75;
	75C8 : 75;
	75C9 : 75;
	75CA : 75;
	75CB : 75;
	75CC : 75;
	75CD : 75;
	75CE : 75;
	75CF : 75;
	75D0 : 74;
	75D1 : 74;
	75D2 : 74;
	75D3 : 74;
	75D4 : 74;
	75D5 : 74;
	75D6 : 74;
	75D7 : 74;
	75D8 : 74;
	75D9 : 74;
	75DA : 74;
	75DB : 74;
	75DC : 74;
	75DD : 73;
	75DE : 73;
	75DF : 73;
	75E0 : 73;
	75E1 : 73;
	75E2 : 72;
	75E3 : 72;
	75E4 : 72;
	75E5 : 72;
	75E6 : 72;
	75E7 : 71;
	75E8 : 71;
	75E9 : 70;
	75EA : 70;
	75EB : 6F;
	75EC : 6E;
	75ED : 6D;
	75EE : 6C;
	75EF : 6B;
	75F0 : 6A;
	75F1 : 68;
	75F2 : 64;
	75F3 : 60;
	75F4 : 58;
	75F5 : 00;
	75F6 : D8;
	75F7 : E0;
	75F8 : E4;
	75F9 : EA;
	75FA : EE;
	75FB : F1;
	75FC : F3;
	75FD : F5;
	75FE : F7;
	75FF : 7F;
	7600 : 76;
	7601 : 76;
	7602 : 76;
	7603 : 76;
	7604 : 76;
	7605 : 76;
	7606 : 76;
	7607 : 76;
	7608 : 76;
	7609 : 76;
	760A : 76;
	760B : 76;
	760C : 76;
	760D : 76;
	760E : 76;
	760F : 76;
	7610 : 76;
	7611 : 76;
	7612 : 76;
	7613 : 76;
	7614 : 76;
	7615 : 76;
	7616 : 76;
	7617 : 76;
	7618 : 76;
	7619 : 76;
	761A : 76;
	761B : 76;
	761C : 76;
	761D : 76;
	761E : 76;
	761F : 76;
	7620 : 76;
	7621 : 76;
	7622 : 76;
	7623 : 76;
	7624 : 76;
	7625 : 76;
	7626 : 76;
	7627 : 76;
	7628 : 76;
	7629 : 76;
	762A : 76;
	762B : 76;
	762C : 76;
	762D : 76;
	762E : 76;
	762F : 76;
	7630 : 76;
	7631 : 76;
	7632 : 76;
	7633 : 76;
	7634 : 76;
	7635 : 76;
	7636 : 76;
	7637 : 76;
	7638 : 76;
	7639 : 76;
	763A : 76;
	763B : 76;
	763C : 76;
	763D : 76;
	763E : 76;
	763F : 76;
	7640 : 76;
	7641 : 76;
	7642 : 76;
	7643 : 76;
	7644 : 76;
	7645 : 76;
	7646 : 76;
	7647 : 76;
	7648 : 76;
	7649 : 76;
	764A : 76;
	764B : 76;
	764C : 76;
	764D : 76;
	764E : 76;
	764F : 76;
	7650 : 76;
	7651 : 77;
	7652 : 77;
	7653 : 77;
	7654 : 77;
	7655 : 77;
	7656 : 77;
	7657 : 77;
	7658 : 77;
	7659 : 77;
	765A : 77;
	765B : 77;
	765C : 78;
	765D : 78;
	765E : 78;
	765F : 78;
	7660 : 78;
	7661 : 78;
	7662 : 78;
	7663 : 78;
	7664 : 78;
	7665 : 79;
	7666 : 79;
	7667 : 79;
	7668 : 79;
	7669 : 79;
	766A : 7A;
	766B : 7A;
	766C : 7A;
	766D : 7A;
	766E : 7A;
	766F : 7B;
	7670 : 7B;
	7671 : 7C;
	7672 : 7C;
	7673 : 7C;
	7674 : 7D;
	7675 : 7E;
	7676 : 7E;
	7677 : 7E;
	7678 : 7E;
	7679 : 7E;
	767A : 7E;
	767B : 7E;
	767C : 7E;
	767D : 7E;
	767E : 7E;
	767F : 7F;
	7680 : 76;
	7681 : 76;
	7682 : 76;
	7683 : 76;
	7684 : 76;
	7685 : 76;
	7686 : 76;
	7687 : 76;
	7688 : 76;
	7689 : 76;
	768A : 76;
	768B : 76;
	768C : 76;
	768D : 76;
	768E : 76;
	768F : 76;
	7690 : 76;
	7691 : 76;
	7692 : 76;
	7693 : 76;
	7694 : 76;
	7695 : 76;
	7696 : 76;
	7697 : 76;
	7698 : 76;
	7699 : 76;
	769A : 76;
	769B : 76;
	769C : 76;
	769D : 76;
	769E : 76;
	769F : 76;
	76A0 : 76;
	76A1 : 76;
	76A2 : 76;
	76A3 : 76;
	76A4 : 76;
	76A5 : 76;
	76A6 : 76;
	76A7 : 76;
	76A8 : 76;
	76A9 : 76;
	76AA : 76;
	76AB : 76;
	76AC : 76;
	76AD : 76;
	76AE : 76;
	76AF : 76;
	76B0 : 76;
	76B1 : 76;
	76B2 : 76;
	76B3 : 76;
	76B4 : 76;
	76B5 : 76;
	76B6 : 76;
	76B7 : 76;
	76B8 : 76;
	76B9 : 76;
	76BA : 76;
	76BB : 76;
	76BC : 76;
	76BD : 76;
	76BE : 76;
	76BF : 76;
	76C0 : 76;
	76C1 : 76;
	76C2 : 76;
	76C3 : 76;
	76C4 : 76;
	76C5 : 76;
	76C6 : 76;
	76C7 : 76;
	76C8 : 76;
	76C9 : 76;
	76CA : 76;
	76CB : 76;
	76CC : 76;
	76CD : 76;
	76CE : 76;
	76CF : 76;
	76D0 : 76;
	76D1 : 75;
	76D2 : 75;
	76D3 : 75;
	76D4 : 75;
	76D5 : 75;
	76D6 : 75;
	76D7 : 75;
	76D8 : 75;
	76D9 : 75;
	76DA : 75;
	76DB : 75;
	76DC : 74;
	76DD : 74;
	76DE : 74;
	76DF : 74;
	76E0 : 74;
	76E1 : 74;
	76E2 : 74;
	76E3 : 73;
	76E4 : 73;
	76E5 : 73;
	76E6 : 72;
	76E7 : 72;
	76E8 : 72;
	76E9 : 72;
	76EA : 71;
	76EB : 70;
	76EC : 70;
	76ED : 6F;
	76EE : 6E;
	76EF : 6D;
	76F0 : 6C;
	76F1 : 6A;
	76F2 : 68;
	76F3 : 64;
	76F4 : 60;
	76F5 : 58;
	76F6 : 00;
	76F7 : D8;
	76F8 : E0;
	76F9 : E8;
	76FA : EC;
	76FB : F0;
	76FC : F2;
	76FD : F4;
	76FE : F6;
	76FF : 7F;
	7700 : 77;
	7701 : 77;
	7702 : 77;
	7703 : 77;
	7704 : 77;
	7705 : 77;
	7706 : 77;
	7707 : 77;
	7708 : 77;
	7709 : 77;
	770A : 77;
	770B : 77;
	770C : 77;
	770D : 77;
	770E : 77;
	770F : 77;
	7710 : 77;
	7711 : 77;
	7712 : 77;
	7713 : 77;
	7714 : 77;
	7715 : 77;
	7716 : 77;
	7717 : 77;
	7718 : 77;
	7719 : 77;
	771A : 77;
	771B : 77;
	771C : 77;
	771D : 77;
	771E : 77;
	771F : 77;
	7720 : 77;
	7721 : 77;
	7722 : 77;
	7723 : 77;
	7724 : 77;
	7725 : 77;
	7726 : 77;
	7727 : 77;
	7728 : 77;
	7729 : 77;
	772A : 77;
	772B : 77;
	772C : 77;
	772D : 77;
	772E : 77;
	772F : 77;
	7730 : 77;
	7731 : 77;
	7732 : 77;
	7733 : 77;
	7734 : 77;
	7735 : 77;
	7736 : 77;
	7737 : 77;
	7738 : 77;
	7739 : 77;
	773A : 77;
	773B : 77;
	773C : 77;
	773D : 77;
	773E : 77;
	773F : 77;
	7740 : 77;
	7741 : 77;
	7742 : 77;
	7743 : 77;
	7744 : 77;
	7745 : 77;
	7746 : 77;
	7747 : 77;
	7748 : 77;
	7749 : 77;
	774A : 77;
	774B : 77;
	774C : 77;
	774D : 77;
	774E : 77;
	774F : 77;
	7750 : 78;
	7751 : 78;
	7752 : 78;
	7753 : 78;
	7754 : 78;
	7755 : 78;
	7756 : 78;
	7757 : 78;
	7758 : 78;
	7759 : 78;
	775A : 78;
	775B : 78;
	775C : 78;
	775D : 78;
	775E : 78;
	775F : 78;
	7760 : 78;
	7761 : 79;
	7762 : 79;
	7763 : 79;
	7764 : 79;
	7765 : 79;
	7766 : 79;
	7767 : 79;
	7768 : 7A;
	7769 : 7A;
	776A : 7A;
	776B : 7A;
	776C : 7A;
	776D : 7B;
	776E : 7B;
	776F : 7B;
	7770 : 7C;
	7771 : 7C;
	7772 : 7C;
	7773 : 7D;
	7774 : 7E;
	7775 : 7E;
	7776 : 7E;
	7777 : 7E;
	7778 : 7E;
	7779 : 7E;
	777A : 7E;
	777B : 7E;
	777C : 7E;
	777D : 7E;
	777E : 7E;
	777F : 7F;
	7780 : 77;
	7781 : 77;
	7782 : 77;
	7783 : 77;
	7784 : 77;
	7785 : 77;
	7786 : 77;
	7787 : 77;
	7788 : 77;
	7789 : 77;
	778A : 77;
	778B : 77;
	778C : 77;
	778D : 77;
	778E : 77;
	778F : 77;
	7790 : 77;
	7791 : 77;
	7792 : 77;
	7793 : 77;
	7794 : 77;
	7795 : 77;
	7796 : 77;
	7797 : 77;
	7798 : 77;
	7799 : 77;
	779A : 77;
	779B : 77;
	779C : 77;
	779D : 77;
	779E : 77;
	779F : 77;
	77A0 : 77;
	77A1 : 77;
	77A2 : 77;
	77A3 : 77;
	77A4 : 77;
	77A5 : 77;
	77A6 : 77;
	77A7 : 77;
	77A8 : 77;
	77A9 : 77;
	77AA : 77;
	77AB : 77;
	77AC : 77;
	77AD : 77;
	77AE : 77;
	77AF : 77;
	77B0 : 77;
	77B1 : 77;
	77B2 : 77;
	77B3 : 77;
	77B4 : 77;
	77B5 : 77;
	77B6 : 77;
	77B7 : 77;
	77B8 : 77;
	77B9 : 77;
	77BA : 77;
	77BB : 77;
	77BC : 77;
	77BD : 77;
	77BE : 77;
	77BF : 77;
	77C0 : 77;
	77C1 : 77;
	77C2 : 77;
	77C3 : 77;
	77C4 : 77;
	77C5 : 77;
	77C6 : 77;
	77C7 : 77;
	77C8 : 77;
	77C9 : 77;
	77CA : 77;
	77CB : 77;
	77CC : 77;
	77CD : 77;
	77CE : 77;
	77CF : 77;
	77D0 : 76;
	77D1 : 76;
	77D2 : 76;
	77D3 : 76;
	77D4 : 76;
	77D5 : 76;
	77D6 : 76;
	77D7 : 76;
	77D8 : 76;
	77D9 : 76;
	77DA : 76;
	77DB : 76;
	77DC : 76;
	77DD : 75;
	77DE : 75;
	77DF : 75;
	77E0 : 75;
	77E1 : 75;
	77E2 : 74;
	77E3 : 74;
	77E4 : 74;
	77E5 : 74;
	77E6 : 74;
	77E7 : 73;
	77E8 : 73;
	77E9 : 72;
	77EA : 72;
	77EB : 72;
	77EC : 71;
	77ED : 70;
	77EE : 70;
	77EF : 6F;
	77F0 : 6E;
	77F1 : 6C;
	77F2 : 6A;
	77F3 : 68;
	77F4 : 64;
	77F5 : 60;
	77F6 : 58;
	77F7 : 00;
	77F8 : D8;
	77F9 : E4;
	77FA : EA;
	77FB : EE;
	77FC : F1;
	77FD : F3;
	77FE : F5;
	77FF : 7F;
	7800 : 78;
	7801 : 78;
	7802 : 78;
	7803 : 78;
	7804 : 78;
	7805 : 78;
	7806 : 78;
	7807 : 78;
	7808 : 78;
	7809 : 78;
	780A : 78;
	780B : 78;
	780C : 78;
	780D : 78;
	780E : 78;
	780F : 78;
	7810 : 78;
	7811 : 78;
	7812 : 78;
	7813 : 78;
	7814 : 78;
	7815 : 78;
	7816 : 78;
	7817 : 78;
	7818 : 78;
	7819 : 78;
	781A : 78;
	781B : 78;
	781C : 78;
	781D : 78;
	781E : 78;
	781F : 78;
	7820 : 78;
	7821 : 78;
	7822 : 78;
	7823 : 78;
	7824 : 78;
	7825 : 78;
	7826 : 78;
	7827 : 78;
	7828 : 78;
	7829 : 78;
	782A : 78;
	782B : 78;
	782C : 78;
	782D : 78;
	782E : 78;
	782F : 78;
	7830 : 78;
	7831 : 78;
	7832 : 78;
	7833 : 78;
	7834 : 78;
	7835 : 78;
	7836 : 78;
	7837 : 78;
	7838 : 78;
	7839 : 78;
	783A : 78;
	783B : 78;
	783C : 78;
	783D : 78;
	783E : 78;
	783F : 78;
	7840 : 78;
	7841 : 78;
	7842 : 78;
	7843 : 78;
	7844 : 78;
	7845 : 78;
	7846 : 78;
	7847 : 78;
	7848 : 78;
	7849 : 78;
	784A : 78;
	784B : 78;
	784C : 78;
	784D : 78;
	784E : 78;
	784F : 78;
	7850 : 78;
	7851 : 78;
	7852 : 78;
	7853 : 78;
	7854 : 78;
	7855 : 78;
	7856 : 78;
	7857 : 78;
	7858 : 78;
	7859 : 79;
	785A : 79;
	785B : 79;
	785C : 79;
	785D : 79;
	785E : 79;
	785F : 79;
	7860 : 79;
	7861 : 79;
	7862 : 79;
	7863 : 79;
	7864 : 7A;
	7865 : 7A;
	7866 : 7A;
	7867 : 7A;
	7868 : 7A;
	7869 : 7A;
	786A : 7A;
	786B : 7B;
	786C : 7B;
	786D : 7B;
	786E : 7C;
	786F : 7C;
	7870 : 7C;
	7871 : 7C;
	7872 : 7D;
	7873 : 7E;
	7874 : 7E;
	7875 : 7E;
	7876 : 7E;
	7877 : 7E;
	7878 : 7E;
	7879 : 7E;
	787A : 7E;
	787B : 7E;
	787C : 7E;
	787D : 7E;
	787E : 7E;
	787F : 7F;
	7880 : 78;
	7881 : 78;
	7882 : 78;
	7883 : 78;
	7884 : 78;
	7885 : 78;
	7886 : 78;
	7887 : 78;
	7888 : 78;
	7889 : 78;
	788A : 78;
	788B : 78;
	788C : 78;
	788D : 78;
	788E : 78;
	788F : 78;
	7890 : 78;
	7891 : 78;
	7892 : 78;
	7893 : 78;
	7894 : 78;
	7895 : 78;
	7896 : 78;
	7897 : 78;
	7898 : 78;
	7899 : 78;
	789A : 78;
	789B : 78;
	789C : 78;
	789D : 78;
	789E : 78;
	789F : 78;
	78A0 : 78;
	78A1 : 78;
	78A2 : 78;
	78A3 : 78;
	78A4 : 78;
	78A5 : 78;
	78A6 : 78;
	78A7 : 78;
	78A8 : 78;
	78A9 : 78;
	78AA : 78;
	78AB : 78;
	78AC : 78;
	78AD : 78;
	78AE : 78;
	78AF : 78;
	78B0 : 78;
	78B1 : 78;
	78B2 : 78;
	78B3 : 78;
	78B4 : 78;
	78B5 : 78;
	78B6 : 78;
	78B7 : 78;
	78B8 : 78;
	78B9 : 78;
	78BA : 78;
	78BB : 78;
	78BC : 78;
	78BD : 78;
	78BE : 78;
	78BF : 78;
	78C0 : 78;
	78C1 : 78;
	78C2 : 78;
	78C3 : 78;
	78C4 : 78;
	78C5 : 78;
	78C6 : 78;
	78C7 : 78;
	78C8 : 78;
	78C9 : 78;
	78CA : 78;
	78CB : 78;
	78CC : 78;
	78CD : 78;
	78CE : 78;
	78CF : 78;
	78D0 : 78;
	78D1 : 77;
	78D2 : 77;
	78D3 : 77;
	78D4 : 77;
	78D5 : 77;
	78D6 : 77;
	78D7 : 77;
	78D8 : 77;
	78D9 : 77;
	78DA : 77;
	78DB : 77;
	78DC : 76;
	78DD : 76;
	78DE : 76;
	78DF : 76;
	78E0 : 76;
	78E1 : 76;
	78E2 : 76;
	78E3 : 75;
	78E4 : 75;
	78E5 : 75;
	78E6 : 74;
	78E7 : 74;
	78E8 : 74;
	78E9 : 74;
	78EA : 73;
	78EB : 72;
	78EC : 72;
	78ED : 72;
	78EE : 71;
	78EF : 70;
	78F0 : 70;
	78F1 : 6E;
	78F2 : 6C;
	78F3 : 6A;
	78F4 : 68;
	78F5 : 64;
	78F6 : 60;
	78F7 : 58;
	78F8 : 00;
	78F9 : E0;
	78FA : E8;
	78FB : EC;
	78FC : F0;
	78FD : F2;
	78FE : F4;
	78FF : 7F;
	7900 : 79;
	7901 : 79;
	7902 : 79;
	7903 : 79;
	7904 : 79;
	7905 : 79;
	7906 : 79;
	7907 : 79;
	7908 : 79;
	7909 : 79;
	790A : 79;
	790B : 79;
	790C : 79;
	790D : 79;
	790E : 79;
	790F : 79;
	7910 : 79;
	7911 : 79;
	7912 : 79;
	7913 : 79;
	7914 : 79;
	7915 : 79;
	7916 : 79;
	7917 : 79;
	7918 : 79;
	7919 : 79;
	791A : 79;
	791B : 79;
	791C : 79;
	791D : 79;
	791E : 79;
	791F : 79;
	7920 : 79;
	7921 : 79;
	7922 : 79;
	7923 : 79;
	7924 : 79;
	7925 : 79;
	7926 : 79;
	7927 : 79;
	7928 : 79;
	7929 : 79;
	792A : 79;
	792B : 79;
	792C : 79;
	792D : 79;
	792E : 79;
	792F : 79;
	7930 : 79;
	7931 : 79;
	7932 : 79;
	7933 : 79;
	7934 : 79;
	7935 : 79;
	7936 : 79;
	7937 : 79;
	7938 : 79;
	7939 : 79;
	793A : 79;
	793B : 79;
	793C : 79;
	793D : 79;
	793E : 79;
	793F : 79;
	7940 : 79;
	7941 : 79;
	7942 : 79;
	7943 : 79;
	7944 : 79;
	7945 : 79;
	7946 : 79;
	7947 : 79;
	7948 : 79;
	7949 : 79;
	794A : 79;
	794B : 79;
	794C : 79;
	794D : 79;
	794E : 79;
	794F : 79;
	7950 : 79;
	7951 : 79;
	7952 : 79;
	7953 : 79;
	7954 : 79;
	7955 : 79;
	7956 : 79;
	7957 : 79;
	7958 : 7A;
	7959 : 7A;
	795A : 7A;
	795B : 7A;
	795C : 7A;
	795D : 7A;
	795E : 7A;
	795F : 7A;
	7960 : 7A;
	7961 : 7A;
	7962 : 7A;
	7963 : 7A;
	7964 : 7A;
	7965 : 7B;
	7966 : 7B;
	7967 : 7B;
	7968 : 7B;
	7969 : 7B;
	796A : 7C;
	796B : 7C;
	796C : 7C;
	796D : 7C;
	796E : 7C;
	796F : 7D;
	7970 : 7D;
	7971 : 7E;
	7972 : 7E;
	7973 : 7E;
	7974 : 7E;
	7975 : 7E;
	7976 : 7E;
	7977 : 7E;
	7978 : 7E;
	7979 : 7E;
	797A : 7E;
	797B : 7E;
	797C : 7E;
	797D : 7E;
	797E : 7E;
	797F : 7F;
	7980 : 79;
	7981 : 79;
	7982 : 79;
	7983 : 79;
	7984 : 79;
	7985 : 79;
	7986 : 79;
	7987 : 79;
	7988 : 79;
	7989 : 79;
	798A : 79;
	798B : 79;
	798C : 79;
	798D : 79;
	798E : 79;
	798F : 79;
	7990 : 79;
	7991 : 79;
	7992 : 79;
	7993 : 79;
	7994 : 79;
	7995 : 79;
	7996 : 79;
	7997 : 79;
	7998 : 79;
	7999 : 79;
	799A : 79;
	799B : 79;
	799C : 79;
	799D : 79;
	799E : 79;
	799F : 79;
	79A0 : 79;
	79A1 : 79;
	79A2 : 79;
	79A3 : 79;
	79A4 : 79;
	79A5 : 79;
	79A6 : 79;
	79A7 : 79;
	79A8 : 79;
	79A9 : 79;
	79AA : 79;
	79AB : 79;
	79AC : 79;
	79AD : 79;
	79AE : 79;
	79AF : 79;
	79B0 : 79;
	79B1 : 79;
	79B2 : 79;
	79B3 : 79;
	79B4 : 79;
	79B5 : 79;
	79B6 : 79;
	79B7 : 79;
	79B8 : 79;
	79B9 : 79;
	79BA : 79;
	79BB : 79;
	79BC : 79;
	79BD : 79;
	79BE : 79;
	79BF : 79;
	79C0 : 79;
	79C1 : 79;
	79C2 : 79;
	79C3 : 79;
	79C4 : 79;
	79C5 : 79;
	79C6 : 79;
	79C7 : 79;
	79C8 : 79;
	79C9 : 79;
	79CA : 79;
	79CB : 79;
	79CC : 79;
	79CD : 79;
	79CE : 79;
	79CF : 79;
	79D0 : 79;
	79D1 : 79;
	79D2 : 79;
	79D3 : 79;
	79D4 : 79;
	79D5 : 79;
	79D6 : 79;
	79D7 : 79;
	79D8 : 78;
	79D9 : 78;
	79DA : 78;
	79DB : 78;
	79DC : 78;
	79DD : 78;
	79DE : 78;
	79DF : 78;
	79E0 : 78;
	79E1 : 78;
	79E2 : 78;
	79E3 : 77;
	79E4 : 77;
	79E5 : 77;
	79E6 : 76;
	79E7 : 76;
	79E8 : 76;
	79E9 : 76;
	79EA : 75;
	79EB : 74;
	79EC : 74;
	79ED : 74;
	79EE : 73;
	79EF : 72;
	79F0 : 72;
	79F1 : 71;
	79F2 : 70;
	79F3 : 6E;
	79F4 : 6C;
	79F5 : 6A;
	79F6 : 68;
	79F7 : 64;
	79F8 : 60;
	79F9 : 00;
	79FA : E0;
	79FB : E8;
	79FC : EC;
	79FD : F0;
	79FE : F2;
	79FF : 7F;
	7A00 : 7A;
	7A01 : 7A;
	7A02 : 7A;
	7A03 : 7A;
	7A04 : 7A;
	7A05 : 7A;
	7A06 : 7A;
	7A07 : 7A;
	7A08 : 7A;
	7A09 : 7A;
	7A0A : 7A;
	7A0B : 7A;
	7A0C : 7A;
	7A0D : 7A;
	7A0E : 7A;
	7A0F : 7A;
	7A10 : 7A;
	7A11 : 7A;
	7A12 : 7A;
	7A13 : 7A;
	7A14 : 7A;
	7A15 : 7A;
	7A16 : 7A;
	7A17 : 7A;
	7A18 : 7A;
	7A19 : 7A;
	7A1A : 7A;
	7A1B : 7A;
	7A1C : 7A;
	7A1D : 7A;
	7A1E : 7A;
	7A1F : 7A;
	7A20 : 7A;
	7A21 : 7A;
	7A22 : 7A;
	7A23 : 7A;
	7A24 : 7A;
	7A25 : 7A;
	7A26 : 7A;
	7A27 : 7A;
	7A28 : 7A;
	7A29 : 7A;
	7A2A : 7A;
	7A2B : 7A;
	7A2C : 7A;
	7A2D : 7A;
	7A2E : 7A;
	7A2F : 7A;
	7A30 : 7A;
	7A31 : 7A;
	7A32 : 7A;
	7A33 : 7A;
	7A34 : 7A;
	7A35 : 7A;
	7A36 : 7A;
	7A37 : 7A;
	7A38 : 7A;
	7A39 : 7A;
	7A3A : 7A;
	7A3B : 7A;
	7A3C : 7A;
	7A3D : 7A;
	7A3E : 7A;
	7A3F : 7A;
	7A40 : 7A;
	7A41 : 7A;
	7A42 : 7A;
	7A43 : 7A;
	7A44 : 7A;
	7A45 : 7A;
	7A46 : 7A;
	7A47 : 7A;
	7A48 : 7A;
	7A49 : 7A;
	7A4A : 7A;
	7A4B : 7A;
	7A4C : 7A;
	7A4D : 7A;
	7A4E : 7A;
	7A4F : 7A;
	7A50 : 7A;
	7A51 : 7A;
	7A52 : 7A;
	7A53 : 7A;
	7A54 : 7A;
	7A55 : 7A;
	7A56 : 7A;
	7A57 : 7A;
	7A58 : 7A;
	7A59 : 7B;
	7A5A : 7B;
	7A5B : 7B;
	7A5C : 7B;
	7A5D : 7B;
	7A5E : 7B;
	7A5F : 7B;
	7A60 : 7B;
	7A61 : 7B;
	7A62 : 7B;
	7A63 : 7B;
	7A64 : 7C;
	7A65 : 7C;
	7A66 : 7C;
	7A67 : 7C;
	7A68 : 7C;
	7A69 : 7C;
	7A6A : 7C;
	7A6B : 7D;
	7A6C : 7D;
	7A6D : 7D;
	7A6E : 7E;
	7A6F : 7E;
	7A70 : 7E;
	7A71 : 7E;
	7A72 : 7E;
	7A73 : 7E;
	7A74 : 7E;
	7A75 : 7E;
	7A76 : 7E;
	7A77 : 7E;
	7A78 : 7E;
	7A79 : 7E;
	7A7A : 7E;
	7A7B : 7E;
	7A7C : 7E;
	7A7D : 7E;
	7A7E : 7E;
	7A7F : 7F;
	7A80 : 7A;
	7A81 : 7A;
	7A82 : 7A;
	7A83 : 7A;
	7A84 : 7A;
	7A85 : 7A;
	7A86 : 7A;
	7A87 : 7A;
	7A88 : 7A;
	7A89 : 7A;
	7A8A : 7A;
	7A8B : 7A;
	7A8C : 7A;
	7A8D : 7A;
	7A8E : 7A;
	7A8F : 7A;
	7A90 : 7A;
	7A91 : 7A;
	7A92 : 7A;
	7A93 : 7A;
	7A94 : 7A;
	7A95 : 7A;
	7A96 : 7A;
	7A97 : 7A;
	7A98 : 7A;
	7A99 : 7A;
	7A9A : 7A;
	7A9B : 7A;
	7A9C : 7A;
	7A9D : 7A;
	7A9E : 7A;
	7A9F : 7A;
	7AA0 : 7A;
	7AA1 : 7A;
	7AA2 : 7A;
	7AA3 : 7A;
	7AA4 : 7A;
	7AA5 : 7A;
	7AA6 : 7A;
	7AA7 : 7A;
	7AA8 : 7A;
	7AA9 : 7A;
	7AAA : 7A;
	7AAB : 7A;
	7AAC : 7A;
	7AAD : 7A;
	7AAE : 7A;
	7AAF : 7A;
	7AB0 : 7A;
	7AB1 : 7A;
	7AB2 : 7A;
	7AB3 : 7A;
	7AB4 : 7A;
	7AB5 : 7A;
	7AB6 : 7A;
	7AB7 : 7A;
	7AB8 : 7A;
	7AB9 : 7A;
	7ABA : 7A;
	7ABB : 7A;
	7ABC : 7A;
	7ABD : 7A;
	7ABE : 7A;
	7ABF : 7A;
	7AC0 : 7A;
	7AC1 : 7A;
	7AC2 : 7A;
	7AC3 : 7A;
	7AC4 : 7A;
	7AC5 : 7A;
	7AC6 : 7A;
	7AC7 : 7A;
	7AC8 : 7A;
	7AC9 : 7A;
	7ACA : 7A;
	7ACB : 7A;
	7ACC : 7A;
	7ACD : 7A;
	7ACE : 7A;
	7ACF : 7A;
	7AD0 : 7A;
	7AD1 : 7A;
	7AD2 : 7A;
	7AD3 : 7A;
	7AD4 : 7A;
	7AD5 : 7A;
	7AD6 : 7A;
	7AD7 : 7A;
	7AD8 : 7A;
	7AD9 : 79;
	7ADA : 79;
	7ADB : 79;
	7ADC : 79;
	7ADD : 79;
	7ADE : 79;
	7ADF : 79;
	7AE0 : 79;
	7AE1 : 79;
	7AE2 : 79;
	7AE3 : 79;
	7AE4 : 78;
	7AE5 : 78;
	7AE6 : 78;
	7AE7 : 78;
	7AE8 : 78;
	7AE9 : 78;
	7AEA : 77;
	7AEB : 76;
	7AEC : 76;
	7AED : 76;
	7AEE : 75;
	7AEF : 74;
	7AF0 : 74;
	7AF1 : 73;
	7AF2 : 72;
	7AF3 : 71;
	7AF4 : 70;
	7AF5 : 6E;
	7AF6 : 6C;
	7AF7 : 6A;
	7AF8 : 68;
	7AF9 : 60;
	7AFA : 00;
	7AFB : E0;
	7AFC : E8;
	7AFD : EC;
	7AFE : F0;
	7AFF : 7F;
	7B00 : 7B;
	7B01 : 7B;
	7B02 : 7B;
	7B03 : 7B;
	7B04 : 7B;
	7B05 : 7B;
	7B06 : 7B;
	7B07 : 7B;
	7B08 : 7B;
	7B09 : 7B;
	7B0A : 7B;
	7B0B : 7B;
	7B0C : 7B;
	7B0D : 7B;
	7B0E : 7B;
	7B0F : 7B;
	7B10 : 7B;
	7B11 : 7B;
	7B12 : 7B;
	7B13 : 7B;
	7B14 : 7B;
	7B15 : 7B;
	7B16 : 7B;
	7B17 : 7B;
	7B18 : 7B;
	7B19 : 7B;
	7B1A : 7B;
	7B1B : 7B;
	7B1C : 7B;
	7B1D : 7B;
	7B1E : 7B;
	7B1F : 7B;
	7B20 : 7B;
	7B21 : 7B;
	7B22 : 7B;
	7B23 : 7B;
	7B24 : 7B;
	7B25 : 7B;
	7B26 : 7B;
	7B27 : 7B;
	7B28 : 7B;
	7B29 : 7B;
	7B2A : 7B;
	7B2B : 7B;
	7B2C : 7B;
	7B2D : 7B;
	7B2E : 7B;
	7B2F : 7B;
	7B30 : 7B;
	7B31 : 7B;
	7B32 : 7B;
	7B33 : 7B;
	7B34 : 7B;
	7B35 : 7B;
	7B36 : 7B;
	7B37 : 7B;
	7B38 : 7B;
	7B39 : 7B;
	7B3A : 7B;
	7B3B : 7B;
	7B3C : 7B;
	7B3D : 7B;
	7B3E : 7B;
	7B3F : 7B;
	7B40 : 7B;
	7B41 : 7B;
	7B42 : 7B;
	7B43 : 7B;
	7B44 : 7B;
	7B45 : 7B;
	7B46 : 7B;
	7B47 : 7B;
	7B48 : 7B;
	7B49 : 7B;
	7B4A : 7B;
	7B4B : 7B;
	7B4C : 7B;
	7B4D : 7B;
	7B4E : 7B;
	7B4F : 7B;
	7B50 : 7B;
	7B51 : 7B;
	7B52 : 7B;
	7B53 : 7B;
	7B54 : 7B;
	7B55 : 7B;
	7B56 : 7B;
	7B57 : 7B;
	7B58 : 7C;
	7B59 : 7C;
	7B5A : 7C;
	7B5B : 7C;
	7B5C : 7C;
	7B5D : 7C;
	7B5E : 7C;
	7B5F : 7C;
	7B60 : 7C;
	7B61 : 7C;
	7B62 : 7C;
	7B63 : 7C;
	7B64 : 7C;
	7B65 : 7D;
	7B66 : 7D;
	7B67 : 7D;
	7B68 : 7D;
	7B69 : 7D;
	7B6A : 7E;
	7B6B : 7E;
	7B6C : 7E;
	7B6D : 7E;
	7B6E : 7E;
	7B6F : 7E;
	7B70 : 7E;
	7B71 : 7E;
	7B72 : 7E;
	7B73 : 7E;
	7B74 : 7E;
	7B75 : 7E;
	7B76 : 7E;
	7B77 : 7E;
	7B78 : 7E;
	7B79 : 7E;
	7B7A : 7E;
	7B7B : 7E;
	7B7C : 7E;
	7B7D : 7E;
	7B7E : 7E;
	7B7F : 7F;
	7B80 : 7B;
	7B81 : 7B;
	7B82 : 7B;
	7B83 : 7B;
	7B84 : 7B;
	7B85 : 7B;
	7B86 : 7B;
	7B87 : 7B;
	7B88 : 7B;
	7B89 : 7B;
	7B8A : 7B;
	7B8B : 7B;
	7B8C : 7B;
	7B8D : 7B;
	7B8E : 7B;
	7B8F : 7B;
	7B90 : 7B;
	7B91 : 7B;
	7B92 : 7B;
	7B93 : 7B;
	7B94 : 7B;
	7B95 : 7B;
	7B96 : 7B;
	7B97 : 7B;
	7B98 : 7B;
	7B99 : 7B;
	7B9A : 7B;
	7B9B : 7B;
	7B9C : 7B;
	7B9D : 7B;
	7B9E : 7B;
	7B9F : 7B;
	7BA0 : 7B;
	7BA1 : 7B;
	7BA2 : 7B;
	7BA3 : 7B;
	7BA4 : 7B;
	7BA5 : 7B;
	7BA6 : 7B;
	7BA7 : 7B;
	7BA8 : 7B;
	7BA9 : 7B;
	7BAA : 7B;
	7BAB : 7B;
	7BAC : 7B;
	7BAD : 7B;
	7BAE : 7B;
	7BAF : 7B;
	7BB0 : 7B;
	7BB1 : 7B;
	7BB2 : 7B;
	7BB3 : 7B;
	7BB4 : 7B;
	7BB5 : 7B;
	7BB6 : 7B;
	7BB7 : 7B;
	7BB8 : 7B;
	7BB9 : 7B;
	7BBA : 7B;
	7BBB : 7B;
	7BBC : 7B;
	7BBD : 7B;
	7BBE : 7B;
	7BBF : 7B;
	7BC0 : 7B;
	7BC1 : 7B;
	7BC2 : 7B;
	7BC3 : 7B;
	7BC4 : 7B;
	7BC5 : 7B;
	7BC6 : 7B;
	7BC7 : 7B;
	7BC8 : 7B;
	7BC9 : 7B;
	7BCA : 7B;
	7BCB : 7B;
	7BCC : 7B;
	7BCD : 7B;
	7BCE : 7B;
	7BCF : 7B;
	7BD0 : 7B;
	7BD1 : 7B;
	7BD2 : 7B;
	7BD3 : 7B;
	7BD4 : 7B;
	7BD5 : 7B;
	7BD6 : 7B;
	7BD7 : 7B;
	7BD8 : 7A;
	7BD9 : 7A;
	7BDA : 7A;
	7BDB : 7A;
	7BDC : 7A;
	7BDD : 7A;
	7BDE : 7A;
	7BDF : 7A;
	7BE0 : 7A;
	7BE1 : 7A;
	7BE2 : 7A;
	7BE3 : 7A;
	7BE4 : 7A;
	7BE5 : 79;
	7BE6 : 79;
	7BE7 : 79;
	7BE8 : 79;
	7BE9 : 79;
	7BEA : 78;
	7BEB : 78;
	7BEC : 78;
	7BED : 78;
	7BEE : 77;
	7BEF : 76;
	7BF0 : 76;
	7BF1 : 75;
	7BF2 : 74;
	7BF3 : 73;
	7BF4 : 72;
	7BF5 : 71;
	7BF6 : 70;
	7BF7 : 6E;
	7BF8 : 6C;
	7BF9 : 68;
	7BFA : 60;
	7BFB : 00;
	7BFC : E0;
	7BFD : E8;
	7BFE : EC;
	7BFF : 7F;
	7C00 : 7C;
	7C01 : 7C;
	7C02 : 7C;
	7C03 : 7C;
	7C04 : 7C;
	7C05 : 7C;
	7C06 : 7C;
	7C07 : 7C;
	7C08 : 7C;
	7C09 : 7C;
	7C0A : 7C;
	7C0B : 7C;
	7C0C : 7C;
	7C0D : 7C;
	7C0E : 7C;
	7C0F : 7C;
	7C10 : 7C;
	7C11 : 7C;
	7C12 : 7C;
	7C13 : 7C;
	7C14 : 7C;
	7C15 : 7C;
	7C16 : 7C;
	7C17 : 7C;
	7C18 : 7C;
	7C19 : 7C;
	7C1A : 7C;
	7C1B : 7C;
	7C1C : 7C;
	7C1D : 7C;
	7C1E : 7C;
	7C1F : 7C;
	7C20 : 7C;
	7C21 : 7C;
	7C22 : 7C;
	7C23 : 7C;
	7C24 : 7C;
	7C25 : 7C;
	7C26 : 7C;
	7C27 : 7C;
	7C28 : 7C;
	7C29 : 7C;
	7C2A : 7C;
	7C2B : 7C;
	7C2C : 7C;
	7C2D : 7C;
	7C2E : 7C;
	7C2F : 7C;
	7C30 : 7C;
	7C31 : 7C;
	7C32 : 7C;
	7C33 : 7C;
	7C34 : 7C;
	7C35 : 7C;
	7C36 : 7C;
	7C37 : 7C;
	7C38 : 7C;
	7C39 : 7C;
	7C3A : 7C;
	7C3B : 7C;
	7C3C : 7C;
	7C3D : 7C;
	7C3E : 7C;
	7C3F : 7C;
	7C40 : 7C;
	7C41 : 7C;
	7C42 : 7C;
	7C43 : 7C;
	7C44 : 7C;
	7C45 : 7C;
	7C46 : 7C;
	7C47 : 7C;
	7C48 : 7C;
	7C49 : 7C;
	7C4A : 7C;
	7C4B : 7C;
	7C4C : 7C;
	7C4D : 7C;
	7C4E : 7C;
	7C4F : 7C;
	7C50 : 7C;
	7C51 : 7C;
	7C52 : 7C;
	7C53 : 7C;
	7C54 : 7C;
	7C55 : 7C;
	7C56 : 7C;
	7C57 : 7C;
	7C58 : 7C;
	7C59 : 7D;
	7C5A : 7D;
	7C5B : 7D;
	7C5C : 7D;
	7C5D : 7D;
	7C5E : 7D;
	7C5F : 7D;
	7C60 : 7D;
	7C61 : 7D;
	7C62 : 7D;
	7C63 : 7D;
	7C64 : 7E;
	7C65 : 7E;
	7C66 : 7E;
	7C67 : 7E;
	7C68 : 7E;
	7C69 : 7E;
	7C6A : 7E;
	7C6B : 7E;
	7C6C : 7E;
	7C6D : 7E;
	7C6E : 7E;
	7C6F : 7E;
	7C70 : 7E;
	7C71 : 7E;
	7C72 : 7E;
	7C73 : 7E;
	7C74 : 7E;
	7C75 : 7E;
	7C76 : 7E;
	7C77 : 7E;
	7C78 : 7E;
	7C79 : 7E;
	7C7A : 7E;
	7C7B : 7E;
	7C7C : 7E;
	7C7D : 7E;
	7C7E : 7E;
	7C7F : 7F;
	7C80 : 7C;
	7C81 : 7C;
	7C82 : 7C;
	7C83 : 7C;
	7C84 : 7C;
	7C85 : 7C;
	7C86 : 7C;
	7C87 : 7C;
	7C88 : 7C;
	7C89 : 7C;
	7C8A : 7C;
	7C8B : 7C;
	7C8C : 7C;
	7C8D : 7C;
	7C8E : 7C;
	7C8F : 7C;
	7C90 : 7C;
	7C91 : 7C;
	7C92 : 7C;
	7C93 : 7C;
	7C94 : 7C;
	7C95 : 7C;
	7C96 : 7C;
	7C97 : 7C;
	7C98 : 7C;
	7C99 : 7C;
	7C9A : 7C;
	7C9B : 7C;
	7C9C : 7C;
	7C9D : 7C;
	7C9E : 7C;
	7C9F : 7C;
	7CA0 : 7C;
	7CA1 : 7C;
	7CA2 : 7C;
	7CA3 : 7C;
	7CA4 : 7C;
	7CA5 : 7C;
	7CA6 : 7C;
	7CA7 : 7C;
	7CA8 : 7C;
	7CA9 : 7C;
	7CAA : 7C;
	7CAB : 7C;
	7CAC : 7C;
	7CAD : 7C;
	7CAE : 7C;
	7CAF : 7C;
	7CB0 : 7C;
	7CB1 : 7C;
	7CB2 : 7C;
	7CB3 : 7C;
	7CB4 : 7C;
	7CB5 : 7C;
	7CB6 : 7C;
	7CB7 : 7C;
	7CB8 : 7C;
	7CB9 : 7C;
	7CBA : 7C;
	7CBB : 7C;
	7CBC : 7C;
	7CBD : 7C;
	7CBE : 7C;
	7CBF : 7C;
	7CC0 : 7C;
	7CC1 : 7C;
	7CC2 : 7C;
	7CC3 : 7C;
	7CC4 : 7C;
	7CC5 : 7C;
	7CC6 : 7C;
	7CC7 : 7C;
	7CC8 : 7C;
	7CC9 : 7C;
	7CCA : 7C;
	7CCB : 7C;
	7CCC : 7C;
	7CCD : 7C;
	7CCE : 7C;
	7CCF : 7C;
	7CD0 : 7C;
	7CD1 : 7C;
	7CD2 : 7C;
	7CD3 : 7C;
	7CD4 : 7C;
	7CD5 : 7C;
	7CD6 : 7C;
	7CD7 : 7C;
	7CD8 : 7C;
	7CD9 : 7B;
	7CDA : 7B;
	7CDB : 7B;
	7CDC : 7B;
	7CDD : 7B;
	7CDE : 7B;
	7CDF : 7B;
	7CE0 : 7B;
	7CE1 : 7B;
	7CE2 : 7B;
	7CE3 : 7B;
	7CE4 : 7A;
	7CE5 : 7A;
	7CE6 : 7A;
	7CE7 : 7A;
	7CE8 : 7A;
	7CE9 : 7A;
	7CEA : 7A;
	7CEB : 79;
	7CEC : 79;
	7CED : 79;
	7CEE : 78;
	7CEF : 78;
	7CF0 : 78;
	7CF1 : 77;
	7CF2 : 76;
	7CF3 : 75;
	7CF4 : 74;
	7CF5 : 73;
	7CF6 : 72;
	7CF7 : 71;
	7CF8 : 70;
	7CF9 : 6C;
	7CFA : 68;
	7CFB : 60;
	7CFC : 00;
	7CFD : E0;
	7CFE : E8;
	7CFF : 7F;
	7D00 : 7D;
	7D01 : 7D;
	7D02 : 7D;
	7D03 : 7D;
	7D04 : 7D;
	7D05 : 7D;
	7D06 : 7D;
	7D07 : 7D;
	7D08 : 7D;
	7D09 : 7D;
	7D0A : 7D;
	7D0B : 7D;
	7D0C : 7D;
	7D0D : 7D;
	7D0E : 7D;
	7D0F : 7D;
	7D10 : 7D;
	7D11 : 7D;
	7D12 : 7D;
	7D13 : 7D;
	7D14 : 7D;
	7D15 : 7D;
	7D16 : 7D;
	7D17 : 7D;
	7D18 : 7D;
	7D19 : 7D;
	7D1A : 7D;
	7D1B : 7D;
	7D1C : 7D;
	7D1D : 7D;
	7D1E : 7D;
	7D1F : 7D;
	7D20 : 7D;
	7D21 : 7D;
	7D22 : 7D;
	7D23 : 7D;
	7D24 : 7D;
	7D25 : 7D;
	7D26 : 7D;
	7D27 : 7D;
	7D28 : 7D;
	7D29 : 7D;
	7D2A : 7D;
	7D2B : 7D;
	7D2C : 7D;
	7D2D : 7D;
	7D2E : 7D;
	7D2F : 7D;
	7D30 : 7D;
	7D31 : 7D;
	7D32 : 7D;
	7D33 : 7D;
	7D34 : 7D;
	7D35 : 7D;
	7D36 : 7D;
	7D37 : 7D;
	7D38 : 7D;
	7D39 : 7D;
	7D3A : 7D;
	7D3B : 7D;
	7D3C : 7D;
	7D3D : 7D;
	7D3E : 7D;
	7D3F : 7D;
	7D40 : 7D;
	7D41 : 7D;
	7D42 : 7D;
	7D43 : 7D;
	7D44 : 7D;
	7D45 : 7D;
	7D46 : 7D;
	7D47 : 7D;
	7D48 : 7D;
	7D49 : 7D;
	7D4A : 7D;
	7D4B : 7D;
	7D4C : 7D;
	7D4D : 7D;
	7D4E : 7D;
	7D4F : 7D;
	7D50 : 7D;
	7D51 : 7D;
	7D52 : 7D;
	7D53 : 7D;
	7D54 : 7D;
	7D55 : 7D;
	7D56 : 7D;
	7D57 : 7D;
	7D58 : 7E;
	7D59 : 7E;
	7D5A : 7E;
	7D5B : 7E;
	7D5C : 7E;
	7D5D : 7E;
	7D5E : 7E;
	7D5F : 7E;
	7D60 : 7E;
	7D61 : 7E;
	7D62 : 7E;
	7D63 : 7E;
	7D64 : 7E;
	7D65 : 7E;
	7D66 : 7E;
	7D67 : 7E;
	7D68 : 7E;
	7D69 : 7E;
	7D6A : 7E;
	7D6B : 7E;
	7D6C : 7E;
	7D6D : 7E;
	7D6E : 7E;
	7D6F : 7E;
	7D70 : 7E;
	7D71 : 7E;
	7D72 : 7E;
	7D73 : 7E;
	7D74 : 7E;
	7D75 : 7E;
	7D76 : 7E;
	7D77 : 7E;
	7D78 : 7E;
	7D79 : 7E;
	7D7A : 7E;
	7D7B : 7E;
	7D7C : 7E;
	7D7D : 7E;
	7D7E : 7E;
	7D7F : 7F;
	7D80 : 7D;
	7D81 : 7D;
	7D82 : 7D;
	7D83 : 7D;
	7D84 : 7D;
	7D85 : 7D;
	7D86 : 7D;
	7D87 : 7D;
	7D88 : 7D;
	7D89 : 7D;
	7D8A : 7D;
	7D8B : 7D;
	7D8C : 7D;
	7D8D : 7D;
	7D8E : 7D;
	7D8F : 7D;
	7D90 : 7D;
	7D91 : 7D;
	7D92 : 7D;
	7D93 : 7D;
	7D94 : 7D;
	7D95 : 7D;
	7D96 : 7D;
	7D97 : 7D;
	7D98 : 7D;
	7D99 : 7D;
	7D9A : 7D;
	7D9B : 7D;
	7D9C : 7D;
	7D9D : 7D;
	7D9E : 7D;
	7D9F : 7D;
	7DA0 : 7D;
	7DA1 : 7D;
	7DA2 : 7D;
	7DA3 : 7D;
	7DA4 : 7D;
	7DA5 : 7D;
	7DA6 : 7D;
	7DA7 : 7D;
	7DA8 : 7D;
	7DA9 : 7D;
	7DAA : 7D;
	7DAB : 7D;
	7DAC : 7D;
	7DAD : 7D;
	7DAE : 7D;
	7DAF : 7D;
	7DB0 : 7D;
	7DB1 : 7D;
	7DB2 : 7D;
	7DB3 : 7D;
	7DB4 : 7D;
	7DB5 : 7D;
	7DB6 : 7D;
	7DB7 : 7D;
	7DB8 : 7D;
	7DB9 : 7D;
	7DBA : 7D;
	7DBB : 7D;
	7DBC : 7D;
	7DBD : 7D;
	7DBE : 7D;
	7DBF : 7D;
	7DC0 : 7D;
	7DC1 : 7D;
	7DC2 : 7D;
	7DC3 : 7D;
	7DC4 : 7D;
	7DC5 : 7D;
	7DC6 : 7D;
	7DC7 : 7D;
	7DC8 : 7D;
	7DC9 : 7D;
	7DCA : 7D;
	7DCB : 7D;
	7DCC : 7D;
	7DCD : 7D;
	7DCE : 7D;
	7DCF : 7D;
	7DD0 : 7D;
	7DD1 : 7D;
	7DD2 : 7D;
	7DD3 : 7D;
	7DD4 : 7D;
	7DD5 : 7D;
	7DD6 : 7D;
	7DD7 : 7D;
	7DD8 : 7C;
	7DD9 : 7C;
	7DDA : 7C;
	7DDB : 7C;
	7DDC : 7C;
	7DDD : 7C;
	7DDE : 7C;
	7DDF : 7C;
	7DE0 : 7C;
	7DE1 : 7C;
	7DE2 : 7C;
	7DE3 : 7C;
	7DE4 : 7C;
	7DE5 : 7B;
	7DE6 : 7B;
	7DE7 : 7B;
	7DE8 : 7B;
	7DE9 : 7B;
	7DEA : 7A;
	7DEB : 7A;
	7DEC : 7A;
	7DED : 7A;
	7DEE : 7A;
	7DEF : 79;
	7DF0 : 79;
	7DF1 : 78;
	7DF2 : 78;
	7DF3 : 77;
	7DF4 : 76;
	7DF5 : 75;
	7DF6 : 74;
	7DF7 : 73;
	7DF8 : 72;
	7DF9 : 70;
	7DFA : 6C;
	7DFB : 68;
	7DFC : 60;
	7DFD : 00;
	7DFE : E0;
	7DFF : 7F;
	7E00 : 7E;
	7E01 : 7E;
	7E02 : 7E;
	7E03 : 7E;
	7E04 : 7E;
	7E05 : 7E;
	7E06 : 7E;
	7E07 : 7E;
	7E08 : 7E;
	7E09 : 7E;
	7E0A : 7E;
	7E0B : 7E;
	7E0C : 7E;
	7E0D : 7E;
	7E0E : 7E;
	7E0F : 7E;
	7E10 : 7E;
	7E11 : 7E;
	7E12 : 7E;
	7E13 : 7E;
	7E14 : 7E;
	7E15 : 7E;
	7E16 : 7E;
	7E17 : 7E;
	7E18 : 7E;
	7E19 : 7E;
	7E1A : 7E;
	7E1B : 7E;
	7E1C : 7E;
	7E1D : 7E;
	7E1E : 7E;
	7E1F : 7E;
	7E20 : 7E;
	7E21 : 7E;
	7E22 : 7E;
	7E23 : 7E;
	7E24 : 7E;
	7E25 : 7E;
	7E26 : 7E;
	7E27 : 7E;
	7E28 : 7E;
	7E29 : 7E;
	7E2A : 7E;
	7E2B : 7E;
	7E2C : 7E;
	7E2D : 7E;
	7E2E : 7E;
	7E2F : 7E;
	7E30 : 7E;
	7E31 : 7E;
	7E32 : 7E;
	7E33 : 7E;
	7E34 : 7E;
	7E35 : 7E;
	7E36 : 7E;
	7E37 : 7E;
	7E38 : 7E;
	7E39 : 7E;
	7E3A : 7E;
	7E3B : 7E;
	7E3C : 7E;
	7E3D : 7E;
	7E3E : 7E;
	7E3F : 7E;
	7E40 : 7E;
	7E41 : 7E;
	7E42 : 7E;
	7E43 : 7E;
	7E44 : 7E;
	7E45 : 7E;
	7E46 : 7E;
	7E47 : 7E;
	7E48 : 7E;
	7E49 : 7E;
	7E4A : 7E;
	7E4B : 7E;
	7E4C : 7E;
	7E4D : 7E;
	7E4E : 7E;
	7E4F : 7E;
	7E50 : 7E;
	7E51 : 7E;
	7E52 : 7E;
	7E53 : 7E;
	7E54 : 7E;
	7E55 : 7E;
	7E56 : 7E;
	7E57 : 7E;
	7E58 : 7E;
	7E59 : 7E;
	7E5A : 7E;
	7E5B : 7E;
	7E5C : 7E;
	7E5D : 7E;
	7E5E : 7E;
	7E5F : 7E;
	7E60 : 7E;
	7E61 : 7E;
	7E62 : 7E;
	7E63 : 7E;
	7E64 : 7E;
	7E65 : 7E;
	7E66 : 7E;
	7E67 : 7E;
	7E68 : 7E;
	7E69 : 7E;
	7E6A : 7E;
	7E6B : 7E;
	7E6C : 7E;
	7E6D : 7E;
	7E6E : 7E;
	7E6F : 7E;
	7E70 : 7E;
	7E71 : 7E;
	7E72 : 7E;
	7E73 : 7E;
	7E74 : 7E;
	7E75 : 7E;
	7E76 : 7E;
	7E77 : 7E;
	7E78 : 7E;
	7E79 : 7E;
	7E7A : 7E;
	7E7B : 7E;
	7E7C : 7E;
	7E7D : 7E;
	7E7E : 7E;
	7E7F : 7F;
	7E80 : 7E;
	7E81 : 7E;
	7E82 : 7E;
	7E83 : 7E;
	7E84 : 7E;
	7E85 : 7E;
	7E86 : 7E;
	7E87 : 7E;
	7E88 : 7E;
	7E89 : 7E;
	7E8A : 7E;
	7E8B : 7E;
	7E8C : 7E;
	7E8D : 7E;
	7E8E : 7E;
	7E8F : 7E;
	7E90 : 7E;
	7E91 : 7E;
	7E92 : 7E;
	7E93 : 7E;
	7E94 : 7E;
	7E95 : 7E;
	7E96 : 7E;
	7E97 : 7E;
	7E98 : 7E;
	7E99 : 7E;
	7E9A : 7E;
	7E9B : 7E;
	7E9C : 7E;
	7E9D : 7E;
	7E9E : 7E;
	7E9F : 7E;
	7EA0 : 7E;
	7EA1 : 7E;
	7EA2 : 7E;
	7EA3 : 7E;
	7EA4 : 7E;
	7EA5 : 7E;
	7EA6 : 7E;
	7EA7 : 7E;
	7EA8 : 7E;
	7EA9 : 7E;
	7EAA : 7E;
	7EAB : 7E;
	7EAC : 7E;
	7EAD : 7E;
	7EAE : 7E;
	7EAF : 7E;
	7EB0 : 7E;
	7EB1 : 7E;
	7EB2 : 7E;
	7EB3 : 7E;
	7EB4 : 7E;
	7EB5 : 7E;
	7EB6 : 7E;
	7EB7 : 7E;
	7EB8 : 7E;
	7EB9 : 7E;
	7EBA : 7E;
	7EBB : 7E;
	7EBC : 7E;
	7EBD : 7E;
	7EBE : 7E;
	7EBF : 7E;
	7EC0 : 7E;
	7EC1 : 7E;
	7EC2 : 7E;
	7EC3 : 7E;
	7EC4 : 7E;
	7EC5 : 7E;
	7EC6 : 7E;
	7EC7 : 7E;
	7EC8 : 7E;
	7EC9 : 7E;
	7ECA : 7E;
	7ECB : 7E;
	7ECC : 7E;
	7ECD : 7E;
	7ECE : 7E;
	7ECF : 7E;
	7ED0 : 7E;
	7ED1 : 7E;
	7ED2 : 7E;
	7ED3 : 7E;
	7ED4 : 7E;
	7ED5 : 7E;
	7ED6 : 7E;
	7ED7 : 7E;
	7ED8 : 7E;
	7ED9 : 7D;
	7EDA : 7D;
	7EDB : 7D;
	7EDC : 7D;
	7EDD : 7D;
	7EDE : 7D;
	7EDF : 7D;
	7EE0 : 7D;
	7EE1 : 7D;
	7EE2 : 7D;
	7EE3 : 7D;
	7EE4 : 7C;
	7EE5 : 7C;
	7EE6 : 7C;
	7EE7 : 7C;
	7EE8 : 7C;
	7EE9 : 7C;
	7EEA : 7C;
	7EEB : 7B;
	7EEC : 7B;
	7EED : 7B;
	7EEE : 7A;
	7EEF : 7A;
	7EF0 : 7A;
	7EF1 : 7A;
	7EF2 : 79;
	7EF3 : 78;
	7EF4 : 78;
	7EF5 : 77;
	7EF6 : 76;
	7EF7 : 75;
	7EF8 : 74;
	7EF9 : 72;
	7EFA : 70;
	7EFB : 6C;
	7EFC : 68;
	7EFD : 60;
	7EFE : 00;
	7EFF : 7F;
	7F00 : 7F;
	7F01 : 7F;
	7F02 : 7F;
	7F03 : 7F;
	7F04 : 7F;
	7F05 : 7F;
	7F06 : 7F;
	7F07 : 7F;
	7F08 : 7F;
	7F09 : 7F;
	7F0A : 7F;
	7F0B : 7F;
	7F0C : 7F;
	7F0D : 7F;
	7F0E : 7F;
	7F0F : 7F;
	7F10 : 7F;
	7F11 : 7F;
	7F12 : 7F;
	7F13 : 7F;
	7F14 : 7F;
	7F15 : 7F;
	7F16 : 7F;
	7F17 : 7F;
	7F18 : 7F;
	7F19 : 7F;
	7F1A : 7F;
	7F1B : 7F;
	7F1C : 7F;
	7F1D : 7F;
	7F1E : 7F;
	7F1F : 7F;
	7F20 : 7F;
	7F21 : 7F;
	7F22 : 7F;
	7F23 : 7F;
	7F24 : 7F;
	7F25 : 7F;
	7F26 : 7F;
	7F27 : 7F;
	7F28 : 7F;
	7F29 : 7F;
	7F2A : 7F;
	7F2B : 7F;
	7F2C : 7F;
	7F2D : 7F;
	7F2E : 7F;
	7F2F : 7F;
	7F30 : 7F;
	7F31 : 7F;
	7F32 : 7F;
	7F33 : 7F;
	7F34 : 7F;
	7F35 : 7F;
	7F36 : 7F;
	7F37 : 7F;
	7F38 : 7F;
	7F39 : 7F;
	7F3A : 7F;
	7F3B : 7F;
	7F3C : 7F;
	7F3D : 7F;
	7F3E : 7F;
	7F3F : 7F;
	7F40 : 7F;
	7F41 : 7F;
	7F42 : 7F;
	7F43 : 7F;
	7F44 : 7F;
	7F45 : 7F;
	7F46 : 7F;
	7F47 : 7F;
	7F48 : 7F;
	7F49 : 7F;
	7F4A : 7F;
	7F4B : 7F;
	7F4C : 7F;
	7F4D : 7F;
	7F4E : 7F;
	7F4F : 7F;
	7F50 : 7F;
	7F51 : 7F;
	7F52 : 7F;
	7F53 : 7F;
	7F54 : 7F;
	7F55 : 7F;
	7F56 : 7F;
	7F57 : 7F;
	7F58 : 7F;
	7F59 : 7F;
	7F5A : 7F;
	7F5B : 7F;
	7F5C : 7F;
	7F5D : 7F;
	7F5E : 7F;
	7F5F : 7F;
	7F60 : 7F;
	7F61 : 7F;
	7F62 : 7F;
	7F63 : 7F;
	7F64 : 7F;
	7F65 : 7F;
	7F66 : 7F;
	7F67 : 7F;
	7F68 : 7F;
	7F69 : 7F;
	7F6A : 7F;
	7F6B : 7F;
	7F6C : 7F;
	7F6D : 7F;
	7F6E : 7F;
	7F6F : 7F;
	7F70 : 7F;
	7F71 : 7F;
	7F72 : 7F;
	7F73 : 7F;
	7F74 : 7F;
	7F75 : 7F;
	7F76 : 7F;
	7F77 : 7F;
	7F78 : 7F;
	7F79 : 7F;
	7F7A : 7F;
	7F7B : 7F;
	7F7C : 7F;
	7F7D : 7F;
	7F7E : 7F;
	7F7F : 7F;
	7F80 : 7F;
	7F81 : 7F;
	7F82 : 7F;
	7F83 : 7F;
	7F84 : 7F;
	7F85 : 7F;
	7F86 : 7F;
	7F87 : 7F;
	7F88 : 7F;
	7F89 : 7F;
	7F8A : 7F;
	7F8B : 7F;
	7F8C : 7F;
	7F8D : 7F;
	7F8E : 7F;
	7F8F : 7F;
	7F90 : 7F;
	7F91 : 7F;
	7F92 : 7F;
	7F93 : 7F;
	7F94 : 7F;
	7F95 : 7F;
	7F96 : 7F;
	7F97 : 7F;
	7F98 : 7F;
	7F99 : 7F;
	7F9A : 7F;
	7F9B : 7F;
	7F9C : 7F;
	7F9D : 7F;
	7F9E : 7F;
	7F9F : 7F;
	7FA0 : 7F;
	7FA1 : 7F;
	7FA2 : 7F;
	7FA3 : 7F;
	7FA4 : 7F;
	7FA5 : 7F;
	7FA6 : 7F;
	7FA7 : 7F;
	7FA8 : 7F;
	7FA9 : 7F;
	7FAA : 7F;
	7FAB : 7F;
	7FAC : 7F;
	7FAD : 7F;
	7FAE : 7F;
	7FAF : 7F;
	7FB0 : 7F;
	7FB1 : 7F;
	7FB2 : 7F;
	7FB3 : 7F;
	7FB4 : 7F;
	7FB5 : 7F;
	7FB6 : 7F;
	7FB7 : 7F;
	7FB8 : 7F;
	7FB9 : 7F;
	7FBA : 7F;
	7FBB : 7F;
	7FBC : 7F;
	7FBD : 7F;
	7FBE : 7F;
	7FBF : 7F;
	7FC0 : 7F;
	7FC1 : 7F;
	7FC2 : 7F;
	7FC3 : 7F;
	7FC4 : 7F;
	7FC5 : 7F;
	7FC6 : 7F;
	7FC7 : 7F;
	7FC8 : 7F;
	7FC9 : 7F;
	7FCA : 7F;
	7FCB : 7F;
	7FCC : 7F;
	7FCD : 7F;
	7FCE : 7F;
	7FCF : 7F;
	7FD0 : 7F;
	7FD1 : 7F;
	7FD2 : 7F;
	7FD3 : 7F;
	7FD4 : 7F;
	7FD5 : 7F;
	7FD6 : 7F;
	7FD7 : 7F;
	7FD8 : 7F;
	7FD9 : 7F;
	7FDA : 7F;
	7FDB : 7F;
	7FDC : 7F;
	7FDD : 7F;
	7FDE : 7F;
	7FDF : 7F;
	7FE0 : 7F;
	7FE1 : 7F;
	7FE2 : 7F;
	7FE3 : 7F;
	7FE4 : 7F;
	7FE5 : 7F;
	7FE6 : 7F;
	7FE7 : 7F;
	7FE8 : 7F;
	7FE9 : 7F;
	7FEA : 7F;
	7FEB : 7F;
	7FEC : 7F;
	7FED : 7F;
	7FEE : 7F;
	7FEF : 7F;
	7FF0 : 7F;
	7FF1 : 7F;
	7FF2 : 7F;
	7FF3 : 7F;
	7FF4 : 7F;
	7FF5 : 7F;
	7FF6 : 7F;
	7FF7 : 7F;
	7FF8 : 7F;
	7FF9 : 7F;
	7FFA : 7F;
	7FFB : 7F;
	7FFC : 7F;
	7FFD : 7F;
	7FFE : 7F;
	7FFF : 7F;
	8000 : 00;
	8001 : 01;
	8002 : 02;
	8003 : 03;
	8004 : 04;
	8005 : 05;
	8006 : 06;
	8007 : 07;
	8008 : 08;
	8009 : 09;
	800A : 0A;
	800B : 0B;
	800C : 0C;
	800D : 0D;
	800E : 0E;
	800F : 0F;
	8010 : 10;
	8011 : 11;
	8012 : 12;
	8013 : 13;
	8014 : 14;
	8015 : 15;
	8016 : 16;
	8017 : 17;
	8018 : 18;
	8019 : 19;
	801A : 1A;
	801B : 1B;
	801C : 1C;
	801D : 1D;
	801E : 1E;
	801F : 1F;
	8020 : 20;
	8021 : 21;
	8022 : 22;
	8023 : 23;
	8024 : 24;
	8025 : 25;
	8026 : 26;
	8027 : 27;
	8028 : 28;
	8029 : 29;
	802A : 2A;
	802B : 2B;
	802C : 2C;
	802D : 2D;
	802E : 2E;
	802F : 2F;
	8030 : 30;
	8031 : 31;
	8032 : 32;
	8033 : 33;
	8034 : 34;
	8035 : 35;
	8036 : 36;
	8037 : 37;
	8038 : 38;
	8039 : 39;
	803A : 3A;
	803B : 3B;
	803C : 3C;
	803D : 3D;
	803E : 3E;
	803F : 3F;
	8040 : 40;
	8041 : 41;
	8042 : 42;
	8043 : 43;
	8044 : 44;
	8045 : 45;
	8046 : 46;
	8047 : 47;
	8048 : 48;
	8049 : 49;
	804A : 4A;
	804B : 4B;
	804C : 4C;
	804D : 4D;
	804E : 4E;
	804F : 4F;
	8050 : 50;
	8051 : 51;
	8052 : 52;
	8053 : 53;
	8054 : 54;
	8055 : 55;
	8056 : 56;
	8057 : 57;
	8058 : 58;
	8059 : 59;
	805A : 5A;
	805B : 5B;
	805C : 5C;
	805D : 5D;
	805E : 5E;
	805F : 5F;
	8060 : 60;
	8061 : 61;
	8062 : 62;
	8063 : 63;
	8064 : 64;
	8065 : 65;
	8066 : 66;
	8067 : 67;
	8068 : 68;
	8069 : 69;
	806A : 6A;
	806B : 6B;
	806C : 6C;
	806D : 6D;
	806E : 6E;
	806F : 6F;
	8070 : 70;
	8071 : 71;
	8072 : 72;
	8073 : 73;
	8074 : 74;
	8075 : 75;
	8076 : 76;
	8077 : 77;
	8078 : 78;
	8079 : 79;
	807A : 7A;
	807B : 7B;
	807C : 7C;
	807D : 7D;
	807E : 7E;
	807F : 7F;
	8080 : 00;
	8081 : 81;
	8082 : 82;
	8083 : 83;
	8084 : 84;
	8085 : 85;
	8086 : 86;
	8087 : 87;
	8088 : 88;
	8089 : 89;
	808A : 8A;
	808B : 8B;
	808C : 8C;
	808D : 8D;
	808E : 8E;
	808F : 8F;
	8090 : 90;
	8091 : 91;
	8092 : 92;
	8093 : 93;
	8094 : 94;
	8095 : 95;
	8096 : 96;
	8097 : 97;
	8098 : 98;
	8099 : 99;
	809A : 9A;
	809B : 9B;
	809C : 9C;
	809D : 9D;
	809E : 9E;
	809F : 9F;
	80A0 : A0;
	80A1 : A1;
	80A2 : A2;
	80A3 : A3;
	80A4 : A4;
	80A5 : A5;
	80A6 : A6;
	80A7 : A7;
	80A8 : A8;
	80A9 : A9;
	80AA : AA;
	80AB : AB;
	80AC : AC;
	80AD : AD;
	80AE : AE;
	80AF : AF;
	80B0 : B0;
	80B1 : B1;
	80B2 : B2;
	80B3 : B3;
	80B4 : B4;
	80B5 : B5;
	80B6 : B6;
	80B7 : B7;
	80B8 : B8;
	80B9 : B9;
	80BA : BA;
	80BB : BB;
	80BC : BC;
	80BD : BD;
	80BE : BE;
	80BF : BF;
	80C0 : C0;
	80C1 : C1;
	80C2 : C2;
	80C3 : C3;
	80C4 : C4;
	80C5 : C5;
	80C6 : C6;
	80C7 : C7;
	80C8 : C8;
	80C9 : C9;
	80CA : CA;
	80CB : CB;
	80CC : CC;
	80CD : CD;
	80CE : CE;
	80CF : CF;
	80D0 : D0;
	80D1 : D1;
	80D2 : D2;
	80D3 : D3;
	80D4 : D4;
	80D5 : D5;
	80D6 : D6;
	80D7 : D7;
	80D8 : D8;
	80D9 : D9;
	80DA : DA;
	80DB : DB;
	80DC : DC;
	80DD : DD;
	80DE : DE;
	80DF : DF;
	80E0 : E0;
	80E1 : E1;
	80E2 : E2;
	80E3 : E3;
	80E4 : E4;
	80E5 : E5;
	80E6 : E6;
	80E7 : E7;
	80E8 : E8;
	80E9 : E9;
	80EA : EA;
	80EB : EB;
	80EC : EC;
	80ED : ED;
	80EE : EE;
	80EF : EF;
	80F0 : F0;
	80F1 : F1;
	80F2 : F2;
	80F3 : F3;
	80F4 : F4;
	80F5 : F5;
	80F6 : F6;
	80F7 : F7;
	80F8 : F8;
	80F9 : F9;
	80FA : FA;
	80FB : FB;
	80FC : FC;
	80FD : FD;
	80FE : FE;
	80FF : 7F;
	8100 : 81;
	8101 : 00;
	8102 : 01;
	8103 : 02;
	8104 : 03;
	8105 : 04;
	8106 : 05;
	8107 : 06;
	8108 : 07;
	8109 : 08;
	810A : 09;
	810B : 0A;
	810C : 0B;
	810D : 0C;
	810E : 0D;
	810F : 0E;
	8110 : 0F;
	8111 : 10;
	8112 : 12;
	8113 : 12;
	8114 : 14;
	8115 : 14;
	8116 : 16;
	8117 : 16;
	8118 : 18;
	8119 : 19;
	811A : 1A;
	811B : 1B;
	811C : 1C;
	811D : 1D;
	811E : 1E;
	811F : 1F;
	8120 : 20;
	8121 : 21;
	8122 : 22;
	8123 : 23;
	8124 : 24;
	8125 : 25;
	8126 : 26;
	8127 : 27;
	8128 : 28;
	8129 : 29;
	812A : 2A;
	812B : 2B;
	812C : 2C;
	812D : 2D;
	812E : 2E;
	812F : 2F;
	8130 : 30;
	8131 : 31;
	8132 : 32;
	8133 : 33;
	8134 : 34;
	8135 : 35;
	8136 : 36;
	8137 : 37;
	8138 : 38;
	8139 : 39;
	813A : 3A;
	813B : 3B;
	813C : 3C;
	813D : 3D;
	813E : 3E;
	813F : 3F;
	8140 : 40;
	8141 : 41;
	8142 : 42;
	8143 : 43;
	8144 : 44;
	8145 : 45;
	8146 : 46;
	8147 : 47;
	8148 : 48;
	8149 : 49;
	814A : 4A;
	814B : 4B;
	814C : 4C;
	814D : 4D;
	814E : 4E;
	814F : 4F;
	8150 : 50;
	8151 : 51;
	8152 : 52;
	8153 : 53;
	8154 : 54;
	8155 : 55;
	8156 : 56;
	8157 : 57;
	8158 : 58;
	8159 : 59;
	815A : 5A;
	815B : 5B;
	815C : 5C;
	815D : 5D;
	815E : 5E;
	815F : 5F;
	8160 : 60;
	8161 : 61;
	8162 : 62;
	8163 : 63;
	8164 : 64;
	8165 : 65;
	8166 : 66;
	8167 : 67;
	8168 : 68;
	8169 : 69;
	816A : 6A;
	816B : 6B;
	816C : 6C;
	816D : 6D;
	816E : 6E;
	816F : 6F;
	8170 : 70;
	8171 : 71;
	8172 : 72;
	8173 : 73;
	8174 : 74;
	8175 : 75;
	8176 : 76;
	8177 : 77;
	8178 : 78;
	8179 : 79;
	817A : 7A;
	817B : 7B;
	817C : 7C;
	817D : 7D;
	817E : 7E;
	817F : 7F;
	8180 : 81;
	8181 : 82;
	8182 : 83;
	8183 : 84;
	8184 : 85;
	8185 : 86;
	8186 : 87;
	8187 : 88;
	8188 : 89;
	8189 : 8A;
	818A : 8B;
	818B : 8C;
	818C : 8D;
	818D : 8E;
	818E : 8F;
	818F : 90;
	8190 : 90;
	8191 : 92;
	8192 : 92;
	8193 : 94;
	8194 : 94;
	8195 : 96;
	8196 : 96;
	8197 : 98;
	8198 : 98;
	8199 : 99;
	819A : 9A;
	819B : 9B;
	819C : 9C;
	819D : 9D;
	819E : 9E;
	819F : 9F;
	81A0 : A0;
	81A1 : A1;
	81A2 : A2;
	81A3 : A3;
	81A4 : A4;
	81A5 : A5;
	81A6 : A6;
	81A7 : A7;
	81A8 : A8;
	81A9 : A9;
	81AA : AA;
	81AB : AB;
	81AC : AC;
	81AD : AD;
	81AE : AE;
	81AF : AF;
	81B0 : B0;
	81B1 : B1;
	81B2 : B2;
	81B3 : B3;
	81B4 : B4;
	81B5 : B5;
	81B6 : B6;
	81B7 : B7;
	81B8 : B8;
	81B9 : B9;
	81BA : BA;
	81BB : BB;
	81BC : BC;
	81BD : BD;
	81BE : BE;
	81BF : BF;
	81C0 : C0;
	81C1 : C1;
	81C2 : C2;
	81C3 : C3;
	81C4 : C4;
	81C5 : C5;
	81C6 : C6;
	81C7 : C7;
	81C8 : C8;
	81C9 : C9;
	81CA : CA;
	81CB : CB;
	81CC : CC;
	81CD : CD;
	81CE : CE;
	81CF : CF;
	81D0 : D0;
	81D1 : D1;
	81D2 : D2;
	81D3 : D3;
	81D4 : D4;
	81D5 : D5;
	81D6 : D6;
	81D7 : D7;
	81D8 : D8;
	81D9 : D9;
	81DA : DA;
	81DB : DB;
	81DC : DC;
	81DD : DD;
	81DE : DE;
	81DF : DF;
	81E0 : E0;
	81E1 : E1;
	81E2 : E2;
	81E3 : E3;
	81E4 : E4;
	81E5 : E5;
	81E6 : E6;
	81E7 : E7;
	81E8 : E8;
	81E9 : E9;
	81EA : EA;
	81EB : EB;
	81EC : EC;
	81ED : ED;
	81EE : EE;
	81EF : EF;
	81F0 : F0;
	81F1 : F1;
	81F2 : F2;
	81F3 : F3;
	81F4 : F4;
	81F5 : F5;
	81F6 : F6;
	81F7 : F7;
	81F8 : F8;
	81F9 : F9;
	81FA : FA;
	81FB : FB;
	81FC : FC;
	81FD : FD;
	81FE : FE;
	81FF : 7F;
	8200 : 82;
	8201 : 81;
	8202 : 00;
	8203 : 01;
	8204 : 02;
	8205 : 03;
	8206 : 04;
	8207 : 05;
	8208 : 06;
	8209 : 07;
	820A : 08;
	820B : 09;
	820C : 0A;
	820D : 0B;
	820E : 0C;
	820F : 0D;
	8210 : 0E;
	8211 : 10;
	8212 : 11;
	8213 : 12;
	8214 : 13;
	8215 : 14;
	8216 : 15;
	8217 : 16;
	8218 : 17;
	8219 : 18;
	821A : 1A;
	821B : 1A;
	821C : 1C;
	821D : 1C;
	821E : 1E;
	821F : 1E;
	8220 : 20;
	8221 : 21;
	8222 : 22;
	8223 : 23;
	8224 : 24;
	8225 : 25;
	8226 : 26;
	8227 : 27;
	8228 : 28;
	8229 : 29;
	822A : 2A;
	822B : 2B;
	822C : 2C;
	822D : 2D;
	822E : 2E;
	822F : 2F;
	8230 : 30;
	8231 : 31;
	8232 : 32;
	8233 : 33;
	8234 : 34;
	8235 : 35;
	8236 : 36;
	8237 : 37;
	8238 : 38;
	8239 : 39;
	823A : 3A;
	823B : 3B;
	823C : 3C;
	823D : 3D;
	823E : 3E;
	823F : 3F;
	8240 : 40;
	8241 : 41;
	8242 : 42;
	8243 : 43;
	8244 : 44;
	8245 : 45;
	8246 : 46;
	8247 : 47;
	8248 : 48;
	8249 : 49;
	824A : 4A;
	824B : 4B;
	824C : 4C;
	824D : 4D;
	824E : 4E;
	824F : 4F;
	8250 : 50;
	8251 : 51;
	8252 : 52;
	8253 : 53;
	8254 : 54;
	8255 : 55;
	8256 : 56;
	8257 : 57;
	8258 : 58;
	8259 : 59;
	825A : 5A;
	825B : 5B;
	825C : 5C;
	825D : 5D;
	825E : 5E;
	825F : 5F;
	8260 : 60;
	8261 : 61;
	8262 : 62;
	8263 : 63;
	8264 : 64;
	8265 : 65;
	8266 : 66;
	8267 : 67;
	8268 : 68;
	8269 : 69;
	826A : 6A;
	826B : 6B;
	826C : 6C;
	826D : 6D;
	826E : 6E;
	826F : 6F;
	8270 : 70;
	8271 : 71;
	8272 : 72;
	8273 : 73;
	8274 : 74;
	8275 : 75;
	8276 : 76;
	8277 : 77;
	8278 : 78;
	8279 : 79;
	827A : 7A;
	827B : 7B;
	827C : 7C;
	827D : 7D;
	827E : 7E;
	827F : 7F;
	8280 : 82;
	8281 : 83;
	8282 : 84;
	8283 : 85;
	8284 : 86;
	8285 : 87;
	8286 : 88;
	8287 : 89;
	8288 : 8A;
	8289 : 8B;
	828A : 8C;
	828B : 8D;
	828C : 8E;
	828D : 8F;
	828E : 90;
	828F : 90;
	8290 : 91;
	8291 : 92;
	8292 : 93;
	8293 : 94;
	8294 : 95;
	8295 : 96;
	8296 : 97;
	8297 : 98;
	8298 : 98;
	8299 : 9A;
	829A : 9A;
	829B : 9C;
	829C : 9C;
	829D : 9E;
	829E : 9E;
	829F : A0;
	82A0 : A0;
	82A1 : A1;
	82A2 : A2;
	82A3 : A3;
	82A4 : A4;
	82A5 : A5;
	82A6 : A6;
	82A7 : A7;
	82A8 : A8;
	82A9 : A9;
	82AA : AA;
	82AB : AB;
	82AC : AC;
	82AD : AD;
	82AE : AE;
	82AF : AF;
	82B0 : B0;
	82B1 : B1;
	82B2 : B2;
	82B3 : B3;
	82B4 : B4;
	82B5 : B5;
	82B6 : B6;
	82B7 : B7;
	82B8 : B8;
	82B9 : B9;
	82BA : BA;
	82BB : BB;
	82BC : BC;
	82BD : BD;
	82BE : BE;
	82BF : BF;
	82C0 : C0;
	82C1 : C1;
	82C2 : C2;
	82C3 : C3;
	82C4 : C4;
	82C5 : C5;
	82C6 : C6;
	82C7 : C7;
	82C8 : C8;
	82C9 : C9;
	82CA : CA;
	82CB : CB;
	82CC : CC;
	82CD : CD;
	82CE : CE;
	82CF : CF;
	82D0 : D0;
	82D1 : D1;
	82D2 : D2;
	82D3 : D3;
	82D4 : D4;
	82D5 : D5;
	82D6 : D6;
	82D7 : D7;
	82D8 : D8;
	82D9 : D9;
	82DA : DA;
	82DB : DB;
	82DC : DC;
	82DD : DD;
	82DE : DE;
	82DF : DF;
	82E0 : E0;
	82E1 : E1;
	82E2 : E2;
	82E3 : E3;
	82E4 : E4;
	82E5 : E5;
	82E6 : E6;
	82E7 : E7;
	82E8 : E8;
	82E9 : E9;
	82EA : EA;
	82EB : EB;
	82EC : EC;
	82ED : ED;
	82EE : EE;
	82EF : EF;
	82F0 : F0;
	82F1 : F1;
	82F2 : F2;
	82F3 : F3;
	82F4 : F4;
	82F5 : F5;
	82F6 : F6;
	82F7 : F7;
	82F8 : F8;
	82F9 : F9;
	82FA : FA;
	82FB : FB;
	82FC : FC;
	82FD : FD;
	82FE : FE;
	82FF : 7F;
	8300 : 83;
	8301 : 82;
	8302 : 81;
	8303 : 00;
	8304 : 01;
	8305 : 02;
	8306 : 03;
	8307 : 04;
	8308 : 05;
	8309 : 06;
	830A : 07;
	830B : 08;
	830C : 09;
	830D : 0A;
	830E : 0B;
	830F : 0C;
	8310 : 0D;
	8311 : 0F;
	8312 : 10;
	8313 : 12;
	8314 : 12;
	8315 : 14;
	8316 : 14;
	8317 : 16;
	8318 : 16;
	8319 : 18;
	831A : 19;
	831B : 1A;
	831C : 1B;
	831D : 1C;
	831E : 1D;
	831F : 1E;
	8320 : 1F;
	8321 : 21;
	8322 : 22;
	8323 : 23;
	8324 : 24;
	8325 : 25;
	8326 : 26;
	8327 : 27;
	8328 : 28;
	8329 : 29;
	832A : 2A;
	832B : 2B;
	832C : 2C;
	832D : 2D;
	832E : 2E;
	832F : 2F;
	8330 : 30;
	8331 : 31;
	8332 : 32;
	8333 : 33;
	8334 : 34;
	8335 : 35;
	8336 : 36;
	8337 : 37;
	8338 : 38;
	8339 : 39;
	833A : 3A;
	833B : 3B;
	833C : 3C;
	833D : 3D;
	833E : 3E;
	833F : 3F;
	8340 : 40;
	8341 : 41;
	8342 : 42;
	8343 : 43;
	8344 : 44;
	8345 : 45;
	8346 : 46;
	8347 : 47;
	8348 : 48;
	8349 : 49;
	834A : 4A;
	834B : 4B;
	834C : 4C;
	834D : 4D;
	834E : 4E;
	834F : 4F;
	8350 : 50;
	8351 : 51;
	8352 : 52;
	8353 : 53;
	8354 : 54;
	8355 : 55;
	8356 : 56;
	8357 : 57;
	8358 : 58;
	8359 : 59;
	835A : 5A;
	835B : 5B;
	835C : 5C;
	835D : 5D;
	835E : 5E;
	835F : 5F;
	8360 : 60;
	8361 : 61;
	8362 : 62;
	8363 : 63;
	8364 : 64;
	8365 : 65;
	8366 : 66;
	8367 : 67;
	8368 : 68;
	8369 : 69;
	836A : 6A;
	836B : 6B;
	836C : 6C;
	836D : 6D;
	836E : 6E;
	836F : 6F;
	8370 : 70;
	8371 : 71;
	8372 : 72;
	8373 : 73;
	8374 : 74;
	8375 : 75;
	8376 : 76;
	8377 : 77;
	8378 : 78;
	8379 : 79;
	837A : 7A;
	837B : 7B;
	837C : 7C;
	837D : 7D;
	837E : 7E;
	837F : 7F;
	8380 : 83;
	8381 : 84;
	8382 : 85;
	8383 : 86;
	8384 : 87;
	8385 : 88;
	8386 : 89;
	8387 : 8A;
	8388 : 8B;
	8389 : 8C;
	838A : 8D;
	838B : 8E;
	838C : 8F;
	838D : 90;
	838E : 90;
	838F : 91;
	8390 : 92;
	8391 : 92;
	8392 : 94;
	8393 : 94;
	8394 : 96;
	8395 : 96;
	8396 : 98;
	8397 : 98;
	8398 : 99;
	8399 : 9A;
	839A : 9B;
	839B : 9C;
	839C : 9D;
	839D : 9E;
	839E : 9F;
	839F : A0;
	83A0 : A0;
	83A1 : A1;
	83A2 : A2;
	83A3 : A3;
	83A4 : A4;
	83A5 : A5;
	83A6 : A6;
	83A7 : A7;
	83A8 : A8;
	83A9 : A9;
	83AA : AA;
	83AB : AB;
	83AC : AC;
	83AD : AD;
	83AE : AE;
	83AF : AF;
	83B0 : B0;
	83B1 : B1;
	83B2 : B2;
	83B3 : B3;
	83B4 : B4;
	83B5 : B5;
	83B6 : B6;
	83B7 : B7;
	83B8 : B8;
	83B9 : B9;
	83BA : BA;
	83BB : BB;
	83BC : BC;
	83BD : BD;
	83BE : BE;
	83BF : BF;
	83C0 : C0;
	83C1 : C1;
	83C2 : C2;
	83C3 : C3;
	83C4 : C4;
	83C5 : C5;
	83C6 : C6;
	83C7 : C7;
	83C8 : C8;
	83C9 : C9;
	83CA : CA;
	83CB : CB;
	83CC : CC;
	83CD : CD;
	83CE : CE;
	83CF : CF;
	83D0 : D0;
	83D1 : D1;
	83D2 : D2;
	83D3 : D3;
	83D4 : D4;
	83D5 : D5;
	83D6 : D6;
	83D7 : D7;
	83D8 : D8;
	83D9 : D9;
	83DA : DA;
	83DB : DB;
	83DC : DC;
	83DD : DD;
	83DE : DE;
	83DF : DF;
	83E0 : E0;
	83E1 : E1;
	83E2 : E2;
	83E3 : E3;
	83E4 : E4;
	83E5 : E5;
	83E6 : E6;
	83E7 : E7;
	83E8 : E8;
	83E9 : E9;
	83EA : EA;
	83EB : EB;
	83EC : EC;
	83ED : ED;
	83EE : EE;
	83EF : EF;
	83F0 : F0;
	83F1 : F1;
	83F2 : F2;
	83F3 : F3;
	83F4 : F4;
	83F5 : F5;
	83F6 : F6;
	83F7 : F7;
	83F8 : F8;
	83F9 : F9;
	83FA : FA;
	83FB : FB;
	83FC : FC;
	83FD : FD;
	83FE : FE;
	83FF : 7F;
	8400 : 84;
	8401 : 83;
	8402 : 82;
	8403 : 81;
	8404 : 00;
	8405 : 01;
	8406 : 02;
	8407 : 03;
	8408 : 04;
	8409 : 05;
	840A : 06;
	840B : 07;
	840C : 08;
	840D : 09;
	840E : 0A;
	840F : 0B;
	8410 : 0C;
	8411 : 0E;
	8412 : 10;
	8413 : 11;
	8414 : 12;
	8415 : 13;
	8416 : 14;
	8417 : 15;
	8418 : 16;
	8419 : 18;
	841A : 19;
	841B : 1A;
	841C : 1B;
	841D : 1C;
	841E : 1D;
	841F : 1E;
	8420 : 1F;
	8421 : 20;
	8422 : 22;
	8423 : 22;
	8424 : 24;
	8425 : 24;
	8426 : 26;
	8427 : 26;
	8428 : 28;
	8429 : 29;
	842A : 2A;
	842B : 2B;
	842C : 2C;
	842D : 2D;
	842E : 2E;
	842F : 2F;
	8430 : 30;
	8431 : 31;
	8432 : 32;
	8433 : 33;
	8434 : 34;
	8435 : 35;
	8436 : 36;
	8437 : 37;
	8438 : 38;
	8439 : 39;
	843A : 3A;
	843B : 3B;
	843C : 3C;
	843D : 3D;
	843E : 3E;
	843F : 3F;
	8440 : 40;
	8441 : 41;
	8442 : 42;
	8443 : 43;
	8444 : 44;
	8445 : 45;
	8446 : 46;
	8447 : 47;
	8448 : 48;
	8449 : 49;
	844A : 4A;
	844B : 4B;
	844C : 4C;
	844D : 4D;
	844E : 4E;
	844F : 4F;
	8450 : 50;
	8451 : 51;
	8452 : 52;
	8453 : 53;
	8454 : 54;
	8455 : 55;
	8456 : 56;
	8457 : 57;
	8458 : 58;
	8459 : 59;
	845A : 5A;
	845B : 5B;
	845C : 5C;
	845D : 5D;
	845E : 5E;
	845F : 5F;
	8460 : 60;
	8461 : 61;
	8462 : 62;
	8463 : 63;
	8464 : 64;
	8465 : 65;
	8466 : 66;
	8467 : 67;
	8468 : 68;
	8469 : 69;
	846A : 6A;
	846B : 6B;
	846C : 6C;
	846D : 6D;
	846E : 6E;
	846F : 6F;
	8470 : 70;
	8471 : 71;
	8472 : 72;
	8473 : 73;
	8474 : 74;
	8475 : 75;
	8476 : 76;
	8477 : 77;
	8478 : 78;
	8479 : 79;
	847A : 7A;
	847B : 7B;
	847C : 7C;
	847D : 7D;
	847E : 7E;
	847F : 7F;
	8480 : 84;
	8481 : 85;
	8482 : 86;
	8483 : 87;
	8484 : 88;
	8485 : 89;
	8486 : 8A;
	8487 : 8B;
	8488 : 8C;
	8489 : 8D;
	848A : 8E;
	848B : 8F;
	848C : 90;
	848D : 90;
	848E : 91;
	848F : 92;
	8490 : 92;
	8491 : 93;
	8492 : 94;
	8493 : 95;
	8494 : 96;
	8495 : 97;
	8496 : 98;
	8497 : 98;
	8498 : 99;
	8499 : 9A;
	849A : 9B;
	849B : 9C;
	849C : 9D;
	849D : 9E;
	849E : 9F;
	849F : A0;
	84A0 : A0;
	84A1 : A2;
	84A2 : A2;
	84A3 : A4;
	84A4 : A4;
	84A5 : A6;
	84A6 : A6;
	84A7 : A8;
	84A8 : A8;
	84A9 : A9;
	84AA : AA;
	84AB : AB;
	84AC : AC;
	84AD : AD;
	84AE : AE;
	84AF : AF;
	84B0 : B0;
	84B1 : B1;
	84B2 : B2;
	84B3 : B3;
	84B4 : B4;
	84B5 : B5;
	84B6 : B6;
	84B7 : B7;
	84B8 : B8;
	84B9 : B9;
	84BA : BA;
	84BB : BB;
	84BC : BC;
	84BD : BD;
	84BE : BE;
	84BF : BF;
	84C0 : C0;
	84C1 : C1;
	84C2 : C2;
	84C3 : C3;
	84C4 : C4;
	84C5 : C5;
	84C6 : C6;
	84C7 : C7;
	84C8 : C8;
	84C9 : C9;
	84CA : CA;
	84CB : CB;
	84CC : CC;
	84CD : CD;
	84CE : CE;
	84CF : CF;
	84D0 : D0;
	84D1 : D1;
	84D2 : D2;
	84D3 : D3;
	84D4 : D4;
	84D5 : D5;
	84D6 : D6;
	84D7 : D7;
	84D8 : D8;
	84D9 : D9;
	84DA : DA;
	84DB : DB;
	84DC : DC;
	84DD : DD;
	84DE : DE;
	84DF : DF;
	84E0 : E0;
	84E1 : E1;
	84E2 : E2;
	84E3 : E3;
	84E4 : E4;
	84E5 : E5;
	84E6 : E6;
	84E7 : E7;
	84E8 : E8;
	84E9 : E9;
	84EA : EA;
	84EB : EB;
	84EC : EC;
	84ED : ED;
	84EE : EE;
	84EF : EF;
	84F0 : F0;
	84F1 : F1;
	84F2 : F2;
	84F3 : F3;
	84F4 : F4;
	84F5 : F5;
	84F6 : F6;
	84F7 : F7;
	84F8 : F8;
	84F9 : F9;
	84FA : FA;
	84FB : FB;
	84FC : FC;
	84FD : FD;
	84FE : FE;
	84FF : 7F;
	8500 : 85;
	8501 : 84;
	8502 : 83;
	8503 : 82;
	8504 : 81;
	8505 : 00;
	8506 : 01;
	8507 : 02;
	8508 : 03;
	8509 : 04;
	850A : 05;
	850B : 06;
	850C : 07;
	850D : 08;
	850E : 09;
	850F : 0A;
	8510 : 0B;
	8511 : 0D;
	8512 : 0F;
	8513 : 10;
	8514 : 12;
	8515 : 12;
	8516 : 14;
	8517 : 14;
	8518 : 16;
	8519 : 18;
	851A : 19;
	851B : 1A;
	851C : 1B;
	851D : 1C;
	851E : 1D;
	851F : 1E;
	8520 : 1F;
	8521 : 20;
	8522 : 21;
	8523 : 22;
	8524 : 23;
	8525 : 24;
	8526 : 25;
	8527 : 26;
	8528 : 27;
	8529 : 29;
	852A : 2A;
	852B : 2B;
	852C : 2C;
	852D : 2D;
	852E : 2E;
	852F : 2F;
	8530 : 30;
	8531 : 31;
	8532 : 32;
	8533 : 33;
	8534 : 34;
	8535 : 35;
	8536 : 36;
	8537 : 37;
	8538 : 38;
	8539 : 39;
	853A : 3A;
	853B : 3B;
	853C : 3C;
	853D : 3D;
	853E : 3E;
	853F : 3F;
	8540 : 40;
	8541 : 41;
	8542 : 42;
	8543 : 43;
	8544 : 44;
	8545 : 45;
	8546 : 46;
	8547 : 47;
	8548 : 48;
	8549 : 49;
	854A : 4A;
	854B : 4B;
	854C : 4C;
	854D : 4D;
	854E : 4E;
	854F : 4F;
	8550 : 50;
	8551 : 51;
	8552 : 52;
	8553 : 53;
	8554 : 54;
	8555 : 55;
	8556 : 56;
	8557 : 57;
	8558 : 58;
	8559 : 59;
	855A : 5A;
	855B : 5B;
	855C : 5C;
	855D : 5D;
	855E : 5E;
	855F : 5F;
	8560 : 60;
	8561 : 61;
	8562 : 62;
	8563 : 63;
	8564 : 64;
	8565 : 65;
	8566 : 66;
	8567 : 67;
	8568 : 68;
	8569 : 69;
	856A : 6A;
	856B : 6B;
	856C : 6C;
	856D : 6D;
	856E : 6E;
	856F : 6F;
	8570 : 70;
	8571 : 71;
	8572 : 72;
	8573 : 73;
	8574 : 74;
	8575 : 75;
	8576 : 76;
	8577 : 77;
	8578 : 78;
	8579 : 79;
	857A : 7A;
	857B : 7B;
	857C : 7C;
	857D : 7D;
	857E : 7E;
	857F : 7F;
	8580 : 85;
	8581 : 86;
	8582 : 87;
	8583 : 88;
	8584 : 89;
	8585 : 8A;
	8586 : 8B;
	8587 : 8C;
	8588 : 8D;
	8589 : 8E;
	858A : 8F;
	858B : 90;
	858C : 90;
	858D : 91;
	858E : 92;
	858F : 92;
	8590 : 92;
	8591 : 94;
	8592 : 94;
	8593 : 96;
	8594 : 96;
	8595 : 98;
	8596 : 98;
	8597 : 99;
	8598 : 99;
	8599 : 9A;
	859A : 9B;
	859B : 9C;
	859C : 9D;
	859D : 9E;
	859E : 9F;
	859F : A0;
	85A0 : A1;
	85A1 : A2;
	85A2 : A3;
	85A3 : A4;
	85A4 : A5;
	85A5 : A6;
	85A6 : A7;
	85A7 : A8;
	85A8 : A8;
	85A9 : A9;
	85AA : AA;
	85AB : AB;
	85AC : AC;
	85AD : AD;
	85AE : AE;
	85AF : AF;
	85B0 : B0;
	85B1 : B1;
	85B2 : B2;
	85B3 : B3;
	85B4 : B4;
	85B5 : B5;
	85B6 : B6;
	85B7 : B7;
	85B8 : B8;
	85B9 : B9;
	85BA : BA;
	85BB : BB;
	85BC : BC;
	85BD : BD;
	85BE : BE;
	85BF : BF;
	85C0 : C0;
	85C1 : C1;
	85C2 : C2;
	85C3 : C3;
	85C4 : C4;
	85C5 : C5;
	85C6 : C6;
	85C7 : C7;
	85C8 : C8;
	85C9 : C9;
	85CA : CA;
	85CB : CB;
	85CC : CC;
	85CD : CD;
	85CE : CE;
	85CF : CF;
	85D0 : D0;
	85D1 : D1;
	85D2 : D2;
	85D3 : D3;
	85D4 : D4;
	85D5 : D5;
	85D6 : D6;
	85D7 : D7;
	85D8 : D8;
	85D9 : D9;
	85DA : DA;
	85DB : DB;
	85DC : DC;
	85DD : DD;
	85DE : DE;
	85DF : DF;
	85E0 : E0;
	85E1 : E1;
	85E2 : E2;
	85E3 : E3;
	85E4 : E4;
	85E5 : E5;
	85E6 : E6;
	85E7 : E7;
	85E8 : E8;
	85E9 : E9;
	85EA : EA;
	85EB : EB;
	85EC : EC;
	85ED : ED;
	85EE : EE;
	85EF : EF;
	85F0 : F0;
	85F1 : F1;
	85F2 : F2;
	85F3 : F3;
	85F4 : F4;
	85F5 : F5;
	85F6 : F6;
	85F7 : F7;
	85F8 : F8;
	85F9 : F9;
	85FA : FA;
	85FB : FB;
	85FC : FC;
	85FD : FD;
	85FE : FE;
	85FF : 7F;
	8600 : 86;
	8601 : 85;
	8602 : 84;
	8603 : 83;
	8604 : 82;
	8605 : 81;
	8606 : 00;
	8607 : 01;
	8608 : 02;
	8609 : 03;
	860A : 04;
	860B : 05;
	860C : 06;
	860D : 07;
	860E : 08;
	860F : 09;
	8610 : 0A;
	8611 : 0C;
	8612 : 0E;
	8613 : 10;
	8614 : 11;
	8615 : 12;
	8616 : 13;
	8617 : 14;
	8618 : 15;
	8619 : 17;
	861A : 18;
	861B : 1A;
	861C : 1A;
	861D : 1C;
	861E : 1C;
	861F : 1E;
	8620 : 1E;
	8621 : 20;
	8622 : 21;
	8623 : 22;
	8624 : 23;
	8625 : 24;
	8626 : 25;
	8627 : 26;
	8628 : 27;
	8629 : 29;
	862A : 2A;
	862B : 2B;
	862C : 2C;
	862D : 2D;
	862E : 2E;
	862F : 2F;
	8630 : 30;
	8631 : 31;
	8632 : 32;
	8633 : 33;
	8634 : 34;
	8635 : 35;
	8636 : 36;
	8637 : 37;
	8638 : 38;
	8639 : 39;
	863A : 3A;
	863B : 3B;
	863C : 3C;
	863D : 3D;
	863E : 3E;
	863F : 3F;
	8640 : 40;
	8641 : 41;
	8642 : 42;
	8643 : 43;
	8644 : 44;
	8645 : 45;
	8646 : 46;
	8647 : 47;
	8648 : 48;
	8649 : 49;
	864A : 4A;
	864B : 4B;
	864C : 4C;
	864D : 4D;
	864E : 4E;
	864F : 4F;
	8650 : 50;
	8651 : 51;
	8652 : 52;
	8653 : 53;
	8654 : 54;
	8655 : 55;
	8656 : 56;
	8657 : 57;
	8658 : 58;
	8659 : 59;
	865A : 5A;
	865B : 5B;
	865C : 5C;
	865D : 5D;
	865E : 5E;
	865F : 5F;
	8660 : 60;
	8661 : 61;
	8662 : 62;
	8663 : 63;
	8664 : 64;
	8665 : 65;
	8666 : 66;
	8667 : 67;
	8668 : 68;
	8669 : 69;
	866A : 6A;
	866B : 6B;
	866C : 6C;
	866D : 6D;
	866E : 6E;
	866F : 6F;
	8670 : 70;
	8671 : 71;
	8672 : 72;
	8673 : 73;
	8674 : 74;
	8675 : 75;
	8676 : 76;
	8677 : 77;
	8678 : 78;
	8679 : 79;
	867A : 7A;
	867B : 7B;
	867C : 7C;
	867D : 7D;
	867E : 7E;
	867F : 7F;
	8680 : 86;
	8681 : 87;
	8682 : 88;
	8683 : 89;
	8684 : 8A;
	8685 : 8B;
	8686 : 8C;
	8687 : 8D;
	8688 : 8E;
	8689 : 8F;
	868A : 90;
	868B : 90;
	868C : 91;
	868D : 92;
	868E : 92;
	868F : 92;
	8690 : 93;
	8691 : 94;
	8692 : 95;
	8693 : 96;
	8694 : 97;
	8695 : 98;
	8696 : 98;
	8697 : 99;
	8698 : 9A;
	8699 : 9A;
	869A : 9C;
	869B : 9C;
	869C : 9E;
	869D : 9E;
	869E : A0;
	869F : A0;
	86A0 : A1;
	86A1 : A2;
	86A2 : A3;
	86A3 : A4;
	86A4 : A5;
	86A5 : A6;
	86A6 : A7;
	86A7 : A8;
	86A8 : A8;
	86A9 : A9;
	86AA : AA;
	86AB : AB;
	86AC : AC;
	86AD : AD;
	86AE : AE;
	86AF : AF;
	86B0 : B0;
	86B1 : B1;
	86B2 : B2;
	86B3 : B3;
	86B4 : B4;
	86B5 : B5;
	86B6 : B6;
	86B7 : B7;
	86B8 : B8;
	86B9 : B9;
	86BA : BA;
	86BB : BB;
	86BC : BC;
	86BD : BD;
	86BE : BE;
	86BF : BF;
	86C0 : C0;
	86C1 : C1;
	86C2 : C2;
	86C3 : C3;
	86C4 : C4;
	86C5 : C5;
	86C6 : C6;
	86C7 : C7;
	86C8 : C8;
	86C9 : C9;
	86CA : CA;
	86CB : CB;
	86CC : CC;
	86CD : CD;
	86CE : CE;
	86CF : CF;
	86D0 : D0;
	86D1 : D1;
	86D2 : D2;
	86D3 : D3;
	86D4 : D4;
	86D5 : D5;
	86D6 : D6;
	86D7 : D7;
	86D8 : D8;
	86D9 : D9;
	86DA : DA;
	86DB : DB;
	86DC : DC;
	86DD : DD;
	86DE : DE;
	86DF : DF;
	86E0 : E0;
	86E1 : E1;
	86E2 : E2;
	86E3 : E3;
	86E4 : E4;
	86E5 : E5;
	86E6 : E6;
	86E7 : E7;
	86E8 : E8;
	86E9 : E9;
	86EA : EA;
	86EB : EB;
	86EC : EC;
	86ED : ED;
	86EE : EE;
	86EF : EF;
	86F0 : F0;
	86F1 : F1;
	86F2 : F2;
	86F3 : F3;
	86F4 : F4;
	86F5 : F5;
	86F6 : F6;
	86F7 : F7;
	86F8 : F8;
	86F9 : F9;
	86FA : FA;
	86FB : FB;
	86FC : FC;
	86FD : FD;
	86FE : FE;
	86FF : 7F;
	8700 : 87;
	8701 : 86;
	8702 : 85;
	8703 : 84;
	8704 : 83;
	8705 : 82;
	8706 : 81;
	8707 : 00;
	8708 : 01;
	8709 : 02;
	870A : 03;
	870B : 04;
	870C : 05;
	870D : 06;
	870E : 07;
	870F : 08;
	8710 : 09;
	8711 : 0B;
	8712 : 0D;
	8713 : 0F;
	8714 : 10;
	8715 : 12;
	8716 : 12;
	8717 : 14;
	8718 : 14;
	8719 : 16;
	871A : 18;
	871B : 19;
	871C : 1A;
	871D : 1B;
	871E : 1C;
	871F : 1D;
	8720 : 1E;
	8721 : 20;
	8722 : 21;
	8723 : 22;
	8724 : 23;
	8725 : 24;
	8726 : 25;
	8727 : 26;
	8728 : 27;
	8729 : 29;
	872A : 2A;
	872B : 2B;
	872C : 2C;
	872D : 2D;
	872E : 2E;
	872F : 2F;
	8730 : 30;
	8731 : 31;
	8732 : 32;
	8733 : 33;
	8734 : 34;
	8735 : 35;
	8736 : 36;
	8737 : 37;
	8738 : 38;
	8739 : 39;
	873A : 3A;
	873B : 3B;
	873C : 3C;
	873D : 3D;
	873E : 3E;
	873F : 3F;
	8740 : 40;
	8741 : 41;
	8742 : 42;
	8743 : 43;
	8744 : 44;
	8745 : 45;
	8746 : 46;
	8747 : 47;
	8748 : 48;
	8749 : 49;
	874A : 4A;
	874B : 4B;
	874C : 4C;
	874D : 4D;
	874E : 4E;
	874F : 4F;
	8750 : 50;
	8751 : 51;
	8752 : 52;
	8753 : 53;
	8754 : 54;
	8755 : 55;
	8756 : 56;
	8757 : 57;
	8758 : 58;
	8759 : 59;
	875A : 5A;
	875B : 5B;
	875C : 5C;
	875D : 5D;
	875E : 5E;
	875F : 5F;
	8760 : 60;
	8761 : 61;
	8762 : 62;
	8763 : 63;
	8764 : 64;
	8765 : 65;
	8766 : 66;
	8767 : 67;
	8768 : 68;
	8769 : 69;
	876A : 6A;
	876B : 6B;
	876C : 6C;
	876D : 6D;
	876E : 6E;
	876F : 6F;
	8770 : 70;
	8771 : 71;
	8772 : 72;
	8773 : 73;
	8774 : 74;
	8775 : 75;
	8776 : 76;
	8777 : 77;
	8778 : 78;
	8779 : 79;
	877A : 7A;
	877B : 7B;
	877C : 7C;
	877D : 7D;
	877E : 7E;
	877F : 7F;
	8780 : 87;
	8781 : 88;
	8782 : 89;
	8783 : 8A;
	8784 : 8B;
	8785 : 8C;
	8786 : 8D;
	8787 : 8E;
	8788 : 8F;
	8789 : 90;
	878A : 90;
	878B : 91;
	878C : 92;
	878D : 92;
	878E : 92;
	878F : 93;
	8790 : 94;
	8791 : 94;
	8792 : 96;
	8793 : 96;
	8794 : 98;
	8795 : 98;
	8796 : 99;
	8797 : 99;
	8798 : 9A;
	8799 : 9B;
	879A : 9C;
	879B : 9D;
	879C : 9E;
	879D : 9F;
	879E : A0;
	879F : A0;
	87A0 : A1;
	87A1 : A2;
	87A2 : A3;
	87A3 : A4;
	87A4 : A5;
	87A5 : A6;
	87A6 : A7;
	87A7 : A8;
	87A8 : A8;
	87A9 : A9;
	87AA : AA;
	87AB : AB;
	87AC : AC;
	87AD : AD;
	87AE : AE;
	87AF : AF;
	87B0 : B0;
	87B1 : B1;
	87B2 : B2;
	87B3 : B3;
	87B4 : B4;
	87B5 : B5;
	87B6 : B6;
	87B7 : B7;
	87B8 : B8;
	87B9 : B9;
	87BA : BA;
	87BB : BB;
	87BC : BC;
	87BD : BD;
	87BE : BE;
	87BF : BF;
	87C0 : C0;
	87C1 : C1;
	87C2 : C2;
	87C3 : C3;
	87C4 : C4;
	87C5 : C5;
	87C6 : C6;
	87C7 : C7;
	87C8 : C8;
	87C9 : C9;
	87CA : CA;
	87CB : CB;
	87CC : CC;
	87CD : CD;
	87CE : CE;
	87CF : CF;
	87D0 : D0;
	87D1 : D1;
	87D2 : D2;
	87D3 : D3;
	87D4 : D4;
	87D5 : D5;
	87D6 : D6;
	87D7 : D7;
	87D8 : D8;
	87D9 : D9;
	87DA : DA;
	87DB : DB;
	87DC : DC;
	87DD : DD;
	87DE : DE;
	87DF : DF;
	87E0 : E0;
	87E1 : E1;
	87E2 : E2;
	87E3 : E3;
	87E4 : E4;
	87E5 : E5;
	87E6 : E6;
	87E7 : E7;
	87E8 : E8;
	87E9 : E9;
	87EA : EA;
	87EB : EB;
	87EC : EC;
	87ED : ED;
	87EE : EE;
	87EF : EF;
	87F0 : F0;
	87F1 : F1;
	87F2 : F2;
	87F3 : F3;
	87F4 : F4;
	87F5 : F5;
	87F6 : F6;
	87F7 : F7;
	87F8 : F8;
	87F9 : F9;
	87FA : FA;
	87FB : FB;
	87FC : FC;
	87FD : FD;
	87FE : FE;
	87FF : 7F;
	8800 : 88;
	8801 : 87;
	8802 : 86;
	8803 : 85;
	8804 : 84;
	8805 : 83;
	8806 : 82;
	8807 : 81;
	8808 : 00;
	8809 : 01;
	880A : 02;
	880B : 03;
	880C : 04;
	880D : 05;
	880E : 06;
	880F : 07;
	8810 : 08;
	8811 : 0A;
	8812 : 0C;
	8813 : 0E;
	8814 : 10;
	8815 : 11;
	8816 : 12;
	8817 : 13;
	8818 : 14;
	8819 : 16;
	881A : 18;
	881B : 19;
	881C : 1A;
	881D : 1B;
	881E : 1C;
	881F : 1D;
	8820 : 1E;
	8821 : 20;
	8822 : 21;
	8823 : 22;
	8824 : 23;
	8825 : 24;
	8826 : 25;
	8827 : 26;
	8828 : 27;
	8829 : 28;
	882A : 2A;
	882B : 2A;
	882C : 2C;
	882D : 2C;
	882E : 2E;
	882F : 2E;
	8830 : 30;
	8831 : 31;
	8832 : 32;
	8833 : 33;
	8834 : 34;
	8835 : 35;
	8836 : 36;
	8837 : 37;
	8838 : 38;
	8839 : 39;
	883A : 3A;
	883B : 3B;
	883C : 3C;
	883D : 3D;
	883E : 3E;
	883F : 3F;
	8840 : 40;
	8841 : 41;
	8842 : 42;
	8843 : 43;
	8844 : 44;
	8845 : 45;
	8846 : 46;
	8847 : 47;
	8848 : 48;
	8849 : 49;
	884A : 4A;
	884B : 4B;
	884C : 4C;
	884D : 4D;
	884E : 4E;
	884F : 4F;
	8850 : 50;
	8851 : 51;
	8852 : 52;
	8853 : 53;
	8854 : 54;
	8855 : 55;
	8856 : 56;
	8857 : 57;
	8858 : 58;
	8859 : 59;
	885A : 5A;
	885B : 5B;
	885C : 5C;
	885D : 5D;
	885E : 5E;
	885F : 5F;
	8860 : 60;
	8861 : 61;
	8862 : 62;
	8863 : 63;
	8864 : 64;
	8865 : 65;
	8866 : 66;
	8867 : 67;
	8868 : 68;
	8869 : 69;
	886A : 6A;
	886B : 6B;
	886C : 6C;
	886D : 6D;
	886E : 6E;
	886F : 6F;
	8870 : 70;
	8871 : 71;
	8872 : 72;
	8873 : 73;
	8874 : 74;
	8875 : 75;
	8876 : 76;
	8877 : 77;
	8878 : 78;
	8879 : 79;
	887A : 7A;
	887B : 7B;
	887C : 7C;
	887D : 7D;
	887E : 7E;
	887F : 7F;
	8880 : 88;
	8881 : 89;
	8882 : 8A;
	8883 : 8B;
	8884 : 8C;
	8885 : 8D;
	8886 : 8E;
	8887 : 8F;
	8888 : 90;
	8889 : 90;
	888A : 91;
	888B : 92;
	888C : 92;
	888D : 92;
	888E : 93;
	888F : 94;
	8890 : 94;
	8891 : 95;
	8892 : 96;
	8893 : 97;
	8894 : 98;
	8895 : 98;
	8896 : 99;
	8897 : 9A;
	8898 : 9A;
	8899 : 9B;
	889A : 9C;
	889B : 9D;
	889C : 9E;
	889D : 9F;
	889E : A0;
	889F : A0;
	88A0 : A1;
	88A1 : A2;
	88A2 : A3;
	88A3 : A4;
	88A4 : A5;
	88A5 : A6;
	88A6 : A7;
	88A7 : A8;
	88A8 : A8;
	88A9 : AA;
	88AA : AA;
	88AB : AC;
	88AC : AC;
	88AD : AE;
	88AE : AE;
	88AF : B0;
	88B0 : B0;
	88B1 : B1;
	88B2 : B2;
	88B3 : B3;
	88B4 : B4;
	88B5 : B5;
	88B6 : B6;
	88B7 : B7;
	88B8 : B8;
	88B9 : B9;
	88BA : BA;
	88BB : BB;
	88BC : BC;
	88BD : BD;
	88BE : BE;
	88BF : BF;
	88C0 : C0;
	88C1 : C1;
	88C2 : C2;
	88C3 : C3;
	88C4 : C4;
	88C5 : C5;
	88C6 : C6;
	88C7 : C7;
	88C8 : C8;
	88C9 : C9;
	88CA : CA;
	88CB : CB;
	88CC : CC;
	88CD : CD;
	88CE : CE;
	88CF : CF;
	88D0 : D0;
	88D1 : D1;
	88D2 : D2;
	88D3 : D3;
	88D4 : D4;
	88D5 : D5;
	88D6 : D6;
	88D7 : D7;
	88D8 : D8;
	88D9 : D9;
	88DA : DA;
	88DB : DB;
	88DC : DC;
	88DD : DD;
	88DE : DE;
	88DF : DF;
	88E0 : E0;
	88E1 : E1;
	88E2 : E2;
	88E3 : E3;
	88E4 : E4;
	88E5 : E5;
	88E6 : E6;
	88E7 : E7;
	88E8 : E8;
	88E9 : E9;
	88EA : EA;
	88EB : EB;
	88EC : EC;
	88ED : ED;
	88EE : EE;
	88EF : EF;
	88F0 : F0;
	88F1 : F1;
	88F2 : F2;
	88F3 : F3;
	88F4 : F4;
	88F5 : F5;
	88F6 : F6;
	88F7 : F7;
	88F8 : F8;
	88F9 : F9;
	88FA : FA;
	88FB : FB;
	88FC : FC;
	88FD : FD;
	88FE : FE;
	88FF : 7F;
	8900 : 89;
	8901 : 88;
	8902 : 87;
	8903 : 86;
	8904 : 85;
	8905 : 84;
	8906 : 83;
	8907 : 82;
	8908 : 81;
	8909 : 00;
	890A : 01;
	890B : 02;
	890C : 03;
	890D : 04;
	890E : 05;
	890F : 06;
	8910 : 07;
	8911 : 09;
	8912 : 0B;
	8913 : 0D;
	8914 : 0F;
	8915 : 10;
	8916 : 12;
	8917 : 12;
	8918 : 14;
	8919 : 16;
	891A : 18;
	891B : 19;
	891C : 1A;
	891D : 1B;
	891E : 1C;
	891F : 1D;
	8920 : 1E;
	8921 : 20;
	8922 : 21;
	8923 : 22;
	8924 : 23;
	8925 : 24;
	8926 : 25;
	8927 : 26;
	8928 : 27;
	8929 : 28;
	892A : 29;
	892B : 2A;
	892C : 2B;
	892D : 2C;
	892E : 2D;
	892F : 2E;
	8930 : 2F;
	8931 : 31;
	8932 : 32;
	8933 : 33;
	8934 : 34;
	8935 : 35;
	8936 : 36;
	8937 : 37;
	8938 : 38;
	8939 : 39;
	893A : 3A;
	893B : 3B;
	893C : 3C;
	893D : 3D;
	893E : 3E;
	893F : 3F;
	8940 : 40;
	8941 : 41;
	8942 : 42;
	8943 : 43;
	8944 : 44;
	8945 : 45;
	8946 : 46;
	8947 : 47;
	8948 : 48;
	8949 : 49;
	894A : 4A;
	894B : 4B;
	894C : 4C;
	894D : 4D;
	894E : 4E;
	894F : 4F;
	8950 : 50;
	8951 : 51;
	8952 : 52;
	8953 : 53;
	8954 : 54;
	8955 : 55;
	8956 : 56;
	8957 : 57;
	8958 : 58;
	8959 : 59;
	895A : 5A;
	895B : 5B;
	895C : 5C;
	895D : 5D;
	895E : 5E;
	895F : 5F;
	8960 : 60;
	8961 : 61;
	8962 : 62;
	8963 : 63;
	8964 : 64;
	8965 : 65;
	8966 : 66;
	8967 : 67;
	8968 : 68;
	8969 : 69;
	896A : 6A;
	896B : 6B;
	896C : 6C;
	896D : 6D;
	896E : 6E;
	896F : 6F;
	8970 : 70;
	8971 : 71;
	8972 : 72;
	8973 : 73;
	8974 : 74;
	8975 : 75;
	8976 : 76;
	8977 : 77;
	8978 : 78;
	8979 : 79;
	897A : 7A;
	897B : 7B;
	897C : 7C;
	897D : 7D;
	897E : 7E;
	897F : 7F;
	8980 : 89;
	8981 : 8A;
	8982 : 8B;
	8983 : 8C;
	8984 : 8D;
	8985 : 8E;
	8986 : 8F;
	8987 : 90;
	8988 : 90;
	8989 : 91;
	898A : 92;
	898B : 92;
	898C : 92;
	898D : 93;
	898E : 94;
	898F : 94;
	8990 : 94;
	8991 : 96;
	8992 : 96;
	8993 : 98;
	8994 : 98;
	8995 : 99;
	8996 : 99;
	8997 : 9A;
	8998 : 9A;
	8999 : 9B;
	899A : 9C;
	899B : 9D;
	899C : 9E;
	899D : 9F;
	899E : A0;
	899F : A1;
	89A0 : A1;
	89A1 : A2;
	89A2 : A3;
	89A3 : A4;
	89A4 : A5;
	89A5 : A6;
	89A6 : A7;
	89A7 : A8;
	89A8 : A9;
	89A9 : AA;
	89AA : AB;
	89AB : AC;
	89AC : AD;
	89AD : AE;
	89AE : AF;
	89AF : B0;
	89B0 : B0;
	89B1 : B1;
	89B2 : B2;
	89B3 : B3;
	89B4 : B4;
	89B5 : B5;
	89B6 : B6;
	89B7 : B7;
	89B8 : B8;
	89B9 : B9;
	89BA : BA;
	89BB : BB;
	89BC : BC;
	89BD : BD;
	89BE : BE;
	89BF : BF;
	89C0 : C0;
	89C1 : C1;
	89C2 : C2;
	89C3 : C3;
	89C4 : C4;
	89C5 : C5;
	89C6 : C6;
	89C7 : C7;
	89C8 : C8;
	89C9 : C9;
	89CA : CA;
	89CB : CB;
	89CC : CC;
	89CD : CD;
	89CE : CE;
	89CF : CF;
	89D0 : D0;
	89D1 : D1;
	89D2 : D2;
	89D3 : D3;
	89D4 : D4;
	89D5 : D5;
	89D6 : D6;
	89D7 : D7;
	89D8 : D8;
	89D9 : D9;
	89DA : DA;
	89DB : DB;
	89DC : DC;
	89DD : DD;
	89DE : DE;
	89DF : DF;
	89E0 : E0;
	89E1 : E1;
	89E2 : E2;
	89E3 : E3;
	89E4 : E4;
	89E5 : E5;
	89E6 : E6;
	89E7 : E7;
	89E8 : E8;
	89E9 : E9;
	89EA : EA;
	89EB : EB;
	89EC : EC;
	89ED : ED;
	89EE : EE;
	89EF : EF;
	89F0 : F0;
	89F1 : F1;
	89F2 : F2;
	89F3 : F3;
	89F4 : F4;
	89F5 : F5;
	89F6 : F6;
	89F7 : F7;
	89F8 : F8;
	89F9 : F9;
	89FA : FA;
	89FB : FB;
	89FC : FC;
	89FD : FD;
	89FE : FE;
	89FF : 7F;
	8A00 : 8A;
	8A01 : 89;
	8A02 : 88;
	8A03 : 87;
	8A04 : 86;
	8A05 : 85;
	8A06 : 84;
	8A07 : 83;
	8A08 : 82;
	8A09 : 81;
	8A0A : 00;
	8A0B : 01;
	8A0C : 02;
	8A0D : 03;
	8A0E : 04;
	8A0F : 05;
	8A10 : 06;
	8A11 : 08;
	8A12 : 0A;
	8A13 : 0C;
	8A14 : 0E;
	8A15 : 10;
	8A16 : 11;
	8A17 : 12;
	8A18 : 13;
	8A19 : 15;
	8A1A : 17;
	8A1B : 18;
	8A1C : 1A;
	8A1D : 1A;
	8A1E : 1C;
	8A1F : 1C;
	8A20 : 1E;
	8A21 : 20;
	8A22 : 21;
	8A23 : 22;
	8A24 : 23;
	8A25 : 24;
	8A26 : 25;
	8A27 : 26;
	8A28 : 27;
	8A29 : 28;
	8A2A : 29;
	8A2B : 2A;
	8A2C : 2B;
	8A2D : 2C;
	8A2E : 2D;
	8A2F : 2E;
	8A30 : 2F;
	8A31 : 31;
	8A32 : 32;
	8A33 : 33;
	8A34 : 34;
	8A35 : 35;
	8A36 : 36;
	8A37 : 37;
	8A38 : 38;
	8A39 : 39;
	8A3A : 3A;
	8A3B : 3B;
	8A3C : 3C;
	8A3D : 3D;
	8A3E : 3E;
	8A3F : 3F;
	8A40 : 40;
	8A41 : 41;
	8A42 : 42;
	8A43 : 43;
	8A44 : 44;
	8A45 : 45;
	8A46 : 46;
	8A47 : 47;
	8A48 : 48;
	8A49 : 49;
	8A4A : 4A;
	8A4B : 4B;
	8A4C : 4C;
	8A4D : 4D;
	8A4E : 4E;
	8A4F : 4F;
	8A50 : 50;
	8A51 : 51;
	8A52 : 52;
	8A53 : 53;
	8A54 : 54;
	8A55 : 55;
	8A56 : 56;
	8A57 : 57;
	8A58 : 58;
	8A59 : 59;
	8A5A : 5A;
	8A5B : 5B;
	8A5C : 5C;
	8A5D : 5D;
	8A5E : 5E;
	8A5F : 5F;
	8A60 : 60;
	8A61 : 61;
	8A62 : 62;
	8A63 : 63;
	8A64 : 64;
	8A65 : 65;
	8A66 : 66;
	8A67 : 67;
	8A68 : 68;
	8A69 : 69;
	8A6A : 6A;
	8A6B : 6B;
	8A6C : 6C;
	8A6D : 6D;
	8A6E : 6E;
	8A6F : 6F;
	8A70 : 70;
	8A71 : 71;
	8A72 : 72;
	8A73 : 73;
	8A74 : 74;
	8A75 : 75;
	8A76 : 76;
	8A77 : 77;
	8A78 : 78;
	8A79 : 79;
	8A7A : 7A;
	8A7B : 7B;
	8A7C : 7C;
	8A7D : 7D;
	8A7E : 7E;
	8A7F : 7F;
	8A80 : 8A;
	8A81 : 8B;
	8A82 : 8C;
	8A83 : 8D;
	8A84 : 8E;
	8A85 : 8F;
	8A86 : 90;
	8A87 : 90;
	8A88 : 91;
	8A89 : 92;
	8A8A : 92;
	8A8B : 92;
	8A8C : 93;
	8A8D : 94;
	8A8E : 94;
	8A8F : 94;
	8A90 : 95;
	8A91 : 96;
	8A92 : 97;
	8A93 : 98;
	8A94 : 98;
	8A95 : 99;
	8A96 : 9A;
	8A97 : 9A;
	8A98 : 9A;
	8A99 : 9C;
	8A9A : 9C;
	8A9B : 9E;
	8A9C : 9E;
	8A9D : A0;
	8A9E : A0;
	8A9F : A1;
	8AA0 : A1;
	8AA1 : A2;
	8AA2 : A3;
	8AA3 : A4;
	8AA4 : A5;
	8AA5 : A6;
	8AA6 : A7;
	8AA7 : A8;
	8AA8 : A9;
	8AA9 : AA;
	8AAA : AB;
	8AAB : AC;
	8AAC : AD;
	8AAD : AE;
	8AAE : AF;
	8AAF : B0;
	8AB0 : B0;
	8AB1 : B1;
	8AB2 : B2;
	8AB3 : B3;
	8AB4 : B4;
	8AB5 : B5;
	8AB6 : B6;
	8AB7 : B7;
	8AB8 : B8;
	8AB9 : B9;
	8ABA : BA;
	8ABB : BB;
	8ABC : BC;
	8ABD : BD;
	8ABE : BE;
	8ABF : BF;
	8AC0 : C0;
	8AC1 : C1;
	8AC2 : C2;
	8AC3 : C3;
	8AC4 : C4;
	8AC5 : C5;
	8AC6 : C6;
	8AC7 : C7;
	8AC8 : C8;
	8AC9 : C9;
	8ACA : CA;
	8ACB : CB;
	8ACC : CC;
	8ACD : CD;
	8ACE : CE;
	8ACF : CF;
	8AD0 : D0;
	8AD1 : D1;
	8AD2 : D2;
	8AD3 : D3;
	8AD4 : D4;
	8AD5 : D5;
	8AD6 : D6;
	8AD7 : D7;
	8AD8 : D8;
	8AD9 : D9;
	8ADA : DA;
	8ADB : DB;
	8ADC : DC;
	8ADD : DD;
	8ADE : DE;
	8ADF : DF;
	8AE0 : E0;
	8AE1 : E1;
	8AE2 : E2;
	8AE3 : E3;
	8AE4 : E4;
	8AE5 : E5;
	8AE6 : E6;
	8AE7 : E7;
	8AE8 : E8;
	8AE9 : E9;
	8AEA : EA;
	8AEB : EB;
	8AEC : EC;
	8AED : ED;
	8AEE : EE;
	8AEF : EF;
	8AF0 : F0;
	8AF1 : F1;
	8AF2 : F2;
	8AF3 : F3;
	8AF4 : F4;
	8AF5 : F5;
	8AF6 : F6;
	8AF7 : F7;
	8AF8 : F8;
	8AF9 : F9;
	8AFA : FA;
	8AFB : FB;
	8AFC : FC;
	8AFD : FD;
	8AFE : FE;
	8AFF : 7F;
	8B00 : 8B;
	8B01 : 8A;
	8B02 : 89;
	8B03 : 88;
	8B04 : 87;
	8B05 : 86;
	8B06 : 85;
	8B07 : 84;
	8B08 : 83;
	8B09 : 82;
	8B0A : 81;
	8B0B : 00;
	8B0C : 01;
	8B0D : 02;
	8B0E : 03;
	8B0F : 04;
	8B10 : 05;
	8B11 : 07;
	8B12 : 09;
	8B13 : 0B;
	8B14 : 0D;
	8B15 : 0F;
	8B16 : 10;
	8B17 : 12;
	8B18 : 12;
	8B19 : 14;
	8B1A : 16;
	8B1B : 18;
	8B1C : 19;
	8B1D : 1A;
	8B1E : 1B;
	8B1F : 1C;
	8B20 : 1D;
	8B21 : 1F;
	8B22 : 21;
	8B23 : 22;
	8B24 : 23;
	8B25 : 24;
	8B26 : 25;
	8B27 : 26;
	8B28 : 27;
	8B29 : 28;
	8B2A : 29;
	8B2B : 2A;
	8B2C : 2B;
	8B2D : 2C;
	8B2E : 2D;
	8B2F : 2E;
	8B30 : 2F;
	8B31 : 31;
	8B32 : 32;
	8B33 : 33;
	8B34 : 34;
	8B35 : 35;
	8B36 : 36;
	8B37 : 37;
	8B38 : 38;
	8B39 : 39;
	8B3A : 3A;
	8B3B : 3B;
	8B3C : 3C;
	8B3D : 3D;
	8B3E : 3E;
	8B3F : 3F;
	8B40 : 40;
	8B41 : 41;
	8B42 : 42;
	8B43 : 43;
	8B44 : 44;
	8B45 : 45;
	8B46 : 46;
	8B47 : 47;
	8B48 : 48;
	8B49 : 49;
	8B4A : 4A;
	8B4B : 4B;
	8B4C : 4C;
	8B4D : 4D;
	8B4E : 4E;
	8B4F : 4F;
	8B50 : 50;
	8B51 : 51;
	8B52 : 52;
	8B53 : 53;
	8B54 : 54;
	8B55 : 55;
	8B56 : 56;
	8B57 : 57;
	8B58 : 58;
	8B59 : 59;
	8B5A : 5A;
	8B5B : 5B;
	8B5C : 5C;
	8B5D : 5D;
	8B5E : 5E;
	8B5F : 5F;
	8B60 : 60;
	8B61 : 61;
	8B62 : 62;
	8B63 : 63;
	8B64 : 64;
	8B65 : 65;
	8B66 : 66;
	8B67 : 67;
	8B68 : 68;
	8B69 : 69;
	8B6A : 6A;
	8B6B : 6B;
	8B6C : 6C;
	8B6D : 6D;
	8B6E : 6E;
	8B6F : 6F;
	8B70 : 70;
	8B71 : 71;
	8B72 : 72;
	8B73 : 73;
	8B74 : 74;
	8B75 : 75;
	8B76 : 76;
	8B77 : 77;
	8B78 : 78;
	8B79 : 79;
	8B7A : 7A;
	8B7B : 7B;
	8B7C : 7C;
	8B7D : 7D;
	8B7E : 7E;
	8B7F : 7F;
	8B80 : 8B;
	8B81 : 8C;
	8B82 : 8D;
	8B83 : 8E;
	8B84 : 8F;
	8B85 : 90;
	8B86 : 90;
	8B87 : 91;
	8B88 : 92;
	8B89 : 92;
	8B8A : 92;
	8B8B : 93;
	8B8C : 94;
	8B8D : 94;
	8B8E : 94;
	8B8F : 95;
	8B90 : 96;
	8B91 : 96;
	8B92 : 98;
	8B93 : 98;
	8B94 : 99;
	8B95 : 99;
	8B96 : 9A;
	8B97 : 9A;
	8B98 : 9B;
	8B99 : 9C;
	8B9A : 9D;
	8B9B : 9E;
	8B9C : 9F;
	8B9D : A0;
	8B9E : A0;
	8B9F : A1;
	8BA0 : A1;
	8BA1 : A2;
	8BA2 : A3;
	8BA3 : A4;
	8BA4 : A5;
	8BA5 : A6;
	8BA6 : A7;
	8BA7 : A8;
	8BA8 : A9;
	8BA9 : AA;
	8BAA : AB;
	8BAB : AC;
	8BAC : AD;
	8BAD : AE;
	8BAE : AF;
	8BAF : B0;
	8BB0 : B0;
	8BB1 : B1;
	8BB2 : B2;
	8BB3 : B3;
	8BB4 : B4;
	8BB5 : B5;
	8BB6 : B6;
	8BB7 : B7;
	8BB8 : B8;
	8BB9 : B9;
	8BBA : BA;
	8BBB : BB;
	8BBC : BC;
	8BBD : BD;
	8BBE : BE;
	8BBF : BF;
	8BC0 : C0;
	8BC1 : C1;
	8BC2 : C2;
	8BC3 : C3;
	8BC4 : C4;
	8BC5 : C5;
	8BC6 : C6;
	8BC7 : C7;
	8BC8 : C8;
	8BC9 : C9;
	8BCA : CA;
	8BCB : CB;
	8BCC : CC;
	8BCD : CD;
	8BCE : CE;
	8BCF : CF;
	8BD0 : D0;
	8BD1 : D1;
	8BD2 : D2;
	8BD3 : D3;
	8BD4 : D4;
	8BD5 : D5;
	8BD6 : D6;
	8BD7 : D7;
	8BD8 : D8;
	8BD9 : D9;
	8BDA : DA;
	8BDB : DB;
	8BDC : DC;
	8BDD : DD;
	8BDE : DE;
	8BDF : DF;
	8BE0 : E0;
	8BE1 : E1;
	8BE2 : E2;
	8BE3 : E3;
	8BE4 : E4;
	8BE5 : E5;
	8BE6 : E6;
	8BE7 : E7;
	8BE8 : E8;
	8BE9 : E9;
	8BEA : EA;
	8BEB : EB;
	8BEC : EC;
	8BED : ED;
	8BEE : EE;
	8BEF : EF;
	8BF0 : F0;
	8BF1 : F1;
	8BF2 : F2;
	8BF3 : F3;
	8BF4 : F4;
	8BF5 : F5;
	8BF6 : F6;
	8BF7 : F7;
	8BF8 : F8;
	8BF9 : F9;
	8BFA : FA;
	8BFB : FB;
	8BFC : FC;
	8BFD : FD;
	8BFE : FE;
	8BFF : 7F;
	8C00 : 8C;
	8C01 : 8B;
	8C02 : 8A;
	8C03 : 89;
	8C04 : 88;
	8C05 : 87;
	8C06 : 86;
	8C07 : 85;
	8C08 : 84;
	8C09 : 83;
	8C0A : 82;
	8C0B : 81;
	8C0C : 00;
	8C0D : 01;
	8C0E : 02;
	8C0F : 03;
	8C10 : 04;
	8C11 : 06;
	8C12 : 08;
	8C13 : 0A;
	8C14 : 0C;
	8C15 : 0E;
	8C16 : 10;
	8C17 : 11;
	8C18 : 12;
	8C19 : 14;
	8C1A : 16;
	8C1B : 18;
	8C1C : 19;
	8C1D : 1A;
	8C1E : 1B;
	8C1F : 1C;
	8C20 : 1D;
	8C21 : 1F;
	8C22 : 20;
	8C23 : 22;
	8C24 : 22;
	8C25 : 24;
	8C26 : 24;
	8C27 : 26;
	8C28 : 26;
	8C29 : 28;
	8C2A : 29;
	8C2B : 2A;
	8C2C : 2B;
	8C2D : 2C;
	8C2E : 2D;
	8C2F : 2E;
	8C30 : 2F;
	8C31 : 31;
	8C32 : 32;
	8C33 : 33;
	8C34 : 34;
	8C35 : 35;
	8C36 : 36;
	8C37 : 37;
	8C38 : 38;
	8C39 : 39;
	8C3A : 3A;
	8C3B : 3B;
	8C3C : 3C;
	8C3D : 3D;
	8C3E : 3E;
	8C3F : 3F;
	8C40 : 40;
	8C41 : 41;
	8C42 : 42;
	8C43 : 43;
	8C44 : 44;
	8C45 : 45;
	8C46 : 46;
	8C47 : 47;
	8C48 : 48;
	8C49 : 49;
	8C4A : 4A;
	8C4B : 4B;
	8C4C : 4C;
	8C4D : 4D;
	8C4E : 4E;
	8C4F : 4F;
	8C50 : 50;
	8C51 : 51;
	8C52 : 52;
	8C53 : 53;
	8C54 : 54;
	8C55 : 55;
	8C56 : 56;
	8C57 : 57;
	8C58 : 58;
	8C59 : 59;
	8C5A : 5A;
	8C5B : 5B;
	8C5C : 5C;
	8C5D : 5D;
	8C5E : 5E;
	8C5F : 5F;
	8C60 : 60;
	8C61 : 61;
	8C62 : 62;
	8C63 : 63;
	8C64 : 64;
	8C65 : 65;
	8C66 : 66;
	8C67 : 67;
	8C68 : 68;
	8C69 : 69;
	8C6A : 6A;
	8C6B : 6B;
	8C6C : 6C;
	8C6D : 6D;
	8C6E : 6E;
	8C6F : 6F;
	8C70 : 70;
	8C71 : 71;
	8C72 : 72;
	8C73 : 73;
	8C74 : 74;
	8C75 : 75;
	8C76 : 76;
	8C77 : 77;
	8C78 : 78;
	8C79 : 79;
	8C7A : 7A;
	8C7B : 7B;
	8C7C : 7C;
	8C7D : 7D;
	8C7E : 7E;
	8C7F : 7F;
	8C80 : 8C;
	8C81 : 8D;
	8C82 : 8E;
	8C83 : 8F;
	8C84 : 90;
	8C85 : 90;
	8C86 : 91;
	8C87 : 92;
	8C88 : 92;
	8C89 : 92;
	8C8A : 93;
	8C8B : 94;
	8C8C : 94;
	8C8D : 94;
	8C8E : 95;
	8C8F : 96;
	8C90 : 96;
	8C91 : 97;
	8C92 : 98;
	8C93 : 98;
	8C94 : 99;
	8C95 : 9A;
	8C96 : 9A;
	8C97 : 9A;
	8C98 : 9B;
	8C99 : 9C;
	8C9A : 9D;
	8C9B : 9E;
	8C9C : 9F;
	8C9D : A0;
	8C9E : A0;
	8C9F : A1;
	8CA0 : A2;
	8CA1 : A2;
	8CA2 : A4;
	8CA3 : A4;
	8CA4 : A6;
	8CA5 : A6;
	8CA6 : A8;
	8CA7 : A8;
	8CA8 : A9;
	8CA9 : AA;
	8CAA : AB;
	8CAB : AC;
	8CAC : AD;
	8CAD : AE;
	8CAE : AF;
	8CAF : B0;
	8CB0 : B0;
	8CB1 : B1;
	8CB2 : B2;
	8CB3 : B3;
	8CB4 : B4;
	8CB5 : B5;
	8CB6 : B6;
	8CB7 : B7;
	8CB8 : B8;
	8CB9 : B9;
	8CBA : BA;
	8CBB : BB;
	8CBC : BC;
	8CBD : BD;
	8CBE : BE;
	8CBF : BF;
	8CC0 : C0;
	8CC1 : C1;
	8CC2 : C2;
	8CC3 : C3;
	8CC4 : C4;
	8CC5 : C5;
	8CC6 : C6;
	8CC7 : C7;
	8CC8 : C8;
	8CC9 : C9;
	8CCA : CA;
	8CCB : CB;
	8CCC : CC;
	8CCD : CD;
	8CCE : CE;
	8CCF : CF;
	8CD0 : D0;
	8CD1 : D1;
	8CD2 : D2;
	8CD3 : D3;
	8CD4 : D4;
	8CD5 : D5;
	8CD6 : D6;
	8CD7 : D7;
	8CD8 : D8;
	8CD9 : D9;
	8CDA : DA;
	8CDB : DB;
	8CDC : DC;
	8CDD : DD;
	8CDE : DE;
	8CDF : DF;
	8CE0 : E0;
	8CE1 : E1;
	8CE2 : E2;
	8CE3 : E3;
	8CE4 : E4;
	8CE5 : E5;
	8CE6 : E6;
	8CE7 : E7;
	8CE8 : E8;
	8CE9 : E9;
	8CEA : EA;
	8CEB : EB;
	8CEC : EC;
	8CED : ED;
	8CEE : EE;
	8CEF : EF;
	8CF0 : F0;
	8CF1 : F1;
	8CF2 : F2;
	8CF3 : F3;
	8CF4 : F4;
	8CF5 : F5;
	8CF6 : F6;
	8CF7 : F7;
	8CF8 : F8;
	8CF9 : F9;
	8CFA : FA;
	8CFB : FB;
	8CFC : FC;
	8CFD : FD;
	8CFE : FE;
	8CFF : 7F;
	8D00 : 8D;
	8D01 : 8C;
	8D02 : 8B;
	8D03 : 8A;
	8D04 : 89;
	8D05 : 88;
	8D06 : 87;
	8D07 : 86;
	8D08 : 85;
	8D09 : 84;
	8D0A : 83;
	8D0B : 82;
	8D0C : 81;
	8D0D : 00;
	8D0E : 01;
	8D0F : 02;
	8D10 : 03;
	8D11 : 05;
	8D12 : 07;
	8D13 : 09;
	8D14 : 0B;
	8D15 : 0D;
	8D16 : 0F;
	8D17 : 10;
	8D18 : 12;
	8D19 : 14;
	8D1A : 16;
	8D1B : 18;
	8D1C : 19;
	8D1D : 1A;
	8D1E : 1B;
	8D1F : 1C;
	8D20 : 1D;
	8D21 : 1F;
	8D22 : 20;
	8D23 : 21;
	8D24 : 22;
	8D25 : 23;
	8D26 : 24;
	8D27 : 25;
	8D28 : 26;
	8D29 : 28;
	8D2A : 29;
	8D2B : 2A;
	8D2C : 2B;
	8D2D : 2C;
	8D2E : 2D;
	8D2F : 2E;
	8D30 : 2F;
	8D31 : 31;
	8D32 : 32;
	8D33 : 33;
	8D34 : 34;
	8D35 : 35;
	8D36 : 36;
	8D37 : 37;
	8D38 : 38;
	8D39 : 39;
	8D3A : 3A;
	8D3B : 3B;
	8D3C : 3C;
	8D3D : 3D;
	8D3E : 3E;
	8D3F : 3F;
	8D40 : 40;
	8D41 : 41;
	8D42 : 42;
	8D43 : 43;
	8D44 : 44;
	8D45 : 45;
	8D46 : 46;
	8D47 : 47;
	8D48 : 48;
	8D49 : 49;
	8D4A : 4A;
	8D4B : 4B;
	8D4C : 4C;
	8D4D : 4D;
	8D4E : 4E;
	8D4F : 4F;
	8D50 : 50;
	8D51 : 51;
	8D52 : 52;
	8D53 : 53;
	8D54 : 54;
	8D55 : 55;
	8D56 : 56;
	8D57 : 57;
	8D58 : 58;
	8D59 : 59;
	8D5A : 5A;
	8D5B : 5B;
	8D5C : 5C;
	8D5D : 5D;
	8D5E : 5E;
	8D5F : 5F;
	8D60 : 60;
	8D61 : 61;
	8D62 : 62;
	8D63 : 63;
	8D64 : 64;
	8D65 : 65;
	8D66 : 66;
	8D67 : 67;
	8D68 : 68;
	8D69 : 69;
	8D6A : 6A;
	8D6B : 6B;
	8D6C : 6C;
	8D6D : 6D;
	8D6E : 6E;
	8D6F : 6F;
	8D70 : 70;
	8D71 : 71;
	8D72 : 72;
	8D73 : 73;
	8D74 : 74;
	8D75 : 75;
	8D76 : 76;
	8D77 : 77;
	8D78 : 78;
	8D79 : 79;
	8D7A : 7A;
	8D7B : 7B;
	8D7C : 7C;
	8D7D : 7D;
	8D7E : 7E;
	8D7F : 7F;
	8D80 : 8D;
	8D81 : 8E;
	8D82 : 8F;
	8D83 : 90;
	8D84 : 90;
	8D85 : 91;
	8D86 : 92;
	8D87 : 92;
	8D88 : 92;
	8D89 : 93;
	8D8A : 94;
	8D8B : 94;
	8D8C : 94;
	8D8D : 95;
	8D8E : 96;
	8D8F : 96;
	8D90 : 96;
	8D91 : 98;
	8D92 : 98;
	8D93 : 99;
	8D94 : 99;
	8D95 : 9A;
	8D96 : 9A;
	8D97 : 9B;
	8D98 : 9B;
	8D99 : 9C;
	8D9A : 9D;
	8D9B : 9E;
	8D9C : 9F;
	8D9D : A0;
	8D9E : A1;
	8D9F : A1;
	8DA0 : A2;
	8DA1 : A3;
	8DA2 : A4;
	8DA3 : A5;
	8DA4 : A6;
	8DA5 : A7;
	8DA6 : A8;
	8DA7 : A8;
	8DA8 : A9;
	8DA9 : AA;
	8DAA : AB;
	8DAB : AC;
	8DAC : AD;
	8DAD : AE;
	8DAE : AF;
	8DAF : B0;
	8DB0 : B0;
	8DB1 : B1;
	8DB2 : B2;
	8DB3 : B3;
	8DB4 : B4;
	8DB5 : B5;
	8DB6 : B6;
	8DB7 : B7;
	8DB8 : B8;
	8DB9 : B9;
	8DBA : BA;
	8DBB : BB;
	8DBC : BC;
	8DBD : BD;
	8DBE : BE;
	8DBF : BF;
	8DC0 : C0;
	8DC1 : C1;
	8DC2 : C2;
	8DC3 : C3;
	8DC4 : C4;
	8DC5 : C5;
	8DC6 : C6;
	8DC7 : C7;
	8DC8 : C8;
	8DC9 : C9;
	8DCA : CA;
	8DCB : CB;
	8DCC : CC;
	8DCD : CD;
	8DCE : CE;
	8DCF : CF;
	8DD0 : D0;
	8DD1 : D1;
	8DD2 : D2;
	8DD3 : D3;
	8DD4 : D4;
	8DD5 : D5;
	8DD6 : D6;
	8DD7 : D7;
	8DD8 : D8;
	8DD9 : D9;
	8DDA : DA;
	8DDB : DB;
	8DDC : DC;
	8DDD : DD;
	8DDE : DE;
	8DDF : DF;
	8DE0 : E0;
	8DE1 : E1;
	8DE2 : E2;
	8DE3 : E3;
	8DE4 : E4;
	8DE5 : E5;
	8DE6 : E6;
	8DE7 : E7;
	8DE8 : E8;
	8DE9 : E9;
	8DEA : EA;
	8DEB : EB;
	8DEC : EC;
	8DED : ED;
	8DEE : EE;
	8DEF : EF;
	8DF0 : F0;
	8DF1 : F1;
	8DF2 : F2;
	8DF3 : F3;
	8DF4 : F4;
	8DF5 : F5;
	8DF6 : F6;
	8DF7 : F7;
	8DF8 : F8;
	8DF9 : F9;
	8DFA : FA;
	8DFB : FB;
	8DFC : FC;
	8DFD : FD;
	8DFE : FE;
	8DFF : 7F;
	8E00 : 8E;
	8E01 : 8D;
	8E02 : 8C;
	8E03 : 8B;
	8E04 : 8A;
	8E05 : 89;
	8E06 : 88;
	8E07 : 87;
	8E08 : 86;
	8E09 : 85;
	8E0A : 84;
	8E0B : 83;
	8E0C : 82;
	8E0D : 81;
	8E0E : 00;
	8E0F : 01;
	8E10 : 02;
	8E11 : 04;
	8E12 : 06;
	8E13 : 08;
	8E14 : 0A;
	8E15 : 0C;
	8E16 : 0E;
	8E17 : 10;
	8E18 : 11;
	8E19 : 13;
	8E1A : 15;
	8E1B : 17;
	8E1C : 18;
	8E1D : 1A;
	8E1E : 1A;
	8E1F : 1C;
	8E20 : 1C;
	8E21 : 1E;
	8E22 : 20;
	8E23 : 21;
	8E24 : 22;
	8E25 : 23;
	8E26 : 24;
	8E27 : 25;
	8E28 : 26;
	8E29 : 28;
	8E2A : 29;
	8E2B : 2A;
	8E2C : 2B;
	8E2D : 2C;
	8E2E : 2D;
	8E2F : 2E;
	8E30 : 2F;
	8E31 : 31;
	8E32 : 32;
	8E33 : 33;
	8E34 : 34;
	8E35 : 35;
	8E36 : 36;
	8E37 : 37;
	8E38 : 38;
	8E39 : 39;
	8E3A : 3A;
	8E3B : 3B;
	8E3C : 3C;
	8E3D : 3D;
	8E3E : 3E;
	8E3F : 3F;
	8E40 : 40;
	8E41 : 41;
	8E42 : 42;
	8E43 : 43;
	8E44 : 44;
	8E45 : 45;
	8E46 : 46;
	8E47 : 47;
	8E48 : 48;
	8E49 : 49;
	8E4A : 4A;
	8E4B : 4B;
	8E4C : 4C;
	8E4D : 4D;
	8E4E : 4E;
	8E4F : 4F;
	8E50 : 50;
	8E51 : 51;
	8E52 : 52;
	8E53 : 53;
	8E54 : 54;
	8E55 : 55;
	8E56 : 56;
	8E57 : 57;
	8E58 : 58;
	8E59 : 59;
	8E5A : 5A;
	8E5B : 5B;
	8E5C : 5C;
	8E5D : 5D;
	8E5E : 5E;
	8E5F : 5F;
	8E60 : 60;
	8E61 : 61;
	8E62 : 62;
	8E63 : 63;
	8E64 : 64;
	8E65 : 65;
	8E66 : 66;
	8E67 : 67;
	8E68 : 68;
	8E69 : 69;
	8E6A : 6A;
	8E6B : 6B;
	8E6C : 6C;
	8E6D : 6D;
	8E6E : 6E;
	8E6F : 6F;
	8E70 : 70;
	8E71 : 71;
	8E72 : 72;
	8E73 : 73;
	8E74 : 74;
	8E75 : 75;
	8E76 : 76;
	8E77 : 77;
	8E78 : 78;
	8E79 : 79;
	8E7A : 7A;
	8E7B : 7B;
	8E7C : 7C;
	8E7D : 7D;
	8E7E : 7E;
	8E7F : 7F;
	8E80 : 8E;
	8E81 : 8F;
	8E82 : 90;
	8E83 : 90;
	8E84 : 91;
	8E85 : 92;
	8E86 : 92;
	8E87 : 92;
	8E88 : 93;
	8E89 : 94;
	8E8A : 94;
	8E8B : 94;
	8E8C : 95;
	8E8D : 96;
	8E8E : 96;
	8E8F : 96;
	8E90 : 97;
	8E91 : 98;
	8E92 : 98;
	8E93 : 99;
	8E94 : 9A;
	8E95 : 9A;
	8E96 : 9A;
	8E97 : 9B;
	8E98 : 9C;
	8E99 : 9C;
	8E9A : 9E;
	8E9B : 9E;
	8E9C : A0;
	8E9D : A0;
	8E9E : A1;
	8E9F : A1;
	8EA0 : A2;
	8EA1 : A3;
	8EA2 : A4;
	8EA3 : A5;
	8EA4 : A6;
	8EA5 : A7;
	8EA6 : A8;
	8EA7 : A8;
	8EA8 : A9;
	8EA9 : AA;
	8EAA : AB;
	8EAB : AC;
	8EAC : AD;
	8EAD : AE;
	8EAE : AF;
	8EAF : B0;
	8EB0 : B0;
	8EB1 : B1;
	8EB2 : B2;
	8EB3 : B3;
	8EB4 : B4;
	8EB5 : B5;
	8EB6 : B6;
	8EB7 : B7;
	8EB8 : B8;
	8EB9 : B9;
	8EBA : BA;
	8EBB : BB;
	8EBC : BC;
	8EBD : BD;
	8EBE : BE;
	8EBF : BF;
	8EC0 : C0;
	8EC1 : C1;
	8EC2 : C2;
	8EC3 : C3;
	8EC4 : C4;
	8EC5 : C5;
	8EC6 : C6;
	8EC7 : C7;
	8EC8 : C8;
	8EC9 : C9;
	8ECA : CA;
	8ECB : CB;
	8ECC : CC;
	8ECD : CD;
	8ECE : CE;
	8ECF : CF;
	8ED0 : D0;
	8ED1 : D1;
	8ED2 : D2;
	8ED3 : D3;
	8ED4 : D4;
	8ED5 : D5;
	8ED6 : D6;
	8ED7 : D7;
	8ED8 : D8;
	8ED9 : D9;
	8EDA : DA;
	8EDB : DB;
	8EDC : DC;
	8EDD : DD;
	8EDE : DE;
	8EDF : DF;
	8EE0 : E0;
	8EE1 : E1;
	8EE2 : E2;
	8EE3 : E3;
	8EE4 : E4;
	8EE5 : E5;
	8EE6 : E6;
	8EE7 : E7;
	8EE8 : E8;
	8EE9 : E9;
	8EEA : EA;
	8EEB : EB;
	8EEC : EC;
	8EED : ED;
	8EEE : EE;
	8EEF : EF;
	8EF0 : F0;
	8EF1 : F1;
	8EF2 : F2;
	8EF3 : F3;
	8EF4 : F4;
	8EF5 : F5;
	8EF6 : F6;
	8EF7 : F7;
	8EF8 : F8;
	8EF9 : F9;
	8EFA : FA;
	8EFB : FB;
	8EFC : FC;
	8EFD : FD;
	8EFE : FE;
	8EFF : 7F;
	8F00 : 8F;
	8F01 : 8E;
	8F02 : 8D;
	8F03 : 8C;
	8F04 : 8B;
	8F05 : 8A;
	8F06 : 89;
	8F07 : 88;
	8F08 : 87;
	8F09 : 86;
	8F0A : 85;
	8F0B : 84;
	8F0C : 83;
	8F0D : 82;
	8F0E : 81;
	8F0F : 00;
	8F10 : 01;
	8F11 : 03;
	8F12 : 05;
	8F13 : 07;
	8F14 : 09;
	8F15 : 0B;
	8F16 : 0D;
	8F17 : 0F;
	8F18 : 10;
	8F19 : 12;
	8F1A : 14;
	8F1B : 16;
	8F1C : 18;
	8F1D : 19;
	8F1E : 1A;
	8F1F : 1B;
	8F20 : 1C;
	8F21 : 1E;
	8F22 : 20;
	8F23 : 21;
	8F24 : 22;
	8F25 : 23;
	8F26 : 24;
	8F27 : 25;
	8F28 : 26;
	8F29 : 28;
	8F2A : 29;
	8F2B : 2A;
	8F2C : 2B;
	8F2D : 2C;
	8F2E : 2D;
	8F2F : 2E;
	8F30 : 2F;
	8F31 : 31;
	8F32 : 32;
	8F33 : 33;
	8F34 : 34;
	8F35 : 35;
	8F36 : 36;
	8F37 : 37;
	8F38 : 38;
	8F39 : 39;
	8F3A : 3A;
	8F3B : 3B;
	8F3C : 3C;
	8F3D : 3D;
	8F3E : 3E;
	8F3F : 3F;
	8F40 : 40;
	8F41 : 41;
	8F42 : 42;
	8F43 : 43;
	8F44 : 44;
	8F45 : 45;
	8F46 : 46;
	8F47 : 47;
	8F48 : 48;
	8F49 : 49;
	8F4A : 4A;
	8F4B : 4B;
	8F4C : 4C;
	8F4D : 4D;
	8F4E : 4E;
	8F4F : 4F;
	8F50 : 50;
	8F51 : 51;
	8F52 : 52;
	8F53 : 53;
	8F54 : 54;
	8F55 : 55;
	8F56 : 56;
	8F57 : 57;
	8F58 : 58;
	8F59 : 59;
	8F5A : 5A;
	8F5B : 5B;
	8F5C : 5C;
	8F5D : 5D;
	8F5E : 5E;
	8F5F : 5F;
	8F60 : 60;
	8F61 : 61;
	8F62 : 62;
	8F63 : 63;
	8F64 : 64;
	8F65 : 65;
	8F66 : 66;
	8F67 : 67;
	8F68 : 68;
	8F69 : 69;
	8F6A : 6A;
	8F6B : 6B;
	8F6C : 6C;
	8F6D : 6D;
	8F6E : 6E;
	8F6F : 6F;
	8F70 : 70;
	8F71 : 71;
	8F72 : 72;
	8F73 : 73;
	8F74 : 74;
	8F75 : 75;
	8F76 : 76;
	8F77 : 77;
	8F78 : 78;
	8F79 : 79;
	8F7A : 7A;
	8F7B : 7B;
	8F7C : 7C;
	8F7D : 7D;
	8F7E : 7E;
	8F7F : 7F;
	8F80 : 8F;
	8F81 : 90;
	8F82 : 90;
	8F83 : 91;
	8F84 : 92;
	8F85 : 92;
	8F86 : 92;
	8F87 : 93;
	8F88 : 94;
	8F89 : 94;
	8F8A : 94;
	8F8B : 95;
	8F8C : 96;
	8F8D : 96;
	8F8E : 96;
	8F8F : 97;
	8F90 : 98;
	8F91 : 98;
	8F92 : 99;
	8F93 : 99;
	8F94 : 9A;
	8F95 : 9A;
	8F96 : 9B;
	8F97 : 9B;
	8F98 : 9C;
	8F99 : 9D;
	8F9A : 9E;
	8F9B : 9F;
	8F9C : A0;
	8F9D : A0;
	8F9E : A1;
	8F9F : A1;
	8FA0 : A2;
	8FA1 : A3;
	8FA2 : A4;
	8FA3 : A5;
	8FA4 : A6;
	8FA5 : A7;
	8FA6 : A8;
	8FA7 : A8;
	8FA8 : A9;
	8FA9 : AA;
	8FAA : AB;
	8FAB : AC;
	8FAC : AD;
	8FAD : AE;
	8FAE : AF;
	8FAF : B0;
	8FB0 : B0;
	8FB1 : B1;
	8FB2 : B2;
	8FB3 : B3;
	8FB4 : B4;
	8FB5 : B5;
	8FB6 : B6;
	8FB7 : B7;
	8FB8 : B8;
	8FB9 : B9;
	8FBA : BA;
	8FBB : BB;
	8FBC : BC;
	8FBD : BD;
	8FBE : BE;
	8FBF : BF;
	8FC0 : C0;
	8FC1 : C1;
	8FC2 : C2;
	8FC3 : C3;
	8FC4 : C4;
	8FC5 : C5;
	8FC6 : C6;
	8FC7 : C7;
	8FC8 : C8;
	8FC9 : C9;
	8FCA : CA;
	8FCB : CB;
	8FCC : CC;
	8FCD : CD;
	8FCE : CE;
	8FCF : CF;
	8FD0 : D0;
	8FD1 : D1;
	8FD2 : D2;
	8FD3 : D3;
	8FD4 : D4;
	8FD5 : D5;
	8FD6 : D6;
	8FD7 : D7;
	8FD8 : D8;
	8FD9 : D9;
	8FDA : DA;
	8FDB : DB;
	8FDC : DC;
	8FDD : DD;
	8FDE : DE;
	8FDF : DF;
	8FE0 : E0;
	8FE1 : E1;
	8FE2 : E2;
	8FE3 : E3;
	8FE4 : E4;
	8FE5 : E5;
	8FE6 : E6;
	8FE7 : E7;
	8FE8 : E8;
	8FE9 : E9;
	8FEA : EA;
	8FEB : EB;
	8FEC : EC;
	8FED : ED;
	8FEE : EE;
	8FEF : EF;
	8FF0 : F0;
	8FF1 : F1;
	8FF2 : F2;
	8FF3 : F3;
	8FF4 : F4;
	8FF5 : F5;
	8FF6 : F6;
	8FF7 : F7;
	8FF8 : F8;
	8FF9 : F9;
	8FFA : FA;
	8FFB : FB;
	8FFC : FC;
	8FFD : FD;
	8FFE : FE;
	8FFF : 7F;
	9000 : 90;
	9001 : 8F;
	9002 : 8E;
	9003 : 8D;
	9004 : 8C;
	9005 : 8B;
	9006 : 8A;
	9007 : 89;
	9008 : 88;
	9009 : 87;
	900A : 86;
	900B : 85;
	900C : 84;
	900D : 83;
	900E : 82;
	900F : 81;
	9010 : 00;
	9011 : 02;
	9012 : 04;
	9013 : 06;
	9014 : 08;
	9015 : 0A;
	9016 : 0C;
	9017 : 0E;
	9018 : 10;
	9019 : 12;
	901A : 14;
	901B : 16;
	901C : 18;
	901D : 19;
	901E : 1A;
	901F : 1B;
	9020 : 1C;
	9021 : 1E;
	9022 : 20;
	9023 : 21;
	9024 : 22;
	9025 : 23;
	9026 : 24;
	9027 : 25;
	9028 : 26;
	9029 : 28;
	902A : 29;
	902B : 2A;
	902C : 2B;
	902D : 2C;
	902E : 2D;
	902F : 2E;
	9030 : 2F;
	9031 : 30;
	9032 : 32;
	9033 : 32;
	9034 : 34;
	9035 : 34;
	9036 : 36;
	9037 : 36;
	9038 : 38;
	9039 : 39;
	903A : 3A;
	903B : 3B;
	903C : 3C;
	903D : 3D;
	903E : 3E;
	903F : 3F;
	9040 : 40;
	9041 : 41;
	9042 : 42;
	9043 : 43;
	9044 : 44;
	9045 : 45;
	9046 : 46;
	9047 : 47;
	9048 : 48;
	9049 : 49;
	904A : 4A;
	904B : 4B;
	904C : 4C;
	904D : 4D;
	904E : 4E;
	904F : 4F;
	9050 : 50;
	9051 : 51;
	9052 : 52;
	9053 : 53;
	9054 : 54;
	9055 : 55;
	9056 : 56;
	9057 : 57;
	9058 : 58;
	9059 : 59;
	905A : 5A;
	905B : 5B;
	905C : 5C;
	905D : 5D;
	905E : 5E;
	905F : 5F;
	9060 : 60;
	9061 : 61;
	9062 : 62;
	9063 : 63;
	9064 : 64;
	9065 : 65;
	9066 : 66;
	9067 : 67;
	9068 : 68;
	9069 : 69;
	906A : 6A;
	906B : 6B;
	906C : 6C;
	906D : 6D;
	906E : 6E;
	906F : 6F;
	9070 : 70;
	9071 : 71;
	9072 : 72;
	9073 : 73;
	9074 : 74;
	9075 : 75;
	9076 : 76;
	9077 : 77;
	9078 : 78;
	9079 : 79;
	907A : 7A;
	907B : 7B;
	907C : 7C;
	907D : 7D;
	907E : 7E;
	907F : 7F;
	9080 : 90;
	9081 : 90;
	9082 : 91;
	9083 : 92;
	9084 : 92;
	9085 : 92;
	9086 : 93;
	9087 : 94;
	9088 : 94;
	9089 : 94;
	908A : 95;
	908B : 96;
	908C : 96;
	908D : 96;
	908E : 97;
	908F : 98;
	9090 : 98;
	9091 : 98;
	9092 : 99;
	9093 : 9A;
	9094 : 9A;
	9095 : 9A;
	9096 : 9B;
	9097 : 9C;
	9098 : 9C;
	9099 : 9D;
	909A : 9E;
	909B : 9F;
	909C : A0;
	909D : A0;
	909E : A1;
	909F : A2;
	90A0 : A2;
	90A1 : A3;
	90A2 : A4;
	90A3 : A5;
	90A4 : A6;
	90A5 : A7;
	90A6 : A8;
	90A7 : A8;
	90A8 : A9;
	90A9 : AA;
	90AA : AB;
	90AB : AC;
	90AC : AD;
	90AD : AE;
	90AE : AF;
	90AF : B0;
	90B0 : B0;
	90B1 : B2;
	90B2 : B2;
	90B3 : B4;
	90B4 : B4;
	90B5 : B6;
	90B6 : B6;
	90B7 : B8;
	90B8 : B8;
	90B9 : B9;
	90BA : BA;
	90BB : BB;
	90BC : BC;
	90BD : BD;
	90BE : BE;
	90BF : BF;
	90C0 : C0;
	90C1 : C1;
	90C2 : C2;
	90C3 : C3;
	90C4 : C4;
	90C5 : C5;
	90C6 : C6;
	90C7 : C7;
	90C8 : C8;
	90C9 : C9;
	90CA : CA;
	90CB : CB;
	90CC : CC;
	90CD : CD;
	90CE : CE;
	90CF : CF;
	90D0 : D0;
	90D1 : D1;
	90D2 : D2;
	90D3 : D3;
	90D4 : D4;
	90D5 : D5;
	90D6 : D6;
	90D7 : D7;
	90D8 : D8;
	90D9 : D9;
	90DA : DA;
	90DB : DB;
	90DC : DC;
	90DD : DD;
	90DE : DE;
	90DF : DF;
	90E0 : E0;
	90E1 : E1;
	90E2 : E2;
	90E3 : E3;
	90E4 : E4;
	90E5 : E5;
	90E6 : E6;
	90E7 : E7;
	90E8 : E8;
	90E9 : E9;
	90EA : EA;
	90EB : EB;
	90EC : EC;
	90ED : ED;
	90EE : EE;
	90EF : EF;
	90F0 : F0;
	90F1 : F1;
	90F2 : F2;
	90F3 : F3;
	90F4 : F4;
	90F5 : F5;
	90F6 : F6;
	90F7 : F7;
	90F8 : F8;
	90F9 : F9;
	90FA : FA;
	90FB : FB;
	90FC : FC;
	90FD : FD;
	90FE : FE;
	90FF : 7F;
	9100 : 91;
	9101 : 90;
	9102 : 90;
	9103 : 8F;
	9104 : 8E;
	9105 : 8D;
	9106 : 8C;
	9107 : 8B;
	9108 : 8A;
	9109 : 89;
	910A : 88;
	910B : 87;
	910C : 86;
	910D : 85;
	910E : 84;
	910F : 83;
	9110 : 82;
	9111 : 00;
	9112 : 02;
	9113 : 04;
	9114 : 06;
	9115 : 08;
	9116 : 0A;
	9117 : 0C;
	9118 : 0E;
	9119 : 11;
	911A : 13;
	911B : 15;
	911C : 17;
	911D : 18;
	911E : 1A;
	911F : 1A;
	9120 : 1C;
	9121 : 1E;
	9122 : 20;
	9123 : 21;
	9124 : 22;
	9125 : 23;
	9126 : 24;
	9127 : 25;
	9128 : 26;
	9129 : 28;
	912A : 29;
	912B : 2A;
	912C : 2B;
	912D : 2C;
	912E : 2D;
	912F : 2E;
	9130 : 2F;
	9131 : 30;
	9132 : 31;
	9133 : 32;
	9134 : 33;
	9135 : 34;
	9136 : 35;
	9137 : 36;
	9138 : 37;
	9139 : 39;
	913A : 3A;
	913B : 3B;
	913C : 3C;
	913D : 3D;
	913E : 3E;
	913F : 3F;
	9140 : 40;
	9141 : 41;
	9142 : 42;
	9143 : 43;
	9144 : 44;
	9145 : 45;
	9146 : 46;
	9147 : 47;
	9148 : 48;
	9149 : 49;
	914A : 4A;
	914B : 4B;
	914C : 4C;
	914D : 4D;
	914E : 4E;
	914F : 4F;
	9150 : 50;
	9151 : 51;
	9152 : 52;
	9153 : 53;
	9154 : 54;
	9155 : 55;
	9156 : 56;
	9157 : 57;
	9158 : 58;
	9159 : 59;
	915A : 5A;
	915B : 5B;
	915C : 5C;
	915D : 5D;
	915E : 5E;
	915F : 5F;
	9160 : 60;
	9161 : 61;
	9162 : 62;
	9163 : 63;
	9164 : 64;
	9165 : 65;
	9166 : 66;
	9167 : 67;
	9168 : 68;
	9169 : 69;
	916A : 6A;
	916B : 6B;
	916C : 6C;
	916D : 6D;
	916E : 6E;
	916F : 6F;
	9170 : 70;
	9171 : 71;
	9172 : 72;
	9173 : 73;
	9174 : 74;
	9175 : 75;
	9176 : 76;
	9177 : 77;
	9178 : 78;
	9179 : 79;
	917A : 7A;
	917B : 7B;
	917C : 7C;
	917D : 7D;
	917E : 7E;
	917F : 7F;
	9180 : 91;
	9181 : 92;
	9182 : 92;
	9183 : 92;
	9184 : 93;
	9185 : 94;
	9186 : 94;
	9187 : 94;
	9188 : 95;
	9189 : 96;
	918A : 96;
	918B : 96;
	918C : 97;
	918D : 98;
	918E : 98;
	918F : 98;
	9190 : 98;
	9191 : 99;
	9192 : 9A;
	9193 : 9A;
	9194 : 9A;
	9195 : 9B;
	9196 : 9C;
	9197 : 9C;
	9198 : 9C;
	9199 : 9E;
	919A : 9E;
	919B : A0;
	919C : A0;
	919D : A1;
	919E : A1;
	919F : A2;
	91A0 : A2;
	91A1 : A3;
	91A2 : A4;
	91A3 : A5;
	91A4 : A6;
	91A5 : A7;
	91A6 : A8;
	91A7 : A9;
	91A8 : A9;
	91A9 : AA;
	91AA : AB;
	91AB : AC;
	91AC : AD;
	91AD : AE;
	91AE : AF;
	91AF : B0;
	91B0 : B1;
	91B1 : B2;
	91B2 : B3;
	91B3 : B4;
	91B4 : B5;
	91B5 : B6;
	91B6 : B7;
	91B7 : B8;
	91B8 : B8;
	91B9 : B9;
	91BA : BA;
	91BB : BB;
	91BC : BC;
	91BD : BD;
	91BE : BE;
	91BF : BF;
	91C0 : C0;
	91C1 : C1;
	91C2 : C2;
	91C3 : C3;
	91C4 : C4;
	91C5 : C5;
	91C6 : C6;
	91C7 : C7;
	91C8 : C8;
	91C9 : C9;
	91CA : CA;
	91CB : CB;
	91CC : CC;
	91CD : CD;
	91CE : CE;
	91CF : CF;
	91D0 : D0;
	91D1 : D1;
	91D2 : D2;
	91D3 : D3;
	91D4 : D4;
	91D5 : D5;
	91D6 : D6;
	91D7 : D7;
	91D8 : D8;
	91D9 : D9;
	91DA : DA;
	91DB : DB;
	91DC : DC;
	91DD : DD;
	91DE : DE;
	91DF : DF;
	91E0 : E0;
	91E1 : E1;
	91E2 : E2;
	91E3 : E3;
	91E4 : E4;
	91E5 : E5;
	91E6 : E6;
	91E7 : E7;
	91E8 : E8;
	91E9 : E9;
	91EA : EA;
	91EB : EB;
	91EC : EC;
	91ED : ED;
	91EE : EE;
	91EF : EF;
	91F0 : F0;
	91F1 : F1;
	91F2 : F2;
	91F3 : F3;
	91F4 : F4;
	91F5 : F5;
	91F6 : F6;
	91F7 : F7;
	91F8 : F8;
	91F9 : F9;
	91FA : FA;
	91FB : FB;
	91FC : FC;
	91FD : FD;
	91FE : FE;
	91FF : 7F;
	9200 : 92;
	9201 : 92;
	9202 : 91;
	9203 : 90;
	9204 : 90;
	9205 : 8F;
	9206 : 8E;
	9207 : 8D;
	9208 : 8C;
	9209 : 8B;
	920A : 8A;
	920B : 89;
	920C : 88;
	920D : 87;
	920E : 86;
	920F : 85;
	9210 : 84;
	9211 : 82;
	9212 : 00;
	9213 : 02;
	9214 : 04;
	9215 : 06;
	9216 : 08;
	9217 : 0A;
	9218 : 0C;
	9219 : 10;
	921A : 12;
	921B : 14;
	921C : 16;
	921D : 18;
	921E : 19;
	921F : 1A;
	9220 : 1B;
	9221 : 1D;
	9222 : 1F;
	9223 : 20;
	9224 : 22;
	9225 : 22;
	9226 : 24;
	9227 : 24;
	9228 : 26;
	9229 : 28;
	922A : 29;
	922B : 2A;
	922C : 2B;
	922D : 2C;
	922E : 2D;
	922F : 2E;
	9230 : 2F;
	9231 : 30;
	9232 : 31;
	9233 : 32;
	9234 : 33;
	9235 : 34;
	9236 : 35;
	9237 : 36;
	9238 : 37;
	9239 : 39;
	923A : 3A;
	923B : 3B;
	923C : 3C;
	923D : 3D;
	923E : 3E;
	923F : 3F;
	9240 : 40;
	9241 : 41;
	9242 : 42;
	9243 : 43;
	9244 : 44;
	9245 : 45;
	9246 : 46;
	9247 : 47;
	9248 : 48;
	9249 : 49;
	924A : 4A;
	924B : 4B;
	924C : 4C;
	924D : 4D;
	924E : 4E;
	924F : 4F;
	9250 : 50;
	9251 : 51;
	9252 : 52;
	9253 : 53;
	9254 : 54;
	9255 : 55;
	9256 : 56;
	9257 : 57;
	9258 : 58;
	9259 : 59;
	925A : 5A;
	925B : 5B;
	925C : 5C;
	925D : 5D;
	925E : 5E;
	925F : 5F;
	9260 : 60;
	9261 : 61;
	9262 : 62;
	9263 : 63;
	9264 : 64;
	9265 : 65;
	9266 : 66;
	9267 : 67;
	9268 : 68;
	9269 : 69;
	926A : 6A;
	926B : 6B;
	926C : 6C;
	926D : 6D;
	926E : 6E;
	926F : 6F;
	9270 : 70;
	9271 : 71;
	9272 : 72;
	9273 : 73;
	9274 : 74;
	9275 : 75;
	9276 : 76;
	9277 : 77;
	9278 : 78;
	9279 : 79;
	927A : 7A;
	927B : 7B;
	927C : 7C;
	927D : 7D;
	927E : 7E;
	927F : 7F;
	9280 : 92;
	9281 : 92;
	9282 : 93;
	9283 : 94;
	9284 : 94;
	9285 : 94;
	9286 : 95;
	9287 : 96;
	9288 : 96;
	9289 : 96;
	928A : 97;
	928B : 98;
	928C : 98;
	928D : 98;
	928E : 98;
	928F : 99;
	9290 : 99;
	9291 : 9A;
	9292 : 9A;
	9293 : 9A;
	9294 : 9B;
	9295 : 9C;
	9296 : 9C;
	9297 : 9C;
	9298 : 9D;
	9299 : 9E;
	929A : 9F;
	929B : A0;
	929C : A0;
	929D : A1;
	929E : A2;
	929F : A2;
	92A0 : A2;
	92A1 : A4;
	92A2 : A4;
	92A3 : A6;
	92A4 : A6;
	92A5 : A8;
	92A6 : A8;
	92A7 : A9;
	92A8 : A9;
	92A9 : AA;
	92AA : AB;
	92AB : AC;
	92AC : AD;
	92AD : AE;
	92AE : AF;
	92AF : B0;
	92B0 : B1;
	92B1 : B2;
	92B2 : B3;
	92B3 : B4;
	92B4 : B5;
	92B5 : B6;
	92B6 : B7;
	92B7 : B8;
	92B8 : B8;
	92B9 : B9;
	92BA : BA;
	92BB : BB;
	92BC : BC;
	92BD : BD;
	92BE : BE;
	92BF : BF;
	92C0 : C0;
	92C1 : C1;
	92C2 : C2;
	92C3 : C3;
	92C4 : C4;
	92C5 : C5;
	92C6 : C6;
	92C7 : C7;
	92C8 : C8;
	92C9 : C9;
	92CA : CA;
	92CB : CB;
	92CC : CC;
	92CD : CD;
	92CE : CE;
	92CF : CF;
	92D0 : D0;
	92D1 : D1;
	92D2 : D2;
	92D3 : D3;
	92D4 : D4;
	92D5 : D5;
	92D6 : D6;
	92D7 : D7;
	92D8 : D8;
	92D9 : D9;
	92DA : DA;
	92DB : DB;
	92DC : DC;
	92DD : DD;
	92DE : DE;
	92DF : DF;
	92E0 : E0;
	92E1 : E1;
	92E2 : E2;
	92E3 : E3;
	92E4 : E4;
	92E5 : E5;
	92E6 : E6;
	92E7 : E7;
	92E8 : E8;
	92E9 : E9;
	92EA : EA;
	92EB : EB;
	92EC : EC;
	92ED : ED;
	92EE : EE;
	92EF : EF;
	92F0 : F0;
	92F1 : F1;
	92F2 : F2;
	92F3 : F3;
	92F4 : F4;
	92F5 : F5;
	92F6 : F6;
	92F7 : F7;
	92F8 : F8;
	92F9 : F9;
	92FA : FA;
	92FB : FB;
	92FC : FC;
	92FD : FD;
	92FE : FE;
	92FF : 7F;
	9300 : 93;
	9301 : 92;
	9302 : 92;
	9303 : 92;
	9304 : 91;
	9305 : 90;
	9306 : 90;
	9307 : 8F;
	9308 : 8E;
	9309 : 8D;
	930A : 8C;
	930B : 8B;
	930C : 8A;
	930D : 89;
	930E : 88;
	930F : 87;
	9310 : 86;
	9311 : 84;
	9312 : 82;
	9313 : 00;
	9314 : 02;
	9315 : 04;
	9316 : 06;
	9317 : 08;
	9318 : 0A;
	9319 : 0E;
	931A : 11;
	931B : 13;
	931C : 15;
	931D : 17;
	931E : 18;
	931F : 1A;
	9320 : 1A;
	9321 : 1C;
	9322 : 1E;
	9323 : 20;
	9324 : 21;
	9325 : 22;
	9326 : 23;
	9327 : 24;
	9328 : 25;
	9329 : 27;
	932A : 29;
	932B : 2A;
	932C : 2B;
	932D : 2C;
	932E : 2D;
	932F : 2E;
	9330 : 2F;
	9331 : 30;
	9332 : 31;
	9333 : 32;
	9334 : 33;
	9335 : 34;
	9336 : 35;
	9337 : 36;
	9338 : 37;
	9339 : 39;
	933A : 3A;
	933B : 3B;
	933C : 3C;
	933D : 3D;
	933E : 3E;
	933F : 3F;
	9340 : 40;
	9341 : 41;
	9342 : 42;
	9343 : 43;
	9344 : 44;
	9345 : 45;
	9346 : 46;
	9347 : 47;
	9348 : 48;
	9349 : 49;
	934A : 4A;
	934B : 4B;
	934C : 4C;
	934D : 4D;
	934E : 4E;
	934F : 4F;
	9350 : 50;
	9351 : 51;
	9352 : 52;
	9353 : 53;
	9354 : 54;
	9355 : 55;
	9356 : 56;
	9357 : 57;
	9358 : 58;
	9359 : 59;
	935A : 5A;
	935B : 5B;
	935C : 5C;
	935D : 5D;
	935E : 5E;
	935F : 5F;
	9360 : 60;
	9361 : 61;
	9362 : 62;
	9363 : 63;
	9364 : 64;
	9365 : 65;
	9366 : 66;
	9367 : 67;
	9368 : 68;
	9369 : 69;
	936A : 6A;
	936B : 6B;
	936C : 6C;
	936D : 6D;
	936E : 6E;
	936F : 6F;
	9370 : 70;
	9371 : 71;
	9372 : 72;
	9373 : 73;
	9374 : 74;
	9375 : 75;
	9376 : 76;
	9377 : 77;
	9378 : 78;
	9379 : 79;
	937A : 7A;
	937B : 7B;
	937C : 7C;
	937D : 7D;
	937E : 7E;
	937F : 7F;
	9380 : 93;
	9381 : 94;
	9382 : 94;
	9383 : 94;
	9384 : 95;
	9385 : 96;
	9386 : 96;
	9387 : 96;
	9388 : 97;
	9389 : 98;
	938A : 98;
	938B : 98;
	938C : 98;
	938D : 99;
	938E : 99;
	938F : 99;
	9390 : 9A;
	9391 : 9A;
	9392 : 9A;
	9393 : 9B;
	9394 : 9C;
	9395 : 9C;
	9396 : 9C;
	9397 : 9D;
	9398 : 9E;
	9399 : 9E;
	939A : A0;
	939B : A0;
	939C : A1;
	939D : A1;
	939E : A2;
	939F : A2;
	93A0 : A3;
	93A1 : A4;
	93A2 : A5;
	93A3 : A6;
	93A4 : A7;
	93A5 : A8;
	93A6 : A8;
	93A7 : A9;
	93A8 : A9;
	93A9 : AA;
	93AA : AB;
	93AB : AC;
	93AC : AD;
	93AD : AE;
	93AE : AF;
	93AF : B0;
	93B0 : B1;
	93B1 : B2;
	93B2 : B3;
	93B3 : B4;
	93B4 : B5;
	93B5 : B6;
	93B6 : B7;
	93B7 : B8;
	93B8 : B8;
	93B9 : B9;
	93BA : BA;
	93BB : BB;
	93BC : BC;
	93BD : BD;
	93BE : BE;
	93BF : BF;
	93C0 : C0;
	93C1 : C1;
	93C2 : C2;
	93C3 : C3;
	93C4 : C4;
	93C5 : C5;
	93C6 : C6;
	93C7 : C7;
	93C8 : C8;
	93C9 : C9;
	93CA : CA;
	93CB : CB;
	93CC : CC;
	93CD : CD;
	93CE : CE;
	93CF : CF;
	93D0 : D0;
	93D1 : D1;
	93D2 : D2;
	93D3 : D3;
	93D4 : D4;
	93D5 : D5;
	93D6 : D6;
	93D7 : D7;
	93D8 : D8;
	93D9 : D9;
	93DA : DA;
	93DB : DB;
	93DC : DC;
	93DD : DD;
	93DE : DE;
	93DF : DF;
	93E0 : E0;
	93E1 : E1;
	93E2 : E2;
	93E3 : E3;
	93E4 : E4;
	93E5 : E5;
	93E6 : E6;
	93E7 : E7;
	93E8 : E8;
	93E9 : E9;
	93EA : EA;
	93EB : EB;
	93EC : EC;
	93ED : ED;
	93EE : EE;
	93EF : EF;
	93F0 : F0;
	93F1 : F1;
	93F2 : F2;
	93F3 : F3;
	93F4 : F4;
	93F5 : F5;
	93F6 : F6;
	93F7 : F7;
	93F8 : F8;
	93F9 : F9;
	93FA : FA;
	93FB : FB;
	93FC : FC;
	93FD : FD;
	93FE : FE;
	93FF : 7F;
	9400 : 94;
	9401 : 94;
	9402 : 93;
	9403 : 92;
	9404 : 92;
	9405 : 92;
	9406 : 91;
	9407 : 90;
	9408 : 90;
	9409 : 8F;
	940A : 8E;
	940B : 8D;
	940C : 8C;
	940D : 8B;
	940E : 8A;
	940F : 89;
	9410 : 88;
	9411 : 86;
	9412 : 84;
	9413 : 82;
	9414 : 00;
	9415 : 02;
	9416 : 04;
	9417 : 06;
	9418 : 08;
	9419 : 0C;
	941A : 10;
	941B : 12;
	941C : 14;
	941D : 16;
	941E : 18;
	941F : 19;
	9420 : 1A;
	9421 : 1C;
	9422 : 1E;
	9423 : 20;
	9424 : 21;
	9425 : 22;
	9426 : 23;
	9427 : 24;
	9428 : 25;
	9429 : 27;
	942A : 28;
	942B : 2A;
	942C : 2A;
	942D : 2C;
	942E : 2C;
	942F : 2E;
	9430 : 2E;
	9431 : 30;
	9432 : 31;
	9433 : 32;
	9434 : 33;
	9435 : 34;
	9436 : 35;
	9437 : 36;
	9438 : 37;
	9439 : 39;
	943A : 3A;
	943B : 3B;
	943C : 3C;
	943D : 3D;
	943E : 3E;
	943F : 3F;
	9440 : 40;
	9441 : 41;
	9442 : 42;
	9443 : 43;
	9444 : 44;
	9445 : 45;
	9446 : 46;
	9447 : 47;
	9448 : 48;
	9449 : 49;
	944A : 4A;
	944B : 4B;
	944C : 4C;
	944D : 4D;
	944E : 4E;
	944F : 4F;
	9450 : 50;
	9451 : 51;
	9452 : 52;
	9453 : 53;
	9454 : 54;
	9455 : 55;
	9456 : 56;
	9457 : 57;
	9458 : 58;
	9459 : 59;
	945A : 5A;
	945B : 5B;
	945C : 5C;
	945D : 5D;
	945E : 5E;
	945F : 5F;
	9460 : 60;
	9461 : 61;
	9462 : 62;
	9463 : 63;
	9464 : 64;
	9465 : 65;
	9466 : 66;
	9467 : 67;
	9468 : 68;
	9469 : 69;
	946A : 6A;
	946B : 6B;
	946C : 6C;
	946D : 6D;
	946E : 6E;
	946F : 6F;
	9470 : 70;
	9471 : 71;
	9472 : 72;
	9473 : 73;
	9474 : 74;
	9475 : 75;
	9476 : 76;
	9477 : 77;
	9478 : 78;
	9479 : 79;
	947A : 7A;
	947B : 7B;
	947C : 7C;
	947D : 7D;
	947E : 7E;
	947F : 7F;
	9480 : 94;
	9481 : 94;
	9482 : 95;
	9483 : 96;
	9484 : 96;
	9485 : 96;
	9486 : 97;
	9487 : 98;
	9488 : 98;
	9489 : 98;
	948A : 98;
	948B : 99;
	948C : 99;
	948D : 99;
	948E : 9A;
	948F : 9A;
	9490 : 9A;
	9491 : 9A;
	9492 : 9B;
	9493 : 9C;
	9494 : 9C;
	9495 : 9C;
	9496 : 9D;
	9497 : 9E;
	9498 : 9E;
	9499 : 9F;
	949A : A0;
	949B : A0;
	949C : A1;
	949D : A2;
	949E : A2;
	949F : A2;
	94A0 : A3;
	94A1 : A4;
	94A2 : A5;
	94A3 : A6;
	94A4 : A7;
	94A5 : A8;
	94A6 : A8;
	94A7 : A9;
	94A8 : AA;
	94A9 : AA;
	94AA : AC;
	94AB : AC;
	94AC : AE;
	94AD : AE;
	94AE : B0;
	94AF : B0;
	94B0 : B1;
	94B1 : B2;
	94B2 : B3;
	94B3 : B4;
	94B4 : B5;
	94B5 : B6;
	94B6 : B7;
	94B7 : B8;
	94B8 : B8;
	94B9 : B9;
	94BA : BA;
	94BB : BB;
	94BC : BC;
	94BD : BD;
	94BE : BE;
	94BF : BF;
	94C0 : C0;
	94C1 : C1;
	94C2 : C2;
	94C3 : C3;
	94C4 : C4;
	94C5 : C5;
	94C6 : C6;
	94C7 : C7;
	94C8 : C8;
	94C9 : C9;
	94CA : CA;
	94CB : CB;
	94CC : CC;
	94CD : CD;
	94CE : CE;
	94CF : CF;
	94D0 : D0;
	94D1 : D1;
	94D2 : D2;
	94D3 : D3;
	94D4 : D4;
	94D5 : D5;
	94D6 : D6;
	94D7 : D7;
	94D8 : D8;
	94D9 : D9;
	94DA : DA;
	94DB : DB;
	94DC : DC;
	94DD : DD;
	94DE : DE;
	94DF : DF;
	94E0 : E0;
	94E1 : E1;
	94E2 : E2;
	94E3 : E3;
	94E4 : E4;
	94E5 : E5;
	94E6 : E6;
	94E7 : E7;
	94E8 : E8;
	94E9 : E9;
	94EA : EA;
	94EB : EB;
	94EC : EC;
	94ED : ED;
	94EE : EE;
	94EF : EF;
	94F0 : F0;
	94F1 : F1;
	94F2 : F2;
	94F3 : F3;
	94F4 : F4;
	94F5 : F5;
	94F6 : F6;
	94F7 : F7;
	94F8 : F8;
	94F9 : F9;
	94FA : FA;
	94FB : FB;
	94FC : FC;
	94FD : FD;
	94FE : FE;
	94FF : 7F;
	9500 : 95;
	9501 : 94;
	9502 : 94;
	9503 : 94;
	9504 : 93;
	9505 : 92;
	9506 : 92;
	9507 : 92;
	9508 : 91;
	9509 : 90;
	950A : 90;
	950B : 8F;
	950C : 8E;
	950D : 8D;
	950E : 8C;
	950F : 8B;
	9510 : 8A;
	9511 : 88;
	9512 : 86;
	9513 : 84;
	9514 : 82;
	9515 : 00;
	9516 : 02;
	9517 : 04;
	9518 : 06;
	9519 : 0A;
	951A : 0E;
	951B : 11;
	951C : 13;
	951D : 15;
	951E : 17;
	951F : 18;
	9520 : 1A;
	9521 : 1C;
	9522 : 1E;
	9523 : 20;
	9524 : 21;
	9525 : 22;
	9526 : 23;
	9527 : 24;
	9528 : 25;
	9529 : 27;
	952A : 28;
	952B : 29;
	952C : 2A;
	952D : 2B;
	952E : 2C;
	952F : 2D;
	9530 : 2E;
	9531 : 30;
	9532 : 31;
	9533 : 32;
	9534 : 33;
	9535 : 34;
	9536 : 35;
	9537 : 36;
	9538 : 37;
	9539 : 39;
	953A : 3A;
	953B : 3B;
	953C : 3C;
	953D : 3D;
	953E : 3E;
	953F : 3F;
	9540 : 40;
	9541 : 41;
	9542 : 42;
	9543 : 43;
	9544 : 44;
	9545 : 45;
	9546 : 46;
	9547 : 47;
	9548 : 48;
	9549 : 49;
	954A : 4A;
	954B : 4B;
	954C : 4C;
	954D : 4D;
	954E : 4E;
	954F : 4F;
	9550 : 50;
	9551 : 51;
	9552 : 52;
	9553 : 53;
	9554 : 54;
	9555 : 55;
	9556 : 56;
	9557 : 57;
	9558 : 58;
	9559 : 59;
	955A : 5A;
	955B : 5B;
	955C : 5C;
	955D : 5D;
	955E : 5E;
	955F : 5F;
	9560 : 60;
	9561 : 61;
	9562 : 62;
	9563 : 63;
	9564 : 64;
	9565 : 65;
	9566 : 66;
	9567 : 67;
	9568 : 68;
	9569 : 69;
	956A : 6A;
	956B : 6B;
	956C : 6C;
	956D : 6D;
	956E : 6E;
	956F : 6F;
	9570 : 70;
	9571 : 71;
	9572 : 72;
	9573 : 73;
	9574 : 74;
	9575 : 75;
	9576 : 76;
	9577 : 77;
	9578 : 78;
	9579 : 79;
	957A : 7A;
	957B : 7B;
	957C : 7C;
	957D : 7D;
	957E : 7E;
	957F : 7F;
	9580 : 95;
	9581 : 96;
	9582 : 96;
	9583 : 96;
	9584 : 97;
	9585 : 98;
	9586 : 98;
	9587 : 98;
	9588 : 98;
	9589 : 99;
	958A : 99;
	958B : 99;
	958C : 9A;
	958D : 9A;
	958E : 9A;
	958F : 9A;
	9590 : 9A;
	9591 : 9B;
	9592 : 9C;
	9593 : 9C;
	9594 : 9C;
	9595 : 9D;
	9596 : 9E;
	9597 : 9E;
	9598 : 9E;
	9599 : A0;
	959A : A0;
	959B : A1;
	959C : A1;
	959D : A2;
	959E : A2;
	959F : A3;
	95A0 : A3;
	95A1 : A4;
	95A2 : A5;
	95A3 : A6;
	95A4 : A7;
	95A5 : A8;
	95A6 : A9;
	95A7 : A9;
	95A8 : AA;
	95A9 : AB;
	95AA : AC;
	95AB : AD;
	95AC : AE;
	95AD : AF;
	95AE : B0;
	95AF : B0;
	95B0 : B1;
	95B1 : B2;
	95B2 : B3;
	95B3 : B4;
	95B4 : B5;
	95B5 : B6;
	95B6 : B7;
	95B7 : B8;
	95B8 : B8;
	95B9 : B9;
	95BA : BA;
	95BB : BB;
	95BC : BC;
	95BD : BD;
	95BE : BE;
	95BF : BF;
	95C0 : C0;
	95C1 : C1;
	95C2 : C2;
	95C3 : C3;
	95C4 : C4;
	95C5 : C5;
	95C6 : C6;
	95C7 : C7;
	95C8 : C8;
	95C9 : C9;
	95CA : CA;
	95CB : CB;
	95CC : CC;
	95CD : CD;
	95CE : CE;
	95CF : CF;
	95D0 : D0;
	95D1 : D1;
	95D2 : D2;
	95D3 : D3;
	95D4 : D4;
	95D5 : D5;
	95D6 : D6;
	95D7 : D7;
	95D8 : D8;
	95D9 : D9;
	95DA : DA;
	95DB : DB;
	95DC : DC;
	95DD : DD;
	95DE : DE;
	95DF : DF;
	95E0 : E0;
	95E1 : E1;
	95E2 : E2;
	95E3 : E3;
	95E4 : E4;
	95E5 : E5;
	95E6 : E6;
	95E7 : E7;
	95E8 : E8;
	95E9 : E9;
	95EA : EA;
	95EB : EB;
	95EC : EC;
	95ED : ED;
	95EE : EE;
	95EF : EF;
	95F0 : F0;
	95F1 : F1;
	95F2 : F2;
	95F3 : F3;
	95F4 : F4;
	95F5 : F5;
	95F6 : F6;
	95F7 : F7;
	95F8 : F8;
	95F9 : F9;
	95FA : FA;
	95FB : FB;
	95FC : FC;
	95FD : FD;
	95FE : FE;
	95FF : 7F;
	9600 : 96;
	9601 : 96;
	9602 : 95;
	9603 : 94;
	9604 : 94;
	9605 : 94;
	9606 : 93;
	9607 : 92;
	9608 : 92;
	9609 : 92;
	960A : 91;
	960B : 90;
	960C : 90;
	960D : 8F;
	960E : 8E;
	960F : 8D;
	9610 : 8C;
	9611 : 8A;
	9612 : 88;
	9613 : 86;
	9614 : 84;
	9615 : 82;
	9616 : 00;
	9617 : 02;
	9618 : 04;
	9619 : 08;
	961A : 0C;
	961B : 10;
	961C : 12;
	961D : 14;
	961E : 16;
	961F : 18;
	9620 : 19;
	9621 : 1B;
	9622 : 1D;
	9623 : 1F;
	9624 : 20;
	9625 : 22;
	9626 : 22;
	9627 : 24;
	9628 : 24;
	9629 : 26;
	962A : 28;
	962B : 29;
	962C : 2A;
	962D : 2B;
	962E : 2C;
	962F : 2D;
	9630 : 2E;
	9631 : 30;
	9632 : 31;
	9633 : 32;
	9634 : 33;
	9635 : 34;
	9636 : 35;
	9637 : 36;
	9638 : 37;
	9639 : 39;
	963A : 3A;
	963B : 3B;
	963C : 3C;
	963D : 3D;
	963E : 3E;
	963F : 3F;
	9640 : 40;
	9641 : 41;
	9642 : 42;
	9643 : 43;
	9644 : 44;
	9645 : 45;
	9646 : 46;
	9647 : 47;
	9648 : 48;
	9649 : 49;
	964A : 4A;
	964B : 4B;
	964C : 4C;
	964D : 4D;
	964E : 4E;
	964F : 4F;
	9650 : 50;
	9651 : 51;
	9652 : 52;
	9653 : 53;
	9654 : 54;
	9655 : 55;
	9656 : 56;
	9657 : 57;
	9658 : 58;
	9659 : 59;
	965A : 5A;
	965B : 5B;
	965C : 5C;
	965D : 5D;
	965E : 5E;
	965F : 5F;
	9660 : 60;
	9661 : 61;
	9662 : 62;
	9663 : 63;
	9664 : 64;
	9665 : 65;
	9666 : 66;
	9667 : 67;
	9668 : 68;
	9669 : 69;
	966A : 6A;
	966B : 6B;
	966C : 6C;
	966D : 6D;
	966E : 6E;
	966F : 6F;
	9670 : 70;
	9671 : 71;
	9672 : 72;
	9673 : 73;
	9674 : 74;
	9675 : 75;
	9676 : 76;
	9677 : 77;
	9678 : 78;
	9679 : 79;
	967A : 7A;
	967B : 7B;
	967C : 7C;
	967D : 7D;
	967E : 7E;
	967F : 7F;
	9680 : 96;
	9681 : 96;
	9682 : 97;
	9683 : 98;
	9684 : 98;
	9685 : 98;
	9686 : 98;
	9687 : 99;
	9688 : 99;
	9689 : 99;
	968A : 9A;
	968B : 9A;
	968C : 9A;
	968D : 9A;
	968E : 9A;
	968F : 9B;
	9690 : 9B;
	9691 : 9C;
	9692 : 9C;
	9693 : 9C;
	9694 : 9D;
	9695 : 9E;
	9696 : 9E;
	9697 : 9E;
	9698 : 9F;
	9699 : A0;
	969A : A0;
	969B : A1;
	969C : A2;
	969D : A2;
	969E : A2;
	969F : A3;
	96A0 : A4;
	96A1 : A4;
	96A2 : A6;
	96A3 : A6;
	96A4 : A8;
	96A5 : A8;
	96A6 : A9;
	96A7 : A9;
	96A8 : AA;
	96A9 : AB;
	96AA : AC;
	96AB : AD;
	96AC : AE;
	96AD : AF;
	96AE : B0;
	96AF : B0;
	96B0 : B1;
	96B1 : B2;
	96B2 : B3;
	96B3 : B4;
	96B4 : B5;
	96B5 : B6;
	96B6 : B7;
	96B7 : B8;
	96B8 : B8;
	96B9 : B9;
	96BA : BA;
	96BB : BB;
	96BC : BC;
	96BD : BD;
	96BE : BE;
	96BF : BF;
	96C0 : C0;
	96C1 : C1;
	96C2 : C2;
	96C3 : C3;
	96C4 : C4;
	96C5 : C5;
	96C6 : C6;
	96C7 : C7;
	96C8 : C8;
	96C9 : C9;
	96CA : CA;
	96CB : CB;
	96CC : CC;
	96CD : CD;
	96CE : CE;
	96CF : CF;
	96D0 : D0;
	96D1 : D1;
	96D2 : D2;
	96D3 : D3;
	96D4 : D4;
	96D5 : D5;
	96D6 : D6;
	96D7 : D7;
	96D8 : D8;
	96D9 : D9;
	96DA : DA;
	96DB : DB;
	96DC : DC;
	96DD : DD;
	96DE : DE;
	96DF : DF;
	96E0 : E0;
	96E1 : E1;
	96E2 : E2;
	96E3 : E3;
	96E4 : E4;
	96E5 : E5;
	96E6 : E6;
	96E7 : E7;
	96E8 : E8;
	96E9 : E9;
	96EA : EA;
	96EB : EB;
	96EC : EC;
	96ED : ED;
	96EE : EE;
	96EF : EF;
	96F0 : F0;
	96F1 : F1;
	96F2 : F2;
	96F3 : F3;
	96F4 : F4;
	96F5 : F5;
	96F6 : F6;
	96F7 : F7;
	96F8 : F8;
	96F9 : F9;
	96FA : FA;
	96FB : FB;
	96FC : FC;
	96FD : FD;
	96FE : FE;
	96FF : 7F;
	9700 : 97;
	9701 : 96;
	9702 : 96;
	9703 : 96;
	9704 : 95;
	9705 : 94;
	9706 : 94;
	9707 : 94;
	9708 : 93;
	9709 : 92;
	970A : 92;
	970B : 92;
	970C : 91;
	970D : 90;
	970E : 90;
	970F : 8F;
	9710 : 8E;
	9711 : 8C;
	9712 : 8A;
	9713 : 88;
	9714 : 86;
	9715 : 84;
	9716 : 82;
	9717 : 00;
	9718 : 02;
	9719 : 06;
	971A : 0A;
	971B : 0E;
	971C : 11;
	971D : 13;
	971E : 15;
	971F : 17;
	9720 : 18;
	9721 : 1A;
	9722 : 1C;
	9723 : 1E;
	9724 : 20;
	9725 : 21;
	9726 : 22;
	9727 : 23;
	9728 : 24;
	9729 : 26;
	972A : 28;
	972B : 29;
	972C : 2A;
	972D : 2B;
	972E : 2C;
	972F : 2D;
	9730 : 2E;
	9731 : 30;
	9732 : 31;
	9733 : 32;
	9734 : 33;
	9735 : 34;
	9736 : 35;
	9737 : 36;
	9738 : 37;
	9739 : 39;
	973A : 3A;
	973B : 3B;
	973C : 3C;
	973D : 3D;
	973E : 3E;
	973F : 3F;
	9740 : 40;
	9741 : 41;
	9742 : 42;
	9743 : 43;
	9744 : 44;
	9745 : 45;
	9746 : 46;
	9747 : 47;
	9748 : 48;
	9749 : 49;
	974A : 4A;
	974B : 4B;
	974C : 4C;
	974D : 4D;
	974E : 4E;
	974F : 4F;
	9750 : 50;
	9751 : 51;
	9752 : 52;
	9753 : 53;
	9754 : 54;
	9755 : 55;
	9756 : 56;
	9757 : 57;
	9758 : 58;
	9759 : 59;
	975A : 5A;
	975B : 5B;
	975C : 5C;
	975D : 5D;
	975E : 5E;
	975F : 5F;
	9760 : 60;
	9761 : 61;
	9762 : 62;
	9763 : 63;
	9764 : 64;
	9765 : 65;
	9766 : 66;
	9767 : 67;
	9768 : 68;
	9769 : 69;
	976A : 6A;
	976B : 6B;
	976C : 6C;
	976D : 6D;
	976E : 6E;
	976F : 6F;
	9770 : 70;
	9771 : 71;
	9772 : 72;
	9773 : 73;
	9774 : 74;
	9775 : 75;
	9776 : 76;
	9777 : 77;
	9778 : 78;
	9779 : 79;
	977A : 7A;
	977B : 7B;
	977C : 7C;
	977D : 7D;
	977E : 7E;
	977F : 7F;
	9780 : 97;
	9781 : 98;
	9782 : 98;
	9783 : 98;
	9784 : 98;
	9785 : 99;
	9786 : 99;
	9787 : 99;
	9788 : 9A;
	9789 : 9A;
	978A : 9A;
	978B : 9A;
	978C : 9A;
	978D : 9B;
	978E : 9B;
	978F : 9B;
	9790 : 9C;
	9791 : 9C;
	9792 : 9C;
	9793 : 9D;
	9794 : 9E;
	9795 : 9E;
	9796 : 9E;
	9797 : 9F;
	9798 : A0;
	9799 : A0;
	979A : A1;
	979B : A1;
	979C : A2;
	979D : A2;
	979E : A3;
	979F : A3;
	97A0 : A4;
	97A1 : A5;
	97A2 : A6;
	97A3 : A7;
	97A4 : A8;
	97A5 : A8;
	97A6 : A9;
	97A7 : A9;
	97A8 : AA;
	97A9 : AB;
	97AA : AC;
	97AB : AD;
	97AC : AE;
	97AD : AF;
	97AE : B0;
	97AF : B0;
	97B0 : B1;
	97B1 : B2;
	97B2 : B3;
	97B3 : B4;
	97B4 : B5;
	97B5 : B6;
	97B6 : B7;
	97B7 : B8;
	97B8 : B8;
	97B9 : B9;
	97BA : BA;
	97BB : BB;
	97BC : BC;
	97BD : BD;
	97BE : BE;
	97BF : BF;
	97C0 : C0;
	97C1 : C1;
	97C2 : C2;
	97C3 : C3;
	97C4 : C4;
	97C5 : C5;
	97C6 : C6;
	97C7 : C7;
	97C8 : C8;
	97C9 : C9;
	97CA : CA;
	97CB : CB;
	97CC : CC;
	97CD : CD;
	97CE : CE;
	97CF : CF;
	97D0 : D0;
	97D1 : D1;
	97D2 : D2;
	97D3 : D3;
	97D4 : D4;
	97D5 : D5;
	97D6 : D6;
	97D7 : D7;
	97D8 : D8;
	97D9 : D9;
	97DA : DA;
	97DB : DB;
	97DC : DC;
	97DD : DD;
	97DE : DE;
	97DF : DF;
	97E0 : E0;
	97E1 : E1;
	97E2 : E2;
	97E3 : E3;
	97E4 : E4;
	97E5 : E5;
	97E6 : E6;
	97E7 : E7;
	97E8 : E8;
	97E9 : E9;
	97EA : EA;
	97EB : EB;
	97EC : EC;
	97ED : ED;
	97EE : EE;
	97EF : EF;
	97F0 : F0;
	97F1 : F1;
	97F2 : F2;
	97F3 : F3;
	97F4 : F4;
	97F5 : F5;
	97F6 : F6;
	97F7 : F7;
	97F8 : F8;
	97F9 : F9;
	97FA : FA;
	97FB : FB;
	97FC : FC;
	97FD : FD;
	97FE : FE;
	97FF : 7F;
	9800 : 98;
	9801 : 98;
	9802 : 97;
	9803 : 96;
	9804 : 96;
	9805 : 96;
	9806 : 95;
	9807 : 94;
	9808 : 94;
	9809 : 94;
	980A : 93;
	980B : 92;
	980C : 92;
	980D : 92;
	980E : 91;
	980F : 90;
	9810 : 90;
	9811 : 8E;
	9812 : 8C;
	9813 : 8A;
	9814 : 88;
	9815 : 86;
	9816 : 84;
	9817 : 82;
	9818 : 00;
	9819 : 04;
	981A : 08;
	981B : 0C;
	981C : 10;
	981D : 12;
	981E : 14;
	981F : 16;
	9820 : 18;
	9821 : 1A;
	9822 : 1C;
	9823 : 1E;
	9824 : 20;
	9825 : 21;
	9826 : 22;
	9827 : 23;
	9828 : 24;
	9829 : 26;
	982A : 28;
	982B : 29;
	982C : 2A;
	982D : 2B;
	982E : 2C;
	982F : 2D;
	9830 : 2E;
	9831 : 30;
	9832 : 31;
	9833 : 32;
	9834 : 33;
	9835 : 34;
	9836 : 35;
	9837 : 36;
	9838 : 37;
	9839 : 38;
	983A : 3A;
	983B : 3A;
	983C : 3C;
	983D : 3C;
	983E : 3E;
	983F : 3E;
	9840 : 40;
	9841 : 41;
	9842 : 42;
	9843 : 43;
	9844 : 44;
	9845 : 45;
	9846 : 46;
	9847 : 47;
	9848 : 48;
	9849 : 49;
	984A : 4A;
	984B : 4B;
	984C : 4C;
	984D : 4D;
	984E : 4E;
	984F : 4F;
	9850 : 50;
	9851 : 51;
	9852 : 52;
	9853 : 53;
	9854 : 54;
	9855 : 55;
	9856 : 56;
	9857 : 57;
	9858 : 58;
	9859 : 59;
	985A : 5A;
	985B : 5B;
	985C : 5C;
	985D : 5D;
	985E : 5E;
	985F : 5F;
	9860 : 60;
	9861 : 61;
	9862 : 62;
	9863 : 63;
	9864 : 64;
	9865 : 65;
	9866 : 66;
	9867 : 67;
	9868 : 68;
	9869 : 69;
	986A : 6A;
	986B : 6B;
	986C : 6C;
	986D : 6D;
	986E : 6E;
	986F : 6F;
	9870 : 70;
	9871 : 71;
	9872 : 72;
	9873 : 73;
	9874 : 74;
	9875 : 75;
	9876 : 76;
	9877 : 77;
	9878 : 78;
	9879 : 79;
	987A : 7A;
	987B : 7B;
	987C : 7C;
	987D : 7D;
	987E : 7E;
	987F : 7F;
	9880 : 98;
	9881 : 98;
	9882 : 98;
	9883 : 99;
	9884 : 99;
	9885 : 99;
	9886 : 9A;
	9887 : 9A;
	9888 : 9A;
	9889 : 9A;
	988A : 9A;
	988B : 9B;
	988C : 9B;
	988D : 9B;
	988E : 9C;
	988F : 9C;
	9890 : 9C;
	9891 : 9C;
	9892 : 9D;
	9893 : 9E;
	9894 : 9E;
	9895 : 9E;
	9896 : 9F;
	9897 : A0;
	9898 : A0;
	9899 : A0;
	989A : A1;
	989B : A2;
	989C : A2;
	989D : A2;
	989E : A3;
	989F : A4;
	98A0 : A4;
	98A1 : A5;
	98A2 : A6;
	98A3 : A7;
	98A4 : A8;
	98A5 : A8;
	98A6 : A9;
	98A7 : AA;
	98A8 : AA;
	98A9 : AB;
	98AA : AC;
	98AB : AD;
	98AC : AE;
	98AD : AF;
	98AE : B0;
	98AF : B0;
	98B0 : B1;
	98B1 : B2;
	98B2 : B3;
	98B3 : B4;
	98B4 : B5;
	98B5 : B6;
	98B6 : B7;
	98B7 : B8;
	98B8 : B8;
	98B9 : BA;
	98BA : BA;
	98BB : BC;
	98BC : BC;
	98BD : BE;
	98BE : BE;
	98BF : C0;
	98C0 : C0;
	98C1 : C1;
	98C2 : C2;
	98C3 : C3;
	98C4 : C4;
	98C5 : C5;
	98C6 : C6;
	98C7 : C7;
	98C8 : C8;
	98C9 : C9;
	98CA : CA;
	98CB : CB;
	98CC : CC;
	98CD : CD;
	98CE : CE;
	98CF : CF;
	98D0 : D0;
	98D1 : D1;
	98D2 : D2;
	98D3 : D3;
	98D4 : D4;
	98D5 : D5;
	98D6 : D6;
	98D7 : D7;
	98D8 : D8;
	98D9 : D9;
	98DA : DA;
	98DB : DB;
	98DC : DC;
	98DD : DD;
	98DE : DE;
	98DF : DF;
	98E0 : E0;
	98E1 : E1;
	98E2 : E2;
	98E3 : E3;
	98E4 : E4;
	98E5 : E5;
	98E6 : E6;
	98E7 : E7;
	98E8 : E8;
	98E9 : E9;
	98EA : EA;
	98EB : EB;
	98EC : EC;
	98ED : ED;
	98EE : EE;
	98EF : EF;
	98F0 : F0;
	98F1 : F1;
	98F2 : F2;
	98F3 : F3;
	98F4 : F4;
	98F5 : F5;
	98F6 : F6;
	98F7 : F7;
	98F8 : F8;
	98F9 : F9;
	98FA : FA;
	98FB : FB;
	98FC : FC;
	98FD : FD;
	98FE : FE;
	98FF : 7F;
	9900 : 99;
	9901 : 99;
	9902 : 98;
	9903 : 98;
	9904 : 98;
	9905 : 98;
	9906 : 97;
	9907 : 96;
	9908 : 96;
	9909 : 96;
	990A : 95;
	990B : 94;
	990C : 94;
	990D : 94;
	990E : 93;
	990F : 92;
	9910 : 92;
	9911 : 91;
	9912 : 90;
	9913 : 8E;
	9914 : 8C;
	9915 : 8A;
	9916 : 88;
	9917 : 86;
	9918 : 84;
	9919 : 00;
	991A : 04;
	991B : 08;
	991C : 0C;
	991D : 10;
	991E : 12;
	991F : 14;
	9920 : 16;
	9921 : 19;
	9922 : 1B;
	9923 : 1D;
	9924 : 1F;
	9925 : 20;
	9926 : 22;
	9927 : 22;
	9928 : 24;
	9929 : 26;
	992A : 28;
	992B : 29;
	992C : 2A;
	992D : 2B;
	992E : 2C;
	992F : 2D;
	9930 : 2E;
	9931 : 30;
	9932 : 31;
	9933 : 32;
	9934 : 33;
	9935 : 34;
	9936 : 35;
	9937 : 36;
	9938 : 37;
	9939 : 38;
	993A : 39;
	993B : 3A;
	993C : 3B;
	993D : 3C;
	993E : 3D;
	993F : 3E;
	9940 : 3F;
	9941 : 41;
	9942 : 42;
	9943 : 43;
	9944 : 44;
	9945 : 45;
	9946 : 46;
	9947 : 47;
	9948 : 48;
	9949 : 49;
	994A : 4A;
	994B : 4B;
	994C : 4C;
	994D : 4D;
	994E : 4E;
	994F : 4F;
	9950 : 50;
	9951 : 51;
	9952 : 52;
	9953 : 53;
	9954 : 54;
	9955 : 55;
	9956 : 56;
	9957 : 57;
	9958 : 58;
	9959 : 59;
	995A : 5A;
	995B : 5B;
	995C : 5C;
	995D : 5D;
	995E : 5E;
	995F : 5F;
	9960 : 60;
	9961 : 61;
	9962 : 62;
	9963 : 63;
	9964 : 64;
	9965 : 65;
	9966 : 66;
	9967 : 67;
	9968 : 68;
	9969 : 69;
	996A : 6A;
	996B : 6B;
	996C : 6C;
	996D : 6D;
	996E : 6E;
	996F : 6F;
	9970 : 70;
	9971 : 71;
	9972 : 72;
	9973 : 73;
	9974 : 74;
	9975 : 75;
	9976 : 76;
	9977 : 77;
	9978 : 78;
	9979 : 79;
	997A : 7A;
	997B : 7B;
	997C : 7C;
	997D : 7D;
	997E : 7E;
	997F : 7F;
	9980 : 99;
	9981 : 99;
	9982 : 9A;
	9983 : 9A;
	9984 : 9A;
	9985 : 9A;
	9986 : 9A;
	9987 : 9B;
	9988 : 9B;
	9989 : 9B;
	998A : 9C;
	998B : 9C;
	998C : 9C;
	998D : 9C;
	998E : 9C;
	998F : 9D;
	9990 : 9D;
	9991 : 9E;
	9992 : 9E;
	9993 : 9E;
	9994 : 9F;
	9995 : A0;
	9996 : A0;
	9997 : A0;
	9998 : A0;
	9999 : A1;
	999A : A2;
	999B : A2;
	999C : A2;
	999D : A3;
	999E : A4;
	999F : A4;
	99A0 : A4;
	99A1 : A6;
	99A2 : A6;
	99A3 : A8;
	99A4 : A8;
	99A5 : A9;
	99A6 : A9;
	99A7 : AA;
	99A8 : AA;
	99A9 : AB;
	99AA : AC;
	99AB : AD;
	99AC : AE;
	99AD : AF;
	99AE : B0;
	99AF : B1;
	99B0 : B1;
	99B1 : B2;
	99B2 : B3;
	99B3 : B4;
	99B4 : B5;
	99B5 : B6;
	99B6 : B7;
	99B7 : B8;
	99B8 : B9;
	99B9 : BA;
	99BA : BB;
	99BB : BC;
	99BC : BD;
	99BD : BE;
	99BE : BF;
	99BF : C0;
	99C0 : C0;
	99C1 : C1;
	99C2 : C2;
	99C3 : C3;
	99C4 : C4;
	99C5 : C5;
	99C6 : C6;
	99C7 : C7;
	99C8 : C8;
	99C9 : C9;
	99CA : CA;
	99CB : CB;
	99CC : CC;
	99CD : CD;
	99CE : CE;
	99CF : CF;
	99D0 : D0;
	99D1 : D1;
	99D2 : D2;
	99D3 : D3;
	99D4 : D4;
	99D5 : D5;
	99D6 : D6;
	99D7 : D7;
	99D8 : D8;
	99D9 : D9;
	99DA : DA;
	99DB : DB;
	99DC : DC;
	99DD : DD;
	99DE : DE;
	99DF : DF;
	99E0 : E0;
	99E1 : E1;
	99E2 : E2;
	99E3 : E3;
	99E4 : E4;
	99E5 : E5;
	99E6 : E6;
	99E7 : E7;
	99E8 : E8;
	99E9 : E9;
	99EA : EA;
	99EB : EB;
	99EC : EC;
	99ED : ED;
	99EE : EE;
	99EF : EF;
	99F0 : F0;
	99F1 : F1;
	99F2 : F2;
	99F3 : F3;
	99F4 : F4;
	99F5 : F5;
	99F6 : F6;
	99F7 : F7;
	99F8 : F8;
	99F9 : F9;
	99FA : FA;
	99FB : FB;
	99FC : FC;
	99FD : FD;
	99FE : FE;
	99FF : 7F;
	9A00 : 9A;
	9A01 : 9A;
	9A02 : 9A;
	9A03 : 99;
	9A04 : 99;
	9A05 : 99;
	9A06 : 98;
	9A07 : 98;
	9A08 : 98;
	9A09 : 98;
	9A0A : 97;
	9A0B : 96;
	9A0C : 96;
	9A0D : 96;
	9A0E : 95;
	9A0F : 94;
	9A10 : 94;
	9A11 : 93;
	9A12 : 92;
	9A13 : 91;
	9A14 : 90;
	9A15 : 8E;
	9A16 : 8C;
	9A17 : 8A;
	9A18 : 88;
	9A19 : 84;
	9A1A : 00;
	9A1B : 04;
	9A1C : 08;
	9A1D : 0C;
	9A1E : 10;
	9A1F : 12;
	9A20 : 14;
	9A21 : 18;
	9A22 : 1A;
	9A23 : 1C;
	9A24 : 1E;
	9A25 : 20;
	9A26 : 21;
	9A27 : 22;
	9A28 : 23;
	9A29 : 25;
	9A2A : 27;
	9A2B : 28;
	9A2C : 2A;
	9A2D : 2A;
	9A2E : 2C;
	9A2F : 2C;
	9A30 : 2E;
	9A31 : 30;
	9A32 : 31;
	9A33 : 32;
	9A34 : 33;
	9A35 : 34;
	9A36 : 35;
	9A37 : 36;
	9A38 : 37;
	9A39 : 38;
	9A3A : 39;
	9A3B : 3A;
	9A3C : 3B;
	9A3D : 3C;
	9A3E : 3D;
	9A3F : 3E;
	9A40 : 3F;
	9A41 : 41;
	9A42 : 42;
	9A43 : 43;
	9A44 : 44;
	9A45 : 45;
	9A46 : 46;
	9A47 : 47;
	9A48 : 48;
	9A49 : 49;
	9A4A : 4A;
	9A4B : 4B;
	9A4C : 4C;
	9A4D : 4D;
	9A4E : 4E;
	9A4F : 4F;
	9A50 : 50;
	9A51 : 51;
	9A52 : 52;
	9A53 : 53;
	9A54 : 54;
	9A55 : 55;
	9A56 : 56;
	9A57 : 57;
	9A58 : 58;
	9A59 : 59;
	9A5A : 5A;
	9A5B : 5B;
	9A5C : 5C;
	9A5D : 5D;
	9A5E : 5E;
	9A5F : 5F;
	9A60 : 60;
	9A61 : 61;
	9A62 : 62;
	9A63 : 63;
	9A64 : 64;
	9A65 : 65;
	9A66 : 66;
	9A67 : 67;
	9A68 : 68;
	9A69 : 69;
	9A6A : 6A;
	9A6B : 6B;
	9A6C : 6C;
	9A6D : 6D;
	9A6E : 6E;
	9A6F : 6F;
	9A70 : 70;
	9A71 : 71;
	9A72 : 72;
	9A73 : 73;
	9A74 : 74;
	9A75 : 75;
	9A76 : 76;
	9A77 : 77;
	9A78 : 78;
	9A79 : 79;
	9A7A : 7A;
	9A7B : 7B;
	9A7C : 7C;
	9A7D : 7D;
	9A7E : 7E;
	9A7F : 7F;
	9A80 : 9A;
	9A81 : 9A;
	9A82 : 9A;
	9A83 : 9B;
	9A84 : 9B;
	9A85 : 9B;
	9A86 : 9C;
	9A87 : 9C;
	9A88 : 9C;
	9A89 : 9C;
	9A8A : 9C;
	9A8B : 9D;
	9A8C : 9D;
	9A8D : 9D;
	9A8E : 9E;
	9A8F : 9E;
	9A90 : 9E;
	9A91 : 9E;
	9A92 : 9F;
	9A93 : A0;
	9A94 : A0;
	9A95 : A0;
	9A96 : A0;
	9A97 : A1;
	9A98 : A1;
	9A99 : A2;
	9A9A : A2;
	9A9B : A2;
	9A9C : A3;
	9A9D : A4;
	9A9E : A4;
	9A9F : A4;
	9AA0 : A5;
	9AA1 : A6;
	9AA2 : A7;
	9AA3 : A8;
	9AA4 : A8;
	9AA5 : A9;
	9AA6 : AA;
	9AA7 : AA;
	9AA8 : AA;
	9AA9 : AC;
	9AAA : AC;
	9AAB : AE;
	9AAC : AE;
	9AAD : B0;
	9AAE : B0;
	9AAF : B1;
	9AB0 : B1;
	9AB1 : B2;
	9AB2 : B3;
	9AB3 : B4;
	9AB4 : B5;
	9AB5 : B6;
	9AB6 : B7;
	9AB7 : B8;
	9AB8 : B9;
	9AB9 : BA;
	9ABA : BB;
	9ABB : BC;
	9ABC : BD;
	9ABD : BE;
	9ABE : BF;
	9ABF : C0;
	9AC0 : C0;
	9AC1 : C1;
	9AC2 : C2;
	9AC3 : C3;
	9AC4 : C4;
	9AC5 : C5;
	9AC6 : C6;
	9AC7 : C7;
	9AC8 : C8;
	9AC9 : C9;
	9ACA : CA;
	9ACB : CB;
	9ACC : CC;
	9ACD : CD;
	9ACE : CE;
	9ACF : CF;
	9AD0 : D0;
	9AD1 : D1;
	9AD2 : D2;
	9AD3 : D3;
	9AD4 : D4;
	9AD5 : D5;
	9AD6 : D6;
	9AD7 : D7;
	9AD8 : D8;
	9AD9 : D9;
	9ADA : DA;
	9ADB : DB;
	9ADC : DC;
	9ADD : DD;
	9ADE : DE;
	9ADF : DF;
	9AE0 : E0;
	9AE1 : E1;
	9AE2 : E2;
	9AE3 : E3;
	9AE4 : E4;
	9AE5 : E5;
	9AE6 : E6;
	9AE7 : E7;
	9AE8 : E8;
	9AE9 : E9;
	9AEA : EA;
	9AEB : EB;
	9AEC : EC;
	9AED : ED;
	9AEE : EE;
	9AEF : EF;
	9AF0 : F0;
	9AF1 : F1;
	9AF2 : F2;
	9AF3 : F3;
	9AF4 : F4;
	9AF5 : F5;
	9AF6 : F6;
	9AF7 : F7;
	9AF8 : F8;
	9AF9 : F9;
	9AFA : FA;
	9AFB : FB;
	9AFC : FC;
	9AFD : FD;
	9AFE : FE;
	9AFF : 7F;
	9B00 : 9B;
	9B01 : 9B;
	9B02 : 9A;
	9B03 : 9A;
	9B04 : 9A;
	9B05 : 9A;
	9B06 : 9A;
	9B07 : 99;
	9B08 : 99;
	9B09 : 99;
	9B0A : 98;
	9B0B : 98;
	9B0C : 98;
	9B0D : 98;
	9B0E : 97;
	9B0F : 96;
	9B10 : 96;
	9B11 : 95;
	9B12 : 94;
	9B13 : 93;
	9B14 : 92;
	9B15 : 91;
	9B16 : 90;
	9B17 : 8E;
	9B18 : 8C;
	9B19 : 88;
	9B1A : 84;
	9B1B : 00;
	9B1C : 04;
	9B1D : 08;
	9B1E : 0C;
	9B1F : 10;
	9B20 : 12;
	9B21 : 16;
	9B22 : 19;
	9B23 : 1B;
	9B24 : 1D;
	9B25 : 1F;
	9B26 : 20;
	9B27 : 22;
	9B28 : 22;
	9B29 : 24;
	9B2A : 26;
	9B2B : 28;
	9B2C : 29;
	9B2D : 2A;
	9B2E : 2B;
	9B2F : 2C;
	9B30 : 2D;
	9B31 : 2F;
	9B32 : 31;
	9B33 : 32;
	9B34 : 33;
	9B35 : 34;
	9B36 : 35;
	9B37 : 36;
	9B38 : 37;
	9B39 : 38;
	9B3A : 39;
	9B3B : 3A;
	9B3C : 3B;
	9B3D : 3C;
	9B3E : 3D;
	9B3F : 3E;
	9B40 : 3F;
	9B41 : 41;
	9B42 : 42;
	9B43 : 43;
	9B44 : 44;
	9B45 : 45;
	9B46 : 46;
	9B47 : 47;
	9B48 : 48;
	9B49 : 49;
	9B4A : 4A;
	9B4B : 4B;
	9B4C : 4C;
	9B4D : 4D;
	9B4E : 4E;
	9B4F : 4F;
	9B50 : 50;
	9B51 : 51;
	9B52 : 52;
	9B53 : 53;
	9B54 : 54;
	9B55 : 55;
	9B56 : 56;
	9B57 : 57;
	9B58 : 58;
	9B59 : 59;
	9B5A : 5A;
	9B5B : 5B;
	9B5C : 5C;
	9B5D : 5D;
	9B5E : 5E;
	9B5F : 5F;
	9B60 : 60;
	9B61 : 61;
	9B62 : 62;
	9B63 : 63;
	9B64 : 64;
	9B65 : 65;
	9B66 : 66;
	9B67 : 67;
	9B68 : 68;
	9B69 : 69;
	9B6A : 6A;
	9B6B : 6B;
	9B6C : 6C;
	9B6D : 6D;
	9B6E : 6E;
	9B6F : 6F;
	9B70 : 70;
	9B71 : 71;
	9B72 : 72;
	9B73 : 73;
	9B74 : 74;
	9B75 : 75;
	9B76 : 76;
	9B77 : 77;
	9B78 : 78;
	9B79 : 79;
	9B7A : 7A;
	9B7B : 7B;
	9B7C : 7C;
	9B7D : 7D;
	9B7E : 7E;
	9B7F : 7F;
	9B80 : 9B;
	9B81 : 9B;
	9B82 : 9C;
	9B83 : 9C;
	9B84 : 9C;
	9B85 : 9C;
	9B86 : 9C;
	9B87 : 9D;
	9B88 : 9D;
	9B89 : 9D;
	9B8A : 9E;
	9B8B : 9E;
	9B8C : 9E;
	9B8D : 9E;
	9B8E : 9E;
	9B8F : 9F;
	9B90 : 9F;
	9B91 : A0;
	9B92 : A0;
	9B93 : A0;
	9B94 : A0;
	9B95 : A1;
	9B96 : A1;
	9B97 : A1;
	9B98 : A2;
	9B99 : A2;
	9B9A : A2;
	9B9B : A3;
	9B9C : A4;
	9B9D : A4;
	9B9E : A4;
	9B9F : A5;
	9BA0 : A6;
	9BA1 : A6;
	9BA2 : A8;
	9BA3 : A8;
	9BA4 : A9;
	9BA5 : A9;
	9BA6 : AA;
	9BA7 : AA;
	9BA8 : AB;
	9BA9 : AC;
	9BAA : AD;
	9BAB : AE;
	9BAC : AF;
	9BAD : B0;
	9BAE : B0;
	9BAF : B1;
	9BB0 : B1;
	9BB1 : B2;
	9BB2 : B3;
	9BB3 : B4;
	9BB4 : B5;
	9BB5 : B6;
	9BB6 : B7;
	9BB7 : B8;
	9BB8 : B9;
	9BB9 : BA;
	9BBA : BB;
	9BBB : BC;
	9BBC : BD;
	9BBD : BE;
	9BBE : BF;
	9BBF : C0;
	9BC0 : C0;
	9BC1 : C1;
	9BC2 : C2;
	9BC3 : C3;
	9BC4 : C4;
	9BC5 : C5;
	9BC6 : C6;
	9BC7 : C7;
	9BC8 : C8;
	9BC9 : C9;
	9BCA : CA;
	9BCB : CB;
	9BCC : CC;
	9BCD : CD;
	9BCE : CE;
	9BCF : CF;
	9BD0 : D0;
	9BD1 : D1;
	9BD2 : D2;
	9BD3 : D3;
	9BD4 : D4;
	9BD5 : D5;
	9BD6 : D6;
	9BD7 : D7;
	9BD8 : D8;
	9BD9 : D9;
	9BDA : DA;
	9BDB : DB;
	9BDC : DC;
	9BDD : DD;
	9BDE : DE;
	9BDF : DF;
	9BE0 : E0;
	9BE1 : E1;
	9BE2 : E2;
	9BE3 : E3;
	9BE4 : E4;
	9BE5 : E5;
	9BE6 : E6;
	9BE7 : E7;
	9BE8 : E8;
	9BE9 : E9;
	9BEA : EA;
	9BEB : EB;
	9BEC : EC;
	9BED : ED;
	9BEE : EE;
	9BEF : EF;
	9BF0 : F0;
	9BF1 : F1;
	9BF2 : F2;
	9BF3 : F3;
	9BF4 : F4;
	9BF5 : F5;
	9BF6 : F6;
	9BF7 : F7;
	9BF8 : F8;
	9BF9 : F9;
	9BFA : FA;
	9BFB : FB;
	9BFC : FC;
	9BFD : FD;
	9BFE : FE;
	9BFF : 7F;
	9C00 : 9C;
	9C01 : 9C;
	9C02 : 9C;
	9C03 : 9B;
	9C04 : 9B;
	9C05 : 9B;
	9C06 : 9A;
	9C07 : 9A;
	9C08 : 9A;
	9C09 : 9A;
	9C0A : 9A;
	9C0B : 99;
	9C0C : 99;
	9C0D : 99;
	9C0E : 98;
	9C0F : 98;
	9C10 : 98;
	9C11 : 97;
	9C12 : 96;
	9C13 : 95;
	9C14 : 94;
	9C15 : 93;
	9C16 : 92;
	9C17 : 91;
	9C18 : 90;
	9C19 : 8C;
	9C1A : 88;
	9C1B : 84;
	9C1C : 00;
	9C1D : 04;
	9C1E : 08;
	9C1F : 0C;
	9C20 : 10;
	9C21 : 14;
	9C22 : 18;
	9C23 : 1A;
	9C24 : 1C;
	9C25 : 1E;
	9C26 : 20;
	9C27 : 21;
	9C28 : 22;
	9C29 : 24;
	9C2A : 26;
	9C2B : 28;
	9C2C : 29;
	9C2D : 2A;
	9C2E : 2B;
	9C2F : 2C;
	9C30 : 2D;
	9C31 : 2F;
	9C32 : 30;
	9C33 : 32;
	9C34 : 32;
	9C35 : 34;
	9C36 : 34;
	9C37 : 36;
	9C38 : 36;
	9C39 : 38;
	9C3A : 39;
	9C3B : 3A;
	9C3C : 3B;
	9C3D : 3C;
	9C3E : 3D;
	9C3F : 3E;
	9C40 : 3F;
	9C41 : 41;
	9C42 : 42;
	9C43 : 43;
	9C44 : 44;
	9C45 : 45;
	9C46 : 46;
	9C47 : 47;
	9C48 : 48;
	9C49 : 49;
	9C4A : 4A;
	9C4B : 4B;
	9C4C : 4C;
	9C4D : 4D;
	9C4E : 4E;
	9C4F : 4F;
	9C50 : 50;
	9C51 : 51;
	9C52 : 52;
	9C53 : 53;
	9C54 : 54;
	9C55 : 55;
	9C56 : 56;
	9C57 : 57;
	9C58 : 58;
	9C59 : 59;
	9C5A : 5A;
	9C5B : 5B;
	9C5C : 5C;
	9C5D : 5D;
	9C5E : 5E;
	9C5F : 5F;
	9C60 : 60;
	9C61 : 61;
	9C62 : 62;
	9C63 : 63;
	9C64 : 64;
	9C65 : 65;
	9C66 : 66;
	9C67 : 67;
	9C68 : 68;
	9C69 : 69;
	9C6A : 6A;
	9C6B : 6B;
	9C6C : 6C;
	9C6D : 6D;
	9C6E : 6E;
	9C6F : 6F;
	9C70 : 70;
	9C71 : 71;
	9C72 : 72;
	9C73 : 73;
	9C74 : 74;
	9C75 : 75;
	9C76 : 76;
	9C77 : 77;
	9C78 : 78;
	9C79 : 79;
	9C7A : 7A;
	9C7B : 7B;
	9C7C : 7C;
	9C7D : 7D;
	9C7E : 7E;
	9C7F : 7F;
	9C80 : 9C;
	9C81 : 9C;
	9C82 : 9C;
	9C83 : 9D;
	9C84 : 9D;
	9C85 : 9D;
	9C86 : 9E;
	9C87 : 9E;
	9C88 : 9E;
	9C89 : 9E;
	9C8A : 9E;
	9C8B : 9F;
	9C8C : 9F;
	9C8D : 9F;
	9C8E : A0;
	9C8F : A0;
	9C90 : A0;
	9C91 : A0;
	9C92 : A0;
	9C93 : A1;
	9C94 : A1;
	9C95 : A1;
	9C96 : A2;
	9C97 : A2;
	9C98 : A2;
	9C99 : A2;
	9C9A : A3;
	9C9B : A4;
	9C9C : A4;
	9C9D : A4;
	9C9E : A5;
	9C9F : A6;
	9CA0 : A6;
	9CA1 : A7;
	9CA2 : A8;
	9CA3 : A8;
	9CA4 : A9;
	9CA5 : AA;
	9CA6 : AA;
	9CA7 : AA;
	9CA8 : AB;
	9CA9 : AC;
	9CAA : AD;
	9CAB : AE;
	9CAC : AF;
	9CAD : B0;
	9CAE : B0;
	9CAF : B1;
	9CB0 : B2;
	9CB1 : B2;
	9CB2 : B4;
	9CB3 : B4;
	9CB4 : B6;
	9CB5 : B6;
	9CB6 : B8;
	9CB7 : B8;
	9CB8 : B9;
	9CB9 : BA;
	9CBA : BB;
	9CBB : BC;
	9CBC : BD;
	9CBD : BE;
	9CBE : BF;
	9CBF : C0;
	9CC0 : C0;
	9CC1 : C1;
	9CC2 : C2;
	9CC3 : C3;
	9CC4 : C4;
	9CC5 : C5;
	9CC6 : C6;
	9CC7 : C7;
	9CC8 : C8;
	9CC9 : C9;
	9CCA : CA;
	9CCB : CB;
	9CCC : CC;
	9CCD : CD;
	9CCE : CE;
	9CCF : CF;
	9CD0 : D0;
	9CD1 : D1;
	9CD2 : D2;
	9CD3 : D3;
	9CD4 : D4;
	9CD5 : D5;
	9CD6 : D6;
	9CD7 : D7;
	9CD8 : D8;
	9CD9 : D9;
	9CDA : DA;
	9CDB : DB;
	9CDC : DC;
	9CDD : DD;
	9CDE : DE;
	9CDF : DF;
	9CE0 : E0;
	9CE1 : E1;
	9CE2 : E2;
	9CE3 : E3;
	9CE4 : E4;
	9CE5 : E5;
	9CE6 : E6;
	9CE7 : E7;
	9CE8 : E8;
	9CE9 : E9;
	9CEA : EA;
	9CEB : EB;
	9CEC : EC;
	9CED : ED;
	9CEE : EE;
	9CEF : EF;
	9CF0 : F0;
	9CF1 : F1;
	9CF2 : F2;
	9CF3 : F3;
	9CF4 : F4;
	9CF5 : F5;
	9CF6 : F6;
	9CF7 : F7;
	9CF8 : F8;
	9CF9 : F9;
	9CFA : FA;
	9CFB : FB;
	9CFC : FC;
	9CFD : FD;
	9CFE : FE;
	9CFF : 7F;
	9D00 : 9D;
	9D01 : 9D;
	9D02 : 9C;
	9D03 : 9C;
	9D04 : 9C;
	9D05 : 9C;
	9D06 : 9C;
	9D07 : 9B;
	9D08 : 9B;
	9D09 : 9B;
	9D0A : 9A;
	9D0B : 9A;
	9D0C : 9A;
	9D0D : 9A;
	9D0E : 9A;
	9D0F : 99;
	9D10 : 99;
	9D11 : 98;
	9D12 : 98;
	9D13 : 97;
	9D14 : 96;
	9D15 : 95;
	9D16 : 94;
	9D17 : 93;
	9D18 : 92;
	9D19 : 90;
	9D1A : 8C;
	9D1B : 88;
	9D1C : 84;
	9D1D : 00;
	9D1E : 04;
	9D1F : 08;
	9D20 : 0C;
	9D21 : 12;
	9D22 : 16;
	9D23 : 19;
	9D24 : 1B;
	9D25 : 1D;
	9D26 : 1F;
	9D27 : 20;
	9D28 : 22;
	9D29 : 24;
	9D2A : 26;
	9D2B : 28;
	9D2C : 29;
	9D2D : 2A;
	9D2E : 2B;
	9D2F : 2C;
	9D30 : 2D;
	9D31 : 2F;
	9D32 : 30;
	9D33 : 31;
	9D34 : 32;
	9D35 : 33;
	9D36 : 34;
	9D37 : 35;
	9D38 : 36;
	9D39 : 38;
	9D3A : 39;
	9D3B : 3A;
	9D3C : 3B;
	9D3D : 3C;
	9D3E : 3D;
	9D3F : 3E;
	9D40 : 3F;
	9D41 : 41;
	9D42 : 42;
	9D43 : 43;
	9D44 : 44;
	9D45 : 45;
	9D46 : 46;
	9D47 : 47;
	9D48 : 48;
	9D49 : 49;
	9D4A : 4A;
	9D4B : 4B;
	9D4C : 4C;
	9D4D : 4D;
	9D4E : 4E;
	9D4F : 4F;
	9D50 : 50;
	9D51 : 51;
	9D52 : 52;
	9D53 : 53;
	9D54 : 54;
	9D55 : 55;
	9D56 : 56;
	9D57 : 57;
	9D58 : 58;
	9D59 : 59;
	9D5A : 5A;
	9D5B : 5B;
	9D5C : 5C;
	9D5D : 5D;
	9D5E : 5E;
	9D5F : 5F;
	9D60 : 60;
	9D61 : 61;
	9D62 : 62;
	9D63 : 63;
	9D64 : 64;
	9D65 : 65;
	9D66 : 66;
	9D67 : 67;
	9D68 : 68;
	9D69 : 69;
	9D6A : 6A;
	9D6B : 6B;
	9D6C : 6C;
	9D6D : 6D;
	9D6E : 6E;
	9D6F : 6F;
	9D70 : 70;
	9D71 : 71;
	9D72 : 72;
	9D73 : 73;
	9D74 : 74;
	9D75 : 75;
	9D76 : 76;
	9D77 : 77;
	9D78 : 78;
	9D79 : 79;
	9D7A : 7A;
	9D7B : 7B;
	9D7C : 7C;
	9D7D : 7D;
	9D7E : 7E;
	9D7F : 7F;
	9D80 : 9D;
	9D81 : 9D;
	9D82 : 9E;
	9D83 : 9E;
	9D84 : 9E;
	9D85 : 9E;
	9D86 : 9E;
	9D87 : 9F;
	9D88 : 9F;
	9D89 : 9F;
	9D8A : A0;
	9D8B : A0;
	9D8C : A0;
	9D8D : A0;
	9D8E : A0;
	9D8F : A0;
	9D90 : A0;
	9D91 : A1;
	9D92 : A1;
	9D93 : A1;
	9D94 : A2;
	9D95 : A2;
	9D96 : A2;
	9D97 : A2;
	9D98 : A2;
	9D99 : A3;
	9D9A : A4;
	9D9B : A4;
	9D9C : A4;
	9D9D : A5;
	9D9E : A6;
	9D9F : A6;
	9DA0 : A6;
	9DA1 : A8;
	9DA2 : A8;
	9DA3 : A9;
	9DA4 : A9;
	9DA5 : AA;
	9DA6 : AA;
	9DA7 : AB;
	9DA8 : AB;
	9DA9 : AC;
	9DAA : AD;
	9DAB : AE;
	9DAC : AF;
	9DAD : B0;
	9DAE : B1;
	9DAF : B1;
	9DB0 : B2;
	9DB1 : B3;
	9DB2 : B4;
	9DB3 : B5;
	9DB4 : B6;
	9DB5 : B7;
	9DB6 : B8;
	9DB7 : B8;
	9DB8 : B9;
	9DB9 : BA;
	9DBA : BB;
	9DBB : BC;
	9DBC : BD;
	9DBD : BE;
	9DBE : BF;
	9DBF : C0;
	9DC0 : C0;
	9DC1 : C1;
	9DC2 : C2;
	9DC3 : C3;
	9DC4 : C4;
	9DC5 : C5;
	9DC6 : C6;
	9DC7 : C7;
	9DC8 : C8;
	9DC9 : C9;
	9DCA : CA;
	9DCB : CB;
	9DCC : CC;
	9DCD : CD;
	9DCE : CE;
	9DCF : CF;
	9DD0 : D0;
	9DD1 : D1;
	9DD2 : D2;
	9DD3 : D3;
	9DD4 : D4;
	9DD5 : D5;
	9DD6 : D6;
	9DD7 : D7;
	9DD8 : D8;
	9DD9 : D9;
	9DDA : DA;
	9DDB : DB;
	9DDC : DC;
	9DDD : DD;
	9DDE : DE;
	9DDF : DF;
	9DE0 : E0;
	9DE1 : E1;
	9DE2 : E2;
	9DE3 : E3;
	9DE4 : E4;
	9DE5 : E5;
	9DE6 : E6;
	9DE7 : E7;
	9DE8 : E8;
	9DE9 : E9;
	9DEA : EA;
	9DEB : EB;
	9DEC : EC;
	9DED : ED;
	9DEE : EE;
	9DEF : EF;
	9DF0 : F0;
	9DF1 : F1;
	9DF2 : F2;
	9DF3 : F3;
	9DF4 : F4;
	9DF5 : F5;
	9DF6 : F6;
	9DF7 : F7;
	9DF8 : F8;
	9DF9 : F9;
	9DFA : FA;
	9DFB : FB;
	9DFC : FC;
	9DFD : FD;
	9DFE : FE;
	9DFF : 7F;
	9E00 : 9E;
	9E01 : 9E;
	9E02 : 9E;
	9E03 : 9D;
	9E04 : 9D;
	9E05 : 9D;
	9E06 : 9C;
	9E07 : 9C;
	9E08 : 9C;
	9E09 : 9C;
	9E0A : 9C;
	9E0B : 9B;
	9E0C : 9B;
	9E0D : 9B;
	9E0E : 9A;
	9E0F : 9A;
	9E10 : 9A;
	9E11 : 9A;
	9E12 : 99;
	9E13 : 98;
	9E14 : 98;
	9E15 : 97;
	9E16 : 96;
	9E17 : 95;
	9E18 : 94;
	9E19 : 92;
	9E1A : 90;
	9E1B : 8C;
	9E1C : 88;
	9E1D : 84;
	9E1E : 00;
	9E1F : 04;
	9E20 : 08;
	9E21 : 10;
	9E22 : 14;
	9E23 : 18;
	9E24 : 1A;
	9E25 : 1C;
	9E26 : 1E;
	9E27 : 20;
	9E28 : 21;
	9E29 : 23;
	9E2A : 25;
	9E2B : 27;
	9E2C : 28;
	9E2D : 2A;
	9E2E : 2A;
	9E2F : 2C;
	9E30 : 2C;
	9E31 : 2E;
	9E32 : 30;
	9E33 : 31;
	9E34 : 32;
	9E35 : 33;
	9E36 : 34;
	9E37 : 35;
	9E38 : 36;
	9E39 : 38;
	9E3A : 39;
	9E3B : 3A;
	9E3C : 3B;
	9E3D : 3C;
	9E3E : 3D;
	9E3F : 3E;
	9E40 : 3F;
	9E41 : 41;
	9E42 : 42;
	9E43 : 43;
	9E44 : 44;
	9E45 : 45;
	9E46 : 46;
	9E47 : 47;
	9E48 : 48;
	9E49 : 49;
	9E4A : 4A;
	9E4B : 4B;
	9E4C : 4C;
	9E4D : 4D;
	9E4E : 4E;
	9E4F : 4F;
	9E50 : 50;
	9E51 : 51;
	9E52 : 52;
	9E53 : 53;
	9E54 : 54;
	9E55 : 55;
	9E56 : 56;
	9E57 : 57;
	9E58 : 58;
	9E59 : 59;
	9E5A : 5A;
	9E5B : 5B;
	9E5C : 5C;
	9E5D : 5D;
	9E5E : 5E;
	9E5F : 5F;
	9E60 : 60;
	9E61 : 61;
	9E62 : 62;
	9E63 : 63;
	9E64 : 64;
	9E65 : 65;
	9E66 : 66;
	9E67 : 67;
	9E68 : 68;
	9E69 : 69;
	9E6A : 6A;
	9E6B : 6B;
	9E6C : 6C;
	9E6D : 6D;
	9E6E : 6E;
	9E6F : 6F;
	9E70 : 70;
	9E71 : 71;
	9E72 : 72;
	9E73 : 73;
	9E74 : 74;
	9E75 : 75;
	9E76 : 76;
	9E77 : 77;
	9E78 : 78;
	9E79 : 79;
	9E7A : 7A;
	9E7B : 7B;
	9E7C : 7C;
	9E7D : 7D;
	9E7E : 7E;
	9E7F : 7F;
	9E80 : 9E;
	9E81 : 9E;
	9E82 : 9E;
	9E83 : 9F;
	9E84 : 9F;
	9E85 : 9F;
	9E86 : A0;
	9E87 : A0;
	9E88 : A0;
	9E89 : A0;
	9E8A : A0;
	9E8B : A0;
	9E8C : A0;
	9E8D : A1;
	9E8E : A1;
	9E8F : A1;
	9E90 : A1;
	9E91 : A1;
	9E92 : A2;
	9E93 : A2;
	9E94 : A2;
	9E95 : A2;
	9E96 : A2;
	9E97 : A3;
	9E98 : A3;
	9E99 : A4;
	9E9A : A4;
	9E9B : A4;
	9E9C : A5;
	9E9D : A6;
	9E9E : A6;
	9E9F : A6;
	9EA0 : A7;
	9EA1 : A8;
	9EA2 : A8;
	9EA3 : A9;
	9EA4 : AA;
	9EA5 : AA;
	9EA6 : AA;
	9EA7 : AB;
	9EA8 : AC;
	9EA9 : AC;
	9EAA : AE;
	9EAB : AE;
	9EAC : B0;
	9EAD : B0;
	9EAE : B1;
	9EAF : B1;
	9EB0 : B2;
	9EB1 : B3;
	9EB2 : B4;
	9EB3 : B5;
	9EB4 : B6;
	9EB5 : B7;
	9EB6 : B8;
	9EB7 : B8;
	9EB8 : B9;
	9EB9 : BA;
	9EBA : BB;
	9EBB : BC;
	9EBC : BD;
	9EBD : BE;
	9EBE : BF;
	9EBF : C0;
	9EC0 : C0;
	9EC1 : C1;
	9EC2 : C2;
	9EC3 : C3;
	9EC4 : C4;
	9EC5 : C5;
	9EC6 : C6;
	9EC7 : C7;
	9EC8 : C8;
	9EC9 : C9;
	9ECA : CA;
	9ECB : CB;
	9ECC : CC;
	9ECD : CD;
	9ECE : CE;
	9ECF : CF;
	9ED0 : D0;
	9ED1 : D1;
	9ED2 : D2;
	9ED3 : D3;
	9ED4 : D4;
	9ED5 : D5;
	9ED6 : D6;
	9ED7 : D7;
	9ED8 : D8;
	9ED9 : D9;
	9EDA : DA;
	9EDB : DB;
	9EDC : DC;
	9EDD : DD;
	9EDE : DE;
	9EDF : DF;
	9EE0 : E0;
	9EE1 : E1;
	9EE2 : E2;
	9EE3 : E3;
	9EE4 : E4;
	9EE5 : E5;
	9EE6 : E6;
	9EE7 : E7;
	9EE8 : E8;
	9EE9 : E9;
	9EEA : EA;
	9EEB : EB;
	9EEC : EC;
	9EED : ED;
	9EEE : EE;
	9EEF : EF;
	9EF0 : F0;
	9EF1 : F1;
	9EF2 : F2;
	9EF3 : F3;
	9EF4 : F4;
	9EF5 : F5;
	9EF6 : F6;
	9EF7 : F7;
	9EF8 : F8;
	9EF9 : F9;
	9EFA : FA;
	9EFB : FB;
	9EFC : FC;
	9EFD : FD;
	9EFE : FE;
	9EFF : 7F;
	9F00 : 9F;
	9F01 : 9F;
	9F02 : 9E;
	9F03 : 9E;
	9F04 : 9E;
	9F05 : 9E;
	9F06 : 9E;
	9F07 : 9D;
	9F08 : 9D;
	9F09 : 9D;
	9F0A : 9C;
	9F0B : 9C;
	9F0C : 9C;
	9F0D : 9C;
	9F0E : 9C;
	9F0F : 9B;
	9F10 : 9B;
	9F11 : 9A;
	9F12 : 9A;
	9F13 : 9A;
	9F14 : 99;
	9F15 : 98;
	9F16 : 98;
	9F17 : 97;
	9F18 : 96;
	9F19 : 94;
	9F1A : 92;
	9F1B : 90;
	9F1C : 8C;
	9F1D : 88;
	9F1E : 84;
	9F1F : 00;
	9F20 : 04;
	9F21 : 0C;
	9F22 : 12;
	9F23 : 16;
	9F24 : 19;
	9F25 : 1B;
	9F26 : 1D;
	9F27 : 1F;
	9F28 : 20;
	9F29 : 22;
	9F2A : 24;
	9F2B : 26;
	9F2C : 28;
	9F2D : 29;
	9F2E : 2A;
	9F2F : 2B;
	9F30 : 2C;
	9F31 : 2E;
	9F32 : 30;
	9F33 : 31;
	9F34 : 32;
	9F35 : 33;
	9F36 : 34;
	9F37 : 35;
	9F38 : 36;
	9F39 : 38;
	9F3A : 39;
	9F3B : 3A;
	9F3C : 3B;
	9F3D : 3C;
	9F3E : 3D;
	9F3F : 3E;
	9F40 : 3F;
	9F41 : 41;
	9F42 : 42;
	9F43 : 43;
	9F44 : 44;
	9F45 : 45;
	9F46 : 46;
	9F47 : 47;
	9F48 : 48;
	9F49 : 49;
	9F4A : 4A;
	9F4B : 4B;
	9F4C : 4C;
	9F4D : 4D;
	9F4E : 4E;
	9F4F : 4F;
	9F50 : 50;
	9F51 : 51;
	9F52 : 52;
	9F53 : 53;
	9F54 : 54;
	9F55 : 55;
	9F56 : 56;
	9F57 : 57;
	9F58 : 58;
	9F59 : 59;
	9F5A : 5A;
	9F5B : 5B;
	9F5C : 5C;
	9F5D : 5D;
	9F5E : 5E;
	9F5F : 5F;
	9F60 : 60;
	9F61 : 61;
	9F62 : 62;
	9F63 : 63;
	9F64 : 64;
	9F65 : 65;
	9F66 : 66;
	9F67 : 67;
	9F68 : 68;
	9F69 : 69;
	9F6A : 6A;
	9F6B : 6B;
	9F6C : 6C;
	9F6D : 6D;
	9F6E : 6E;
	9F6F : 6F;
	9F70 : 70;
	9F71 : 71;
	9F72 : 72;
	9F73 : 73;
	9F74 : 74;
	9F75 : 75;
	9F76 : 76;
	9F77 : 77;
	9F78 : 78;
	9F79 : 79;
	9F7A : 7A;
	9F7B : 7B;
	9F7C : 7C;
	9F7D : 7D;
	9F7E : 7E;
	9F7F : 7F;
	9F80 : 9F;
	9F81 : 9F;
	9F82 : A0;
	9F83 : A0;
	9F84 : A0;
	9F85 : A0;
	9F86 : A0;
	9F87 : A0;
	9F88 : A0;
	9F89 : A1;
	9F8A : A1;
	9F8B : A1;
	9F8C : A1;
	9F8D : A1;
	9F8E : A1;
	9F8F : A1;
	9F90 : A2;
	9F91 : A2;
	9F92 : A2;
	9F93 : A2;
	9F94 : A2;
	9F95 : A3;
	9F96 : A3;
	9F97 : A3;
	9F98 : A4;
	9F99 : A4;
	9F9A : A4;
	9F9B : A5;
	9F9C : A6;
	9F9D : A6;
	9F9E : A6;
	9F9F : A7;
	9FA0 : A8;
	9FA1 : A8;
	9FA2 : A9;
	9FA3 : A9;
	9FA4 : AA;
	9FA5 : AA;
	9FA6 : AB;
	9FA7 : AB;
	9FA8 : AC;
	9FA9 : AD;
	9FAA : AE;
	9FAB : AF;
	9FAC : B0;
	9FAD : B0;
	9FAE : B1;
	9FAF : B1;
	9FB0 : B2;
	9FB1 : B3;
	9FB2 : B4;
	9FB3 : B5;
	9FB4 : B6;
	9FB5 : B7;
	9FB6 : B8;
	9FB7 : B8;
	9FB8 : B9;
	9FB9 : BA;
	9FBA : BB;
	9FBB : BC;
	9FBC : BD;
	9FBD : BE;
	9FBE : BF;
	9FBF : C0;
	9FC0 : C0;
	9FC1 : C1;
	9FC2 : C2;
	9FC3 : C3;
	9FC4 : C4;
	9FC5 : C5;
	9FC6 : C6;
	9FC7 : C7;
	9FC8 : C8;
	9FC9 : C9;
	9FCA : CA;
	9FCB : CB;
	9FCC : CC;
	9FCD : CD;
	9FCE : CE;
	9FCF : CF;
	9FD0 : D0;
	9FD1 : D1;
	9FD2 : D2;
	9FD3 : D3;
	9FD4 : D4;
	9FD5 : D5;
	9FD6 : D6;
	9FD7 : D7;
	9FD8 : D8;
	9FD9 : D9;
	9FDA : DA;
	9FDB : DB;
	9FDC : DC;
	9FDD : DD;
	9FDE : DE;
	9FDF : DF;
	9FE0 : E0;
	9FE1 : E1;
	9FE2 : E2;
	9FE3 : E3;
	9FE4 : E4;
	9FE5 : E5;
	9FE6 : E6;
	9FE7 : E7;
	9FE8 : E8;
	9FE9 : E9;
	9FEA : EA;
	9FEB : EB;
	9FEC : EC;
	9FED : ED;
	9FEE : EE;
	9FEF : EF;
	9FF0 : F0;
	9FF1 : F1;
	9FF2 : F2;
	9FF3 : F3;
	9FF4 : F4;
	9FF5 : F5;
	9FF6 : F6;
	9FF7 : F7;
	9FF8 : F8;
	9FF9 : F9;
	9FFA : FA;
	9FFB : FB;
	9FFC : FC;
	9FFD : FD;
	9FFE : FE;
	9FFF : 7F;
	A000 : A0;
	A001 : A0;
	A002 : A0;
	A003 : 9F;
	A004 : 9F;
	A005 : 9F;
	A006 : 9E;
	A007 : 9E;
	A008 : 9E;
	A009 : 9E;
	A00A : 9E;
	A00B : 9D;
	A00C : 9D;
	A00D : 9D;
	A00E : 9C;
	A00F : 9C;
	A010 : 9C;
	A011 : 9C;
	A012 : 9B;
	A013 : 9A;
	A014 : 9A;
	A015 : 9A;
	A016 : 99;
	A017 : 98;
	A018 : 98;
	A019 : 96;
	A01A : 94;
	A01B : 92;
	A01C : 90;
	A01D : 8C;
	A01E : 88;
	A01F : 84;
	A020 : 00;
	A021 : 08;
	A022 : 10;
	A023 : 14;
	A024 : 18;
	A025 : 1A;
	A026 : 1C;
	A027 : 1E;
	A028 : 20;
	A029 : 22;
	A02A : 24;
	A02B : 26;
	A02C : 28;
	A02D : 29;
	A02E : 2A;
	A02F : 2B;
	A030 : 2C;
	A031 : 2E;
	A032 : 30;
	A033 : 31;
	A034 : 32;
	A035 : 33;
	A036 : 34;
	A037 : 35;
	A038 : 36;
	A039 : 38;
	A03A : 39;
	A03B : 3A;
	A03C : 3B;
	A03D : 3C;
	A03E : 3D;
	A03F : 3E;
	A040 : 3F;
	A041 : 40;
	A042 : 42;
	A043 : 42;
	A044 : 44;
	A045 : 44;
	A046 : 46;
	A047 : 46;
	A048 : 48;
	A049 : 49;
	A04A : 4A;
	A04B : 4B;
	A04C : 4C;
	A04D : 4D;
	A04E : 4E;
	A04F : 4F;
	A050 : 50;
	A051 : 51;
	A052 : 52;
	A053 : 53;
	A054 : 54;
	A055 : 55;
	A056 : 56;
	A057 : 57;
	A058 : 58;
	A059 : 59;
	A05A : 5A;
	A05B : 5B;
	A05C : 5C;
	A05D : 5D;
	A05E : 5E;
	A05F : 5F;
	A060 : 60;
	A061 : 61;
	A062 : 62;
	A063 : 63;
	A064 : 64;
	A065 : 65;
	A066 : 66;
	A067 : 67;
	A068 : 68;
	A069 : 69;
	A06A : 6A;
	A06B : 6B;
	A06C : 6C;
	A06D : 6D;
	A06E : 6E;
	A06F : 6F;
	A070 : 70;
	A071 : 71;
	A072 : 72;
	A073 : 73;
	A074 : 74;
	A075 : 75;
	A076 : 76;
	A077 : 77;
	A078 : 78;
	A079 : 79;
	A07A : 7A;
	A07B : 7B;
	A07C : 7C;
	A07D : 7D;
	A07E : 7E;
	A07F : 7F;
	A080 : A0;
	A081 : A0;
	A082 : A0;
	A083 : A0;
	A084 : A0;
	A085 : A1;
	A086 : A1;
	A087 : A1;
	A088 : A1;
	A089 : A1;
	A08A : A1;
	A08B : A1;
	A08C : A2;
	A08D : A2;
	A08E : A2;
	A08F : A2;
	A090 : A2;
	A091 : A2;
	A092 : A2;
	A093 : A3;
	A094 : A3;
	A095 : A3;
	A096 : A4;
	A097 : A4;
	A098 : A4;
	A099 : A4;
	A09A : A5;
	A09B : A6;
	A09C : A6;
	A09D : A6;
	A09E : A7;
	A09F : A8;
	A0A0 : A8;
	A0A1 : A8;
	A0A2 : A9;
	A0A3 : AA;
	A0A4 : AA;
	A0A5 : AA;
	A0A6 : AB;
	A0A7 : AC;
	A0A8 : AC;
	A0A9 : AD;
	A0AA : AE;
	A0AB : AF;
	A0AC : B0;
	A0AD : B0;
	A0AE : B1;
	A0AF : B2;
	A0B0 : B2;
	A0B1 : B3;
	A0B2 : B4;
	A0B3 : B5;
	A0B4 : B6;
	A0B5 : B7;
	A0B6 : B8;
	A0B7 : B8;
	A0B8 : B9;
	A0B9 : BA;
	A0BA : BB;
	A0BB : BC;
	A0BC : BD;
	A0BD : BE;
	A0BE : BF;
	A0BF : C0;
	A0C0 : C0;
	A0C1 : C2;
	A0C2 : C2;
	A0C3 : C4;
	A0C4 : C4;
	A0C5 : C6;
	A0C6 : C6;
	A0C7 : C8;
	A0C8 : C8;
	A0C9 : C9;
	A0CA : CA;
	A0CB : CB;
	A0CC : CC;
	A0CD : CD;
	A0CE : CE;
	A0CF : CF;
	A0D0 : D0;
	A0D1 : D1;
	A0D2 : D2;
	A0D3 : D3;
	A0D4 : D4;
	A0D5 : D5;
	A0D6 : D6;
	A0D7 : D7;
	A0D8 : D8;
	A0D9 : D9;
	A0DA : DA;
	A0DB : DB;
	A0DC : DC;
	A0DD : DD;
	A0DE : DE;
	A0DF : DF;
	A0E0 : E0;
	A0E1 : E1;
	A0E2 : E2;
	A0E3 : E3;
	A0E4 : E4;
	A0E5 : E5;
	A0E6 : E6;
	A0E7 : E7;
	A0E8 : E8;
	A0E9 : E9;
	A0EA : EA;
	A0EB : EB;
	A0EC : EC;
	A0ED : ED;
	A0EE : EE;
	A0EF : EF;
	A0F0 : F0;
	A0F1 : F1;
	A0F2 : F2;
	A0F3 : F3;
	A0F4 : F4;
	A0F5 : F5;
	A0F6 : F6;
	A0F7 : F7;
	A0F8 : F8;
	A0F9 : F9;
	A0FA : FA;
	A0FB : FB;
	A0FC : FC;
	A0FD : FD;
	A0FE : FE;
	A0FF : 7F;
	A100 : A1;
	A101 : A1;
	A102 : A1;
	A103 : A1;
	A104 : A0;
	A105 : A0;
	A106 : A0;
	A107 : A0;
	A108 : A0;
	A109 : A0;
	A10A : A0;
	A10B : 9F;
	A10C : 9F;
	A10D : 9F;
	A10E : 9E;
	A10F : 9E;
	A110 : 9E;
	A111 : 9E;
	A112 : 9D;
	A113 : 9C;
	A114 : 9C;
	A115 : 9C;
	A116 : 9B;
	A117 : 9A;
	A118 : 9A;
	A119 : 99;
	A11A : 98;
	A11B : 96;
	A11C : 94;
	A11D : 92;
	A11E : 90;
	A11F : 8C;
	A120 : 88;
	A121 : 00;
	A122 : 08;
	A123 : 10;
	A124 : 14;
	A125 : 18;
	A126 : 1A;
	A127 : 1C;
	A128 : 1E;
	A129 : 21;
	A12A : 23;
	A12B : 25;
	A12C : 27;
	A12D : 28;
	A12E : 2A;
	A12F : 2A;
	A130 : 2C;
	A131 : 2E;
	A132 : 30;
	A133 : 31;
	A134 : 32;
	A135 : 33;
	A136 : 34;
	A137 : 35;
	A138 : 36;
	A139 : 38;
	A13A : 39;
	A13B : 3A;
	A13C : 3B;
	A13D : 3C;
	A13E : 3D;
	A13F : 3E;
	A140 : 3F;
	A141 : 40;
	A142 : 41;
	A143 : 42;
	A144 : 43;
	A145 : 44;
	A146 : 45;
	A147 : 46;
	A148 : 47;
	A149 : 49;
	A14A : 4A;
	A14B : 4B;
	A14C : 4C;
	A14D : 4D;
	A14E : 4E;
	A14F : 4F;
	A150 : 50;
	A151 : 51;
	A152 : 52;
	A153 : 53;
	A154 : 54;
	A155 : 55;
	A156 : 56;
	A157 : 57;
	A158 : 58;
	A159 : 59;
	A15A : 5A;
	A15B : 5B;
	A15C : 5C;
	A15D : 5D;
	A15E : 5E;
	A15F : 5F;
	A160 : 60;
	A161 : 61;
	A162 : 62;
	A163 : 63;
	A164 : 64;
	A165 : 65;
	A166 : 66;
	A167 : 67;
	A168 : 68;
	A169 : 69;
	A16A : 6A;
	A16B : 6B;
	A16C : 6C;
	A16D : 6D;
	A16E : 6E;
	A16F : 6F;
	A170 : 70;
	A171 : 71;
	A172 : 72;
	A173 : 73;
	A174 : 74;
	A175 : 75;
	A176 : 76;
	A177 : 77;
	A178 : 78;
	A179 : 79;
	A17A : 7A;
	A17B : 7B;
	A17C : 7C;
	A17D : 7D;
	A17E : 7E;
	A17F : 7F;
	A180 : A1;
	A181 : A1;
	A182 : A1;
	A183 : A1;
	A184 : A2;
	A185 : A2;
	A186 : A2;
	A187 : A2;
	A188 : A2;
	A189 : A2;
	A18A : A2;
	A18B : A2;
	A18C : A2;
	A18D : A3;
	A18E : A3;
	A18F : A3;
	A190 : A3;
	A191 : A3;
	A192 : A4;
	A193 : A4;
	A194 : A4;
	A195 : A4;
	A196 : A4;
	A197 : A5;
	A198 : A5;
	A199 : A6;
	A19A : A6;
	A19B : A6;
	A19C : A7;
	A19D : A8;
	A19E : A8;
	A19F : A8;
	A1A0 : A8;
	A1A1 : A9;
	A1A2 : AA;
	A1A3 : AA;
	A1A4 : AA;
	A1A5 : AB;
	A1A6 : AC;
	A1A7 : AC;
	A1A8 : AC;
	A1A9 : AE;
	A1AA : AE;
	A1AB : B0;
	A1AC : B0;
	A1AD : B1;
	A1AE : B1;
	A1AF : B2;
	A1B0 : B2;
	A1B1 : B3;
	A1B2 : B4;
	A1B3 : B5;
	A1B4 : B6;
	A1B5 : B7;
	A1B6 : B8;
	A1B7 : B9;
	A1B8 : B9;
	A1B9 : BA;
	A1BA : BB;
	A1BB : BC;
	A1BC : BD;
	A1BD : BE;
	A1BE : BF;
	A1BF : C0;
	A1C0 : C1;
	A1C1 : C2;
	A1C2 : C3;
	A1C3 : C4;
	A1C4 : C5;
	A1C5 : C6;
	A1C6 : C7;
	A1C7 : C8;
	A1C8 : C8;
	A1C9 : C9;
	A1CA : CA;
	A1CB : CB;
	A1CC : CC;
	A1CD : CD;
	A1CE : CE;
	A1CF : CF;
	A1D0 : D0;
	A1D1 : D1;
	A1D2 : D2;
	A1D3 : D3;
	A1D4 : D4;
	A1D5 : D5;
	A1D6 : D6;
	A1D7 : D7;
	A1D8 : D8;
	A1D9 : D9;
	A1DA : DA;
	A1DB : DB;
	A1DC : DC;
	A1DD : DD;
	A1DE : DE;
	A1DF : DF;
	A1E0 : E0;
	A1E1 : E1;
	A1E2 : E2;
	A1E3 : E3;
	A1E4 : E4;
	A1E5 : E5;
	A1E6 : E6;
	A1E7 : E7;
	A1E8 : E8;
	A1E9 : E9;
	A1EA : EA;
	A1EB : EB;
	A1EC : EC;
	A1ED : ED;
	A1EE : EE;
	A1EF : EF;
	A1F0 : F0;
	A1F1 : F1;
	A1F2 : F2;
	A1F3 : F3;
	A1F4 : F4;
	A1F5 : F5;
	A1F6 : F6;
	A1F7 : F7;
	A1F8 : F8;
	A1F9 : F9;
	A1FA : FA;
	A1FB : FB;
	A1FC : FC;
	A1FD : FD;
	A1FE : FE;
	A1FF : 7F;
	A200 : A2;
	A201 : A2;
	A202 : A2;
	A203 : A2;
	A204 : A2;
	A205 : A1;
	A206 : A1;
	A207 : A1;
	A208 : A1;
	A209 : A1;
	A20A : A1;
	A20B : A1;
	A20C : A0;
	A20D : A0;
	A20E : A0;
	A20F : A0;
	A210 : A0;
	A211 : A0;
	A212 : 9F;
	A213 : 9E;
	A214 : 9E;
	A215 : 9E;
	A216 : 9D;
	A217 : 9C;
	A218 : 9C;
	A219 : 9B;
	A21A : 9A;
	A21B : 99;
	A21C : 98;
	A21D : 96;
	A21E : 94;
	A21F : 92;
	A220 : 90;
	A221 : 88;
	A222 : 00;
	A223 : 08;
	A224 : 10;
	A225 : 14;
	A226 : 18;
	A227 : 1A;
	A228 : 1C;
	A229 : 20;
	A22A : 22;
	A22B : 24;
	A22C : 26;
	A22D : 28;
	A22E : 29;
	A22F : 2A;
	A230 : 2B;
	A231 : 2D;
	A232 : 2F;
	A233 : 30;
	A234 : 32;
	A235 : 32;
	A236 : 34;
	A237 : 34;
	A238 : 36;
	A239 : 38;
	A23A : 39;
	A23B : 3A;
	A23C : 3B;
	A23D : 3C;
	A23E : 3D;
	A23F : 3E;
	A240 : 3F;
	A241 : 40;
	A242 : 41;
	A243 : 42;
	A244 : 43;
	A245 : 44;
	A246 : 45;
	A247 : 46;
	A248 : 47;
	A249 : 49;
	A24A : 4A;
	A24B : 4B;
	A24C : 4C;
	A24D : 4D;
	A24E : 4E;
	A24F : 4F;
	A250 : 50;
	A251 : 51;
	A252 : 52;
	A253 : 53;
	A254 : 54;
	A255 : 55;
	A256 : 56;
	A257 : 57;
	A258 : 58;
	A259 : 59;
	A25A : 5A;
	A25B : 5B;
	A25C : 5C;
	A25D : 5D;
	A25E : 5E;
	A25F : 5F;
	A260 : 60;
	A261 : 61;
	A262 : 62;
	A263 : 63;
	A264 : 64;
	A265 : 65;
	A266 : 66;
	A267 : 67;
	A268 : 68;
	A269 : 69;
	A26A : 6A;
	A26B : 6B;
	A26C : 6C;
	A26D : 6D;
	A26E : 6E;
	A26F : 6F;
	A270 : 70;
	A271 : 71;
	A272 : 72;
	A273 : 73;
	A274 : 74;
	A275 : 75;
	A276 : 76;
	A277 : 77;
	A278 : 78;
	A279 : 79;
	A27A : 7A;
	A27B : 7B;
	A27C : 7C;
	A27D : 7D;
	A27E : 7E;
	A27F : 7F;
	A280 : A2;
	A281 : A2;
	A282 : A2;
	A283 : A2;
	A284 : A2;
	A285 : A3;
	A286 : A3;
	A287 : A3;
	A288 : A3;
	A289 : A3;
	A28A : A3;
	A28B : A3;
	A28C : A4;
	A28D : A4;
	A28E : A4;
	A28F : A4;
	A290 : A4;
	A291 : A4;
	A292 : A4;
	A293 : A5;
	A294 : A5;
	A295 : A5;
	A296 : A6;
	A297 : A6;
	A298 : A6;
	A299 : A6;
	A29A : A7;
	A29B : A8;
	A29C : A8;
	A29D : A8;
	A29E : A8;
	A29F : A9;
	A2A0 : A9;
	A2A1 : AA;
	A2A2 : AA;
	A2A3 : AA;
	A2A4 : AB;
	A2A5 : AC;
	A2A6 : AC;
	A2A7 : AC;
	A2A8 : AD;
	A2A9 : AE;
	A2AA : AF;
	A2AB : B0;
	A2AC : B0;
	A2AD : B1;
	A2AE : B2;
	A2AF : B2;
	A2B0 : B2;
	A2B1 : B4;
	A2B2 : B4;
	A2B3 : B6;
	A2B4 : B6;
	A2B5 : B8;
	A2B6 : B8;
	A2B7 : B9;
	A2B8 : B9;
	A2B9 : BA;
	A2BA : BB;
	A2BB : BC;
	A2BC : BD;
	A2BD : BE;
	A2BE : BF;
	A2BF : C0;
	A2C0 : C1;
	A2C1 : C2;
	A2C2 : C3;
	A2C3 : C4;
	A2C4 : C5;
	A2C5 : C6;
	A2C6 : C7;
	A2C7 : C8;
	A2C8 : C8;
	A2C9 : C9;
	A2CA : CA;
	A2CB : CB;
	A2CC : CC;
	A2CD : CD;
	A2CE : CE;
	A2CF : CF;
	A2D0 : D0;
	A2D1 : D1;
	A2D2 : D2;
	A2D3 : D3;
	A2D4 : D4;
	A2D5 : D5;
	A2D6 : D6;
	A2D7 : D7;
	A2D8 : D8;
	A2D9 : D9;
	A2DA : DA;
	A2DB : DB;
	A2DC : DC;
	A2DD : DD;
	A2DE : DE;
	A2DF : DF;
	A2E0 : E0;
	A2E1 : E1;
	A2E2 : E2;
	A2E3 : E3;
	A2E4 : E4;
	A2E5 : E5;
	A2E6 : E6;
	A2E7 : E7;
	A2E8 : E8;
	A2E9 : E9;
	A2EA : EA;
	A2EB : EB;
	A2EC : EC;
	A2ED : ED;
	A2EE : EE;
	A2EF : EF;
	A2F0 : F0;
	A2F1 : F1;
	A2F2 : F2;
	A2F3 : F3;
	A2F4 : F4;
	A2F5 : F5;
	A2F6 : F6;
	A2F7 : F7;
	A2F8 : F8;
	A2F9 : F9;
	A2FA : FA;
	A2FB : FB;
	A2FC : FC;
	A2FD : FD;
	A2FE : FE;
	A2FF : 7F;
	A300 : A3;
	A301 : A3;
	A302 : A3;
	A303 : A3;
	A304 : A2;
	A305 : A2;
	A306 : A2;
	A307 : A2;
	A308 : A2;
	A309 : A2;
	A30A : A2;
	A30B : A2;
	A30C : A2;
	A30D : A1;
	A30E : A1;
	A30F : A1;
	A310 : A1;
	A311 : A1;
	A312 : A0;
	A313 : A0;
	A314 : A0;
	A315 : A0;
	A316 : 9F;
	A317 : 9E;
	A318 : 9E;
	A319 : 9D;
	A31A : 9C;
	A31B : 9B;
	A31C : 9A;
	A31D : 99;
	A31E : 98;
	A31F : 96;
	A320 : 94;
	A321 : 90;
	A322 : 88;
	A323 : 00;
	A324 : 08;
	A325 : 10;
	A326 : 14;
	A327 : 18;
	A328 : 1A;
	A329 : 1E;
	A32A : 21;
	A32B : 23;
	A32C : 25;
	A32D : 27;
	A32E : 28;
	A32F : 2A;
	A330 : 2A;
	A331 : 2C;
	A332 : 2E;
	A333 : 30;
	A334 : 31;
	A335 : 32;
	A336 : 33;
	A337 : 34;
	A338 : 35;
	A339 : 37;
	A33A : 39;
	A33B : 3A;
	A33C : 3B;
	A33D : 3C;
	A33E : 3D;
	A33F : 3E;
	A340 : 3F;
	A341 : 40;
	A342 : 41;
	A343 : 42;
	A344 : 43;
	A345 : 44;
	A346 : 45;
	A347 : 46;
	A348 : 47;
	A349 : 49;
	A34A : 4A;
	A34B : 4B;
	A34C : 4C;
	A34D : 4D;
	A34E : 4E;
	A34F : 4F;
	A350 : 50;
	A351 : 51;
	A352 : 52;
	A353 : 53;
	A354 : 54;
	A355 : 55;
	A356 : 56;
	A357 : 57;
	A358 : 58;
	A359 : 59;
	A35A : 5A;
	A35B : 5B;
	A35C : 5C;
	A35D : 5D;
	A35E : 5E;
	A35F : 5F;
	A360 : 60;
	A361 : 61;
	A362 : 62;
	A363 : 63;
	A364 : 64;
	A365 : 65;
	A366 : 66;
	A367 : 67;
	A368 : 68;
	A369 : 69;
	A36A : 6A;
	A36B : 6B;
	A36C : 6C;
	A36D : 6D;
	A36E : 6E;
	A36F : 6F;
	A370 : 70;
	A371 : 71;
	A372 : 72;
	A373 : 73;
	A374 : 74;
	A375 : 75;
	A376 : 76;
	A377 : 77;
	A378 : 78;
	A379 : 79;
	A37A : 7A;
	A37B : 7B;
	A37C : 7C;
	A37D : 7D;
	A37E : 7E;
	A37F : 7F;
	A380 : A3;
	A381 : A3;
	A382 : A3;
	A383 : A3;
	A384 : A4;
	A385 : A4;
	A386 : A4;
	A387 : A4;
	A388 : A4;
	A389 : A4;
	A38A : A4;
	A38B : A4;
	A38C : A4;
	A38D : A5;
	A38E : A5;
	A38F : A5;
	A390 : A5;
	A391 : A5;
	A392 : A6;
	A393 : A6;
	A394 : A6;
	A395 : A6;
	A396 : A6;
	A397 : A7;
	A398 : A7;
	A399 : A8;
	A39A : A8;
	A39B : A8;
	A39C : A8;
	A39D : A9;
	A39E : A9;
	A39F : A9;
	A3A0 : AA;
	A3A1 : AA;
	A3A2 : AA;
	A3A3 : AB;
	A3A4 : AC;
	A3A5 : AC;
	A3A6 : AC;
	A3A7 : AD;
	A3A8 : AE;
	A3A9 : AE;
	A3AA : B0;
	A3AB : B0;
	A3AC : B1;
	A3AD : B1;
	A3AE : B2;
	A3AF : B2;
	A3B0 : B3;
	A3B1 : B4;
	A3B2 : B5;
	A3B3 : B6;
	A3B4 : B7;
	A3B5 : B8;
	A3B6 : B8;
	A3B7 : B9;
	A3B8 : B9;
	A3B9 : BA;
	A3BA : BB;
	A3BB : BC;
	A3BC : BD;
	A3BD : BE;
	A3BE : BF;
	A3BF : C0;
	A3C0 : C1;
	A3C1 : C2;
	A3C2 : C3;
	A3C3 : C4;
	A3C4 : C5;
	A3C5 : C6;
	A3C6 : C7;
	A3C7 : C8;
	A3C8 : C8;
	A3C9 : C9;
	A3CA : CA;
	A3CB : CB;
	A3CC : CC;
	A3CD : CD;
	A3CE : CE;
	A3CF : CF;
	A3D0 : D0;
	A3D1 : D1;
	A3D2 : D2;
	A3D3 : D3;
	A3D4 : D4;
	A3D5 : D5;
	A3D6 : D6;
	A3D7 : D7;
	A3D8 : D8;
	A3D9 : D9;
	A3DA : DA;
	A3DB : DB;
	A3DC : DC;
	A3DD : DD;
	A3DE : DE;
	A3DF : DF;
	A3E0 : E0;
	A3E1 : E1;
	A3E2 : E2;
	A3E3 : E3;
	A3E4 : E4;
	A3E5 : E5;
	A3E6 : E6;
	A3E7 : E7;
	A3E8 : E8;
	A3E9 : E9;
	A3EA : EA;
	A3EB : EB;
	A3EC : EC;
	A3ED : ED;
	A3EE : EE;
	A3EF : EF;
	A3F0 : F0;
	A3F1 : F1;
	A3F2 : F2;
	A3F3 : F3;
	A3F4 : F4;
	A3F5 : F5;
	A3F6 : F6;
	A3F7 : F7;
	A3F8 : F8;
	A3F9 : F9;
	A3FA : FA;
	A3FB : FB;
	A3FC : FC;
	A3FD : FD;
	A3FE : FE;
	A3FF : 7F;
	A400 : A4;
	A401 : A4;
	A402 : A4;
	A403 : A4;
	A404 : A4;
	A405 : A3;
	A406 : A3;
	A407 : A3;
	A408 : A3;
	A409 : A3;
	A40A : A3;
	A40B : A3;
	A40C : A2;
	A40D : A2;
	A40E : A2;
	A40F : A2;
	A410 : A2;
	A411 : A2;
	A412 : A2;
	A413 : A1;
	A414 : A1;
	A415 : A1;
	A416 : A0;
	A417 : A0;
	A418 : A0;
	A419 : 9F;
	A41A : 9E;
	A41B : 9D;
	A41C : 9C;
	A41D : 9B;
	A41E : 9A;
	A41F : 99;
	A420 : 98;
	A421 : 94;
	A422 : 90;
	A423 : 88;
	A424 : 00;
	A425 : 08;
	A426 : 10;
	A427 : 14;
	A428 : 18;
	A429 : 1C;
	A42A : 20;
	A42B : 22;
	A42C : 24;
	A42D : 26;
	A42E : 28;
	A42F : 29;
	A430 : 2A;
	A431 : 2C;
	A432 : 2E;
	A433 : 30;
	A434 : 31;
	A435 : 32;
	A436 : 33;
	A437 : 34;
	A438 : 35;
	A439 : 37;
	A43A : 38;
	A43B : 3A;
	A43C : 3A;
	A43D : 3C;
	A43E : 3C;
	A43F : 3E;
	A440 : 3E;
	A441 : 40;
	A442 : 41;
	A443 : 42;
	A444 : 43;
	A445 : 44;
	A446 : 45;
	A447 : 46;
	A448 : 47;
	A449 : 49;
	A44A : 4A;
	A44B : 4B;
	A44C : 4C;
	A44D : 4D;
	A44E : 4E;
	A44F : 4F;
	A450 : 50;
	A451 : 51;
	A452 : 52;
	A453 : 53;
	A454 : 54;
	A455 : 55;
	A456 : 56;
	A457 : 57;
	A458 : 58;
	A459 : 59;
	A45A : 5A;
	A45B : 5B;
	A45C : 5C;
	A45D : 5D;
	A45E : 5E;
	A45F : 5F;
	A460 : 60;
	A461 : 61;
	A462 : 62;
	A463 : 63;
	A464 : 64;
	A465 : 65;
	A466 : 66;
	A467 : 67;
	A468 : 68;
	A469 : 69;
	A46A : 6A;
	A46B : 6B;
	A46C : 6C;
	A46D : 6D;
	A46E : 6E;
	A46F : 6F;
	A470 : 70;
	A471 : 71;
	A472 : 72;
	A473 : 73;
	A474 : 74;
	A475 : 75;
	A476 : 76;
	A477 : 77;
	A478 : 78;
	A479 : 79;
	A47A : 7A;
	A47B : 7B;
	A47C : 7C;
	A47D : 7D;
	A47E : 7E;
	A47F : 7F;
	A480 : A4;
	A481 : A4;
	A482 : A4;
	A483 : A4;
	A484 : A4;
	A485 : A5;
	A486 : A5;
	A487 : A5;
	A488 : A5;
	A489 : A5;
	A48A : A5;
	A48B : A5;
	A48C : A6;
	A48D : A6;
	A48E : A6;
	A48F : A6;
	A490 : A6;
	A491 : A6;
	A492 : A6;
	A493 : A7;
	A494 : A7;
	A495 : A7;
	A496 : A8;
	A497 : A8;
	A498 : A8;
	A499 : A8;
	A49A : A8;
	A49B : A9;
	A49C : A9;
	A49D : A9;
	A49E : AA;
	A49F : AA;
	A4A0 : AA;
	A4A1 : AA;
	A4A2 : AB;
	A4A3 : AC;
	A4A4 : AC;
	A4A5 : AC;
	A4A6 : AD;
	A4A7 : AE;
	A4A8 : AE;
	A4A9 : AF;
	A4AA : B0;
	A4AB : B0;
	A4AC : B1;
	A4AD : B2;
	A4AE : B2;
	A4AF : B2;
	A4B0 : B3;
	A4B1 : B4;
	A4B2 : B5;
	A4B3 : B6;
	A4B4 : B7;
	A4B5 : B8;
	A4B6 : B8;
	A4B7 : B9;
	A4B8 : BA;
	A4B9 : BA;
	A4BA : BC;
	A4BB : BC;
	A4BC : BE;
	A4BD : BE;
	A4BE : C0;
	A4BF : C0;
	A4C0 : C1;
	A4C1 : C2;
	A4C2 : C3;
	A4C3 : C4;
	A4C4 : C5;
	A4C5 : C6;
	A4C6 : C7;
	A4C7 : C8;
	A4C8 : C8;
	A4C9 : C9;
	A4CA : CA;
	A4CB : CB;
	A4CC : CC;
	A4CD : CD;
	A4CE : CE;
	A4CF : CF;
	A4D0 : D0;
	A4D1 : D1;
	A4D2 : D2;
	A4D3 : D3;
	A4D4 : D4;
	A4D5 : D5;
	A4D6 : D6;
	A4D7 : D7;
	A4D8 : D8;
	A4D9 : D9;
	A4DA : DA;
	A4DB : DB;
	A4DC : DC;
	A4DD : DD;
	A4DE : DE;
	A4DF : DF;
	A4E0 : E0;
	A4E1 : E1;
	A4E2 : E2;
	A4E3 : E3;
	A4E4 : E4;
	A4E5 : E5;
	A4E6 : E6;
	A4E7 : E7;
	A4E8 : E8;
	A4E9 : E9;
	A4EA : EA;
	A4EB : EB;
	A4EC : EC;
	A4ED : ED;
	A4EE : EE;
	A4EF : EF;
	A4F0 : F0;
	A4F1 : F1;
	A4F2 : F2;
	A4F3 : F3;
	A4F4 : F4;
	A4F5 : F5;
	A4F6 : F6;
	A4F7 : F7;
	A4F8 : F8;
	A4F9 : F9;
	A4FA : FA;
	A4FB : FB;
	A4FC : FC;
	A4FD : FD;
	A4FE : FE;
	A4FF : 7F;
	A500 : A5;
	A501 : A5;
	A502 : A5;
	A503 : A5;
	A504 : A4;
	A505 : A4;
	A506 : A4;
	A507 : A4;
	A508 : A4;
	A509 : A4;
	A50A : A4;
	A50B : A4;
	A50C : A4;
	A50D : A3;
	A50E : A3;
	A50F : A3;
	A510 : A3;
	A511 : A3;
	A512 : A2;
	A513 : A2;
	A514 : A2;
	A515 : A2;
	A516 : A2;
	A517 : A1;
	A518 : A1;
	A519 : A0;
	A51A : A0;
	A51B : 9F;
	A51C : 9E;
	A51D : 9D;
	A51E : 9C;
	A51F : 9B;
	A520 : 9A;
	A521 : 98;
	A522 : 94;
	A523 : 90;
	A524 : 88;
	A525 : 00;
	A526 : 08;
	A527 : 10;
	A528 : 14;
	A529 : 1A;
	A52A : 1E;
	A52B : 21;
	A52C : 23;
	A52D : 25;
	A52E : 27;
	A52F : 28;
	A530 : 2A;
	A531 : 2C;
	A532 : 2E;
	A533 : 30;
	A534 : 31;
	A535 : 32;
	A536 : 33;
	A537 : 34;
	A538 : 35;
	A539 : 37;
	A53A : 38;
	A53B : 39;
	A53C : 3A;
	A53D : 3B;
	A53E : 3C;
	A53F : 3D;
	A540 : 3E;
	A541 : 40;
	A542 : 41;
	A543 : 42;
	A544 : 43;
	A545 : 44;
	A546 : 45;
	A547 : 46;
	A548 : 47;
	A549 : 49;
	A54A : 4A;
	A54B : 4B;
	A54C : 4C;
	A54D : 4D;
	A54E : 4E;
	A54F : 4F;
	A550 : 50;
	A551 : 51;
	A552 : 52;
	A553 : 53;
	A554 : 54;
	A555 : 55;
	A556 : 56;
	A557 : 57;
	A558 : 58;
	A559 : 59;
	A55A : 5A;
	A55B : 5B;
	A55C : 5C;
	A55D : 5D;
	A55E : 5E;
	A55F : 5F;
	A560 : 60;
	A561 : 61;
	A562 : 62;
	A563 : 63;
	A564 : 64;
	A565 : 65;
	A566 : 66;
	A567 : 67;
	A568 : 68;
	A569 : 69;
	A56A : 6A;
	A56B : 6B;
	A56C : 6C;
	A56D : 6D;
	A56E : 6E;
	A56F : 6F;
	A570 : 70;
	A571 : 71;
	A572 : 72;
	A573 : 73;
	A574 : 74;
	A575 : 75;
	A576 : 76;
	A577 : 77;
	A578 : 78;
	A579 : 79;
	A57A : 7A;
	A57B : 7B;
	A57C : 7C;
	A57D : 7D;
	A57E : 7E;
	A57F : 7F;
	A580 : A5;
	A581 : A5;
	A582 : A5;
	A583 : A5;
	A584 : A6;
	A585 : A6;
	A586 : A6;
	A587 : A6;
	A588 : A6;
	A589 : A6;
	A58A : A6;
	A58B : A6;
	A58C : A6;
	A58D : A7;
	A58E : A7;
	A58F : A7;
	A590 : A7;
	A591 : A7;
	A592 : A8;
	A593 : A8;
	A594 : A8;
	A595 : A8;
	A596 : A8;
	A597 : A8;
	A598 : A8;
	A599 : A9;
	A59A : A9;
	A59B : A9;
	A59C : AA;
	A59D : AA;
	A59E : AA;
	A59F : AA;
	A5A0 : AA;
	A5A1 : AB;
	A5A2 : AC;
	A5A3 : AC;
	A5A4 : AC;
	A5A5 : AD;
	A5A6 : AE;
	A5A7 : AE;
	A5A8 : AE;
	A5A9 : B0;
	A5AA : B0;
	A5AB : B1;
	A5AC : B1;
	A5AD : B2;
	A5AE : B2;
	A5AF : B3;
	A5B0 : B3;
	A5B1 : B4;
	A5B2 : B5;
	A5B3 : B6;
	A5B4 : B7;
	A5B5 : B8;
	A5B6 : B9;
	A5B7 : B9;
	A5B8 : BA;
	A5B9 : BB;
	A5BA : BC;
	A5BB : BD;
	A5BC : BE;
	A5BD : BF;
	A5BE : C0;
	A5BF : C0;
	A5C0 : C1;
	A5C1 : C2;
	A5C2 : C3;
	A5C3 : C4;
	A5C4 : C5;
	A5C5 : C6;
	A5C6 : C7;
	A5C7 : C8;
	A5C8 : C8;
	A5C9 : C9;
	A5CA : CA;
	A5CB : CB;
	A5CC : CC;
	A5CD : CD;
	A5CE : CE;
	A5CF : CF;
	A5D0 : D0;
	A5D1 : D1;
	A5D2 : D2;
	A5D3 : D3;
	A5D4 : D4;
	A5D5 : D5;
	A5D6 : D6;
	A5D7 : D7;
	A5D8 : D8;
	A5D9 : D9;
	A5DA : DA;
	A5DB : DB;
	A5DC : DC;
	A5DD : DD;
	A5DE : DE;
	A5DF : DF;
	A5E0 : E0;
	A5E1 : E1;
	A5E2 : E2;
	A5E3 : E3;
	A5E4 : E4;
	A5E5 : E5;
	A5E6 : E6;
	A5E7 : E7;
	A5E8 : E8;
	A5E9 : E9;
	A5EA : EA;
	A5EB : EB;
	A5EC : EC;
	A5ED : ED;
	A5EE : EE;
	A5EF : EF;
	A5F0 : F0;
	A5F1 : F1;
	A5F2 : F2;
	A5F3 : F3;
	A5F4 : F4;
	A5F5 : F5;
	A5F6 : F6;
	A5F7 : F7;
	A5F8 : F8;
	A5F9 : F9;
	A5FA : FA;
	A5FB : FB;
	A5FC : FC;
	A5FD : FD;
	A5FE : FE;
	A5FF : 7F;
	A600 : A6;
	A601 : A6;
	A602 : A6;
	A603 : A6;
	A604 : A6;
	A605 : A5;
	A606 : A5;
	A607 : A5;
	A608 : A5;
	A609 : A5;
	A60A : A5;
	A60B : A5;
	A60C : A4;
	A60D : A4;
	A60E : A4;
	A60F : A4;
	A610 : A4;
	A611 : A4;
	A612 : A4;
	A613 : A3;
	A614 : A3;
	A615 : A3;
	A616 : A2;
	A617 : A2;
	A618 : A2;
	A619 : A2;
	A61A : A1;
	A61B : A0;
	A61C : A0;
	A61D : 9F;
	A61E : 9E;
	A61F : 9D;
	A620 : 9C;
	A621 : 9A;
	A622 : 98;
	A623 : 94;
	A624 : 90;
	A625 : 88;
	A626 : 00;
	A627 : 08;
	A628 : 10;
	A629 : 18;
	A62A : 1C;
	A62B : 20;
	A62C : 22;
	A62D : 24;
	A62E : 26;
	A62F : 28;
	A630 : 29;
	A631 : 2B;
	A632 : 2D;
	A633 : 2F;
	A634 : 30;
	A635 : 32;
	A636 : 32;
	A637 : 34;
	A638 : 34;
	A639 : 36;
	A63A : 38;
	A63B : 39;
	A63C : 3A;
	A63D : 3B;
	A63E : 3C;
	A63F : 3D;
	A640 : 3E;
	A641 : 40;
	A642 : 41;
	A643 : 42;
	A644 : 43;
	A645 : 44;
	A646 : 45;
	A647 : 46;
	A648 : 47;
	A649 : 49;
	A64A : 4A;
	A64B : 4B;
	A64C : 4C;
	A64D : 4D;
	A64E : 4E;
	A64F : 4F;
	A650 : 50;
	A651 : 51;
	A652 : 52;
	A653 : 53;
	A654 : 54;
	A655 : 55;
	A656 : 56;
	A657 : 57;
	A658 : 58;
	A659 : 59;
	A65A : 5A;
	A65B : 5B;
	A65C : 5C;
	A65D : 5D;
	A65E : 5E;
	A65F : 5F;
	A660 : 60;
	A661 : 61;
	A662 : 62;
	A663 : 63;
	A664 : 64;
	A665 : 65;
	A666 : 66;
	A667 : 67;
	A668 : 68;
	A669 : 69;
	A66A : 6A;
	A66B : 6B;
	A66C : 6C;
	A66D : 6D;
	A66E : 6E;
	A66F : 6F;
	A670 : 70;
	A671 : 71;
	A672 : 72;
	A673 : 73;
	A674 : 74;
	A675 : 75;
	A676 : 76;
	A677 : 77;
	A678 : 78;
	A679 : 79;
	A67A : 7A;
	A67B : 7B;
	A67C : 7C;
	A67D : 7D;
	A67E : 7E;
	A67F : 7F;
	A680 : A6;
	A681 : A6;
	A682 : A6;
	A683 : A6;
	A684 : A6;
	A685 : A7;
	A686 : A7;
	A687 : A7;
	A688 : A7;
	A689 : A7;
	A68A : A7;
	A68B : A7;
	A68C : A8;
	A68D : A8;
	A68E : A8;
	A68F : A8;
	A690 : A8;
	A691 : A8;
	A692 : A8;
	A693 : A8;
	A694 : A8;
	A695 : A9;
	A696 : A9;
	A697 : A9;
	A698 : A9;
	A699 : A9;
	A69A : AA;
	A69B : AA;
	A69C : AA;
	A69D : AA;
	A69E : AA;
	A69F : AB;
	A6A0 : AB;
	A6A1 : AC;
	A6A2 : AC;
	A6A3 : AC;
	A6A4 : AD;
	A6A5 : AE;
	A6A6 : AE;
	A6A7 : AE;
	A6A8 : AF;
	A6A9 : B0;
	A6AA : B0;
	A6AB : B1;
	A6AC : B2;
	A6AD : B2;
	A6AE : B2;
	A6AF : B3;
	A6B0 : B4;
	A6B1 : B4;
	A6B2 : B6;
	A6B3 : B6;
	A6B4 : B8;
	A6B5 : B8;
	A6B6 : B9;
	A6B7 : B9;
	A6B8 : BA;
	A6B9 : BB;
	A6BA : BC;
	A6BB : BD;
	A6BC : BE;
	A6BD : BF;
	A6BE : C0;
	A6BF : C0;
	A6C0 : C1;
	A6C1 : C2;
	A6C2 : C3;
	A6C3 : C4;
	A6C4 : C5;
	A6C5 : C6;
	A6C6 : C7;
	A6C7 : C8;
	A6C8 : C8;
	A6C9 : C9;
	A6CA : CA;
	A6CB : CB;
	A6CC : CC;
	A6CD : CD;
	A6CE : CE;
	A6CF : CF;
	A6D0 : D0;
	A6D1 : D1;
	A6D2 : D2;
	A6D3 : D3;
	A6D4 : D4;
	A6D5 : D5;
	A6D6 : D6;
	A6D7 : D7;
	A6D8 : D8;
	A6D9 : D9;
	A6DA : DA;
	A6DB : DB;
	A6DC : DC;
	A6DD : DD;
	A6DE : DE;
	A6DF : DF;
	A6E0 : E0;
	A6E1 : E1;
	A6E2 : E2;
	A6E3 : E3;
	A6E4 : E4;
	A6E5 : E5;
	A6E6 : E6;
	A6E7 : E7;
	A6E8 : E8;
	A6E9 : E9;
	A6EA : EA;
	A6EB : EB;
	A6EC : EC;
	A6ED : ED;
	A6EE : EE;
	A6EF : EF;
	A6F0 : F0;
	A6F1 : F1;
	A6F2 : F2;
	A6F3 : F3;
	A6F4 : F4;
	A6F5 : F5;
	A6F6 : F6;
	A6F7 : F7;
	A6F8 : F8;
	A6F9 : F9;
	A6FA : FA;
	A6FB : FB;
	A6FC : FC;
	A6FD : FD;
	A6FE : FE;
	A6FF : 7F;
	A700 : A7;
	A701 : A7;
	A702 : A7;
	A703 : A7;
	A704 : A6;
	A705 : A6;
	A706 : A6;
	A707 : A6;
	A708 : A6;
	A709 : A6;
	A70A : A6;
	A70B : A6;
	A70C : A6;
	A70D : A5;
	A70E : A5;
	A70F : A5;
	A710 : A5;
	A711 : A5;
	A712 : A4;
	A713 : A4;
	A714 : A4;
	A715 : A4;
	A716 : A4;
	A717 : A3;
	A718 : A3;
	A719 : A2;
	A71A : A2;
	A71B : A2;
	A71C : A1;
	A71D : A0;
	A71E : A0;
	A71F : 9F;
	A720 : 9E;
	A721 : 9C;
	A722 : 9A;
	A723 : 98;
	A724 : 94;
	A725 : 90;
	A726 : 88;
	A727 : 00;
	A728 : 08;
	A729 : 14;
	A72A : 1A;
	A72B : 1E;
	A72C : 21;
	A72D : 23;
	A72E : 25;
	A72F : 27;
	A730 : 28;
	A731 : 2A;
	A732 : 2C;
	A733 : 2E;
	A734 : 30;
	A735 : 31;
	A736 : 32;
	A737 : 33;
	A738 : 34;
	A739 : 36;
	A73A : 38;
	A73B : 39;
	A73C : 3A;
	A73D : 3B;
	A73E : 3C;
	A73F : 3D;
	A740 : 3E;
	A741 : 40;
	A742 : 41;
	A743 : 42;
	A744 : 43;
	A745 : 44;
	A746 : 45;
	A747 : 46;
	A748 : 47;
	A749 : 49;
	A74A : 4A;
	A74B : 4B;
	A74C : 4C;
	A74D : 4D;
	A74E : 4E;
	A74F : 4F;
	A750 : 50;
	A751 : 51;
	A752 : 52;
	A753 : 53;
	A754 : 54;
	A755 : 55;
	A756 : 56;
	A757 : 57;
	A758 : 58;
	A759 : 59;
	A75A : 5A;
	A75B : 5B;
	A75C : 5C;
	A75D : 5D;
	A75E : 5E;
	A75F : 5F;
	A760 : 60;
	A761 : 61;
	A762 : 62;
	A763 : 63;
	A764 : 64;
	A765 : 65;
	A766 : 66;
	A767 : 67;
	A768 : 68;
	A769 : 69;
	A76A : 6A;
	A76B : 6B;
	A76C : 6C;
	A76D : 6D;
	A76E : 6E;
	A76F : 6F;
	A770 : 70;
	A771 : 71;
	A772 : 72;
	A773 : 73;
	A774 : 74;
	A775 : 75;
	A776 : 76;
	A777 : 77;
	A778 : 78;
	A779 : 79;
	A77A : 7A;
	A77B : 7B;
	A77C : 7C;
	A77D : 7D;
	A77E : 7E;
	A77F : 7F;
	A780 : A7;
	A781 : A7;
	A782 : A7;
	A783 : A7;
	A784 : A8;
	A785 : A8;
	A786 : A8;
	A787 : A8;
	A788 : A8;
	A789 : A8;
	A78A : A8;
	A78B : A8;
	A78C : A8;
	A78D : A8;
	A78E : A8;
	A78F : A8;
	A790 : A8;
	A791 : A9;
	A792 : A9;
	A793 : A9;
	A794 : A9;
	A795 : A9;
	A796 : A9;
	A797 : A9;
	A798 : AA;
	A799 : AA;
	A79A : AA;
	A79B : AA;
	A79C : AA;
	A79D : AB;
	A79E : AB;
	A79F : AB;
	A7A0 : AC;
	A7A1 : AC;
	A7A2 : AC;
	A7A3 : AD;
	A7A4 : AE;
	A7A5 : AE;
	A7A6 : AE;
	A7A7 : AF;
	A7A8 : B0;
	A7A9 : B0;
	A7AA : B1;
	A7AB : B1;
	A7AC : B2;
	A7AD : B2;
	A7AE : B3;
	A7AF : B3;
	A7B0 : B4;
	A7B1 : B5;
	A7B2 : B6;
	A7B3 : B7;
	A7B4 : B8;
	A7B5 : B8;
	A7B6 : B9;
	A7B7 : B9;
	A7B8 : BA;
	A7B9 : BB;
	A7BA : BC;
	A7BB : BD;
	A7BC : BE;
	A7BD : BF;
	A7BE : C0;
	A7BF : C0;
	A7C0 : C1;
	A7C1 : C2;
	A7C2 : C3;
	A7C3 : C4;
	A7C4 : C5;
	A7C5 : C6;
	A7C6 : C7;
	A7C7 : C8;
	A7C8 : C8;
	A7C9 : C9;
	A7CA : CA;
	A7CB : CB;
	A7CC : CC;
	A7CD : CD;
	A7CE : CE;
	A7CF : CF;
	A7D0 : D0;
	A7D1 : D1;
	A7D2 : D2;
	A7D3 : D3;
	A7D4 : D4;
	A7D5 : D5;
	A7D6 : D6;
	A7D7 : D7;
	A7D8 : D8;
	A7D9 : D9;
	A7DA : DA;
	A7DB : DB;
	A7DC : DC;
	A7DD : DD;
	A7DE : DE;
	A7DF : DF;
	A7E0 : E0;
	A7E1 : E1;
	A7E2 : E2;
	A7E3 : E3;
	A7E4 : E4;
	A7E5 : E5;
	A7E6 : E6;
	A7E7 : E7;
	A7E8 : E8;
	A7E9 : E9;
	A7EA : EA;
	A7EB : EB;
	A7EC : EC;
	A7ED : ED;
	A7EE : EE;
	A7EF : EF;
	A7F0 : F0;
	A7F1 : F1;
	A7F2 : F2;
	A7F3 : F3;
	A7F4 : F4;
	A7F5 : F5;
	A7F6 : F6;
	A7F7 : F7;
	A7F8 : F8;
	A7F9 : F9;
	A7FA : FA;
	A7FB : FB;
	A7FC : FC;
	A7FD : FD;
	A7FE : FE;
	A7FF : 7F;
	A800 : A8;
	A801 : A8;
	A802 : A8;
	A803 : A8;
	A804 : A8;
	A805 : A7;
	A806 : A7;
	A807 : A7;
	A808 : A7;
	A809 : A7;
	A80A : A7;
	A80B : A7;
	A80C : A6;
	A80D : A6;
	A80E : A6;
	A80F : A6;
	A810 : A6;
	A811 : A6;
	A812 : A6;
	A813 : A5;
	A814 : A5;
	A815 : A5;
	A816 : A4;
	A817 : A4;
	A818 : A4;
	A819 : A4;
	A81A : A3;
	A81B : A2;
	A81C : A2;
	A81D : A2;
	A81E : A1;
	A81F : A0;
	A820 : A0;
	A821 : 9E;
	A822 : 9C;
	A823 : 9A;
	A824 : 98;
	A825 : 94;
	A826 : 90;
	A827 : 88;
	A828 : 00;
	A829 : 10;
	A82A : 18;
	A82B : 1C;
	A82C : 20;
	A82D : 22;
	A82E : 24;
	A82F : 26;
	A830 : 28;
	A831 : 2A;
	A832 : 2C;
	A833 : 2E;
	A834 : 30;
	A835 : 31;
	A836 : 32;
	A837 : 33;
	A838 : 34;
	A839 : 36;
	A83A : 38;
	A83B : 39;
	A83C : 3A;
	A83D : 3B;
	A83E : 3C;
	A83F : 3D;
	A840 : 3E;
	A841 : 40;
	A842 : 41;
	A843 : 42;
	A844 : 43;
	A845 : 44;
	A846 : 45;
	A847 : 46;
	A848 : 47;
	A849 : 48;
	A84A : 4A;
	A84B : 4A;
	A84C : 4C;
	A84D : 4C;
	A84E : 4E;
	A84F : 4E;
	A850 : 50;
	A851 : 51;
	A852 : 52;
	A853 : 53;
	A854 : 54;
	A855 : 55;
	A856 : 56;
	A857 : 57;
	A858 : 58;
	A859 : 59;
	A85A : 5A;
	A85B : 5B;
	A85C : 5C;
	A85D : 5D;
	A85E : 5E;
	A85F : 5F;
	A860 : 60;
	A861 : 61;
	A862 : 62;
	A863 : 63;
	A864 : 64;
	A865 : 65;
	A866 : 66;
	A867 : 67;
	A868 : 68;
	A869 : 69;
	A86A : 6A;
	A86B : 6B;
	A86C : 6C;
	A86D : 6D;
	A86E : 6E;
	A86F : 6F;
	A870 : 70;
	A871 : 71;
	A872 : 72;
	A873 : 73;
	A874 : 74;
	A875 : 75;
	A876 : 76;
	A877 : 77;
	A878 : 78;
	A879 : 79;
	A87A : 7A;
	A87B : 7B;
	A87C : 7C;
	A87D : 7D;
	A87E : 7E;
	A87F : 7F;
	A880 : A8;
	A881 : A8;
	A882 : A8;
	A883 : A8;
	A884 : A8;
	A885 : A8;
	A886 : A8;
	A887 : A8;
	A888 : A8;
	A889 : A9;
	A88A : A9;
	A88B : A9;
	A88C : A9;
	A88D : A9;
	A88E : A9;
	A88F : A9;
	A890 : A9;
	A891 : A9;
	A892 : A9;
	A893 : A9;
	A894 : AA;
	A895 : AA;
	A896 : AA;
	A897 : AA;
	A898 : AA;
	A899 : AA;
	A89A : AA;
	A89B : AB;
	A89C : AB;
	A89D : AB;
	A89E : AC;
	A89F : AC;
	A8A0 : AC;
	A8A1 : AC;
	A8A2 : AD;
	A8A3 : AE;
	A8A4 : AE;
	A8A5 : AE;
	A8A6 : AF;
	A8A7 : B0;
	A8A8 : B0;
	A8A9 : B0;
	A8AA : B1;
	A8AB : B2;
	A8AC : B2;
	A8AD : B2;
	A8AE : B3;
	A8AF : B4;
	A8B0 : B4;
	A8B1 : B5;
	A8B2 : B6;
	A8B3 : B7;
	A8B4 : B8;
	A8B5 : B8;
	A8B6 : B9;
	A8B7 : BA;
	A8B8 : BA;
	A8B9 : BB;
	A8BA : BC;
	A8BB : BD;
	A8BC : BE;
	A8BD : BF;
	A8BE : C0;
	A8BF : C0;
	A8C0 : C1;
	A8C1 : C2;
	A8C2 : C3;
	A8C3 : C4;
	A8C4 : C5;
	A8C5 : C6;
	A8C6 : C7;
	A8C7 : C8;
	A8C8 : C8;
	A8C9 : CA;
	A8CA : CA;
	A8CB : CC;
	A8CC : CC;
	A8CD : CE;
	A8CE : CE;
	A8CF : D0;
	A8D0 : D0;
	A8D1 : D1;
	A8D2 : D2;
	A8D3 : D3;
	A8D4 : D4;
	A8D5 : D5;
	A8D6 : D6;
	A8D7 : D7;
	A8D8 : D8;
	A8D9 : D9;
	A8DA : DA;
	A8DB : DB;
	A8DC : DC;
	A8DD : DD;
	A8DE : DE;
	A8DF : DF;
	A8E0 : E0;
	A8E1 : E1;
	A8E2 : E2;
	A8E3 : E3;
	A8E4 : E4;
	A8E5 : E5;
	A8E6 : E6;
	A8E7 : E7;
	A8E8 : E8;
	A8E9 : E9;
	A8EA : EA;
	A8EB : EB;
	A8EC : EC;
	A8ED : ED;
	A8EE : EE;
	A8EF : EF;
	A8F0 : F0;
	A8F1 : F1;
	A8F2 : F2;
	A8F3 : F3;
	A8F4 : F4;
	A8F5 : F5;
	A8F6 : F6;
	A8F7 : F7;
	A8F8 : F8;
	A8F9 : F9;
	A8FA : FA;
	A8FB : FB;
	A8FC : FC;
	A8FD : FD;
	A8FE : FE;
	A8FF : 7F;
	A900 : A9;
	A901 : A9;
	A902 : A9;
	A903 : A9;
	A904 : A9;
	A905 : A9;
	A906 : A9;
	A907 : A9;
	A908 : A8;
	A909 : A8;
	A90A : A8;
	A90B : A8;
	A90C : A8;
	A90D : A8;
	A90E : A8;
	A90F : A8;
	A910 : A8;
	A911 : A8;
	A912 : A8;
	A913 : A7;
	A914 : A7;
	A915 : A7;
	A916 : A6;
	A917 : A6;
	A918 : A6;
	A919 : A6;
	A91A : A5;
	A91B : A4;
	A91C : A4;
	A91D : A4;
	A91E : A3;
	A91F : A2;
	A920 : A2;
	A921 : A1;
	A922 : A0;
	A923 : 9E;
	A924 : 9C;
	A925 : 9A;
	A926 : 98;
	A927 : 94;
	A928 : 90;
	A929 : 00;
	A92A : 10;
	A92B : 18;
	A92C : 1C;
	A92D : 20;
	A92E : 22;
	A92F : 24;
	A930 : 26;
	A931 : 29;
	A932 : 2B;
	A933 : 2D;
	A934 : 2F;
	A935 : 30;
	A936 : 32;
	A937 : 32;
	A938 : 34;
	A939 : 36;
	A93A : 38;
	A93B : 39;
	A93C : 3A;
	A93D : 3B;
	A93E : 3C;
	A93F : 3D;
	A940 : 3E;
	A941 : 40;
	A942 : 41;
	A943 : 42;
	A944 : 43;
	A945 : 44;
	A946 : 45;
	A947 : 46;
	A948 : 47;
	A949 : 48;
	A94A : 49;
	A94B : 4A;
	A94C : 4B;
	A94D : 4C;
	A94E : 4D;
	A94F : 4E;
	A950 : 4F;
	A951 : 51;
	A952 : 52;
	A953 : 53;
	A954 : 54;
	A955 : 55;
	A956 : 56;
	A957 : 57;
	A958 : 58;
	A959 : 59;
	A95A : 5A;
	A95B : 5B;
	A95C : 5C;
	A95D : 5D;
	A95E : 5E;
	A95F : 5F;
	A960 : 60;
	A961 : 61;
	A962 : 62;
	A963 : 63;
	A964 : 64;
	A965 : 65;
	A966 : 66;
	A967 : 67;
	A968 : 68;
	A969 : 69;
	A96A : 6A;
	A96B : 6B;
	A96C : 6C;
	A96D : 6D;
	A96E : 6E;
	A96F : 6F;
	A970 : 70;
	A971 : 71;
	A972 : 72;
	A973 : 73;
	A974 : 74;
	A975 : 75;
	A976 : 76;
	A977 : 77;
	A978 : 78;
	A979 : 79;
	A97A : 7A;
	A97B : 7B;
	A97C : 7C;
	A97D : 7D;
	A97E : 7E;
	A97F : 7F;
	A980 : A9;
	A981 : A9;
	A982 : A9;
	A983 : A9;
	A984 : A9;
	A985 : A9;
	A986 : A9;
	A987 : A9;
	A988 : AA;
	A989 : AA;
	A98A : AA;
	A98B : AA;
	A98C : AA;
	A98D : AA;
	A98E : AA;
	A98F : AA;
	A990 : AA;
	A991 : AA;
	A992 : AA;
	A993 : AA;
	A994 : AA;
	A995 : AB;
	A996 : AB;
	A997 : AB;
	A998 : AB;
	A999 : AB;
	A99A : AC;
	A99B : AC;
	A99C : AC;
	A99D : AC;
	A99E : AC;
	A99F : AD;
	A9A0 : AD;
	A9A1 : AE;
	A9A2 : AE;
	A9A3 : AE;
	A9A4 : AF;
	A9A5 : B0;
	A9A6 : B0;
	A9A7 : B0;
	A9A8 : B0;
	A9A9 : B1;
	A9AA : B2;
	A9AB : B2;
	A9AC : B2;
	A9AD : B3;
	A9AE : B4;
	A9AF : B4;
	A9B0 : B4;
	A9B1 : B6;
	A9B2 : B6;
	A9B3 : B8;
	A9B4 : B8;
	A9B5 : B9;
	A9B6 : B9;
	A9B7 : BA;
	A9B8 : BA;
	A9B9 : BB;
	A9BA : BC;
	A9BB : BD;
	A9BC : BE;
	A9BD : BF;
	A9BE : C0;
	A9BF : C1;
	A9C0 : C1;
	A9C1 : C2;
	A9C2 : C3;
	A9C3 : C4;
	A9C4 : C5;
	A9C5 : C6;
	A9C6 : C7;
	A9C7 : C8;
	A9C8 : C9;
	A9C9 : CA;
	A9CA : CB;
	A9CB : CC;
	A9CC : CD;
	A9CD : CE;
	A9CE : CF;
	A9CF : D0;
	A9D0 : D0;
	A9D1 : D1;
	A9D2 : D2;
	A9D3 : D3;
	A9D4 : D4;
	A9D5 : D5;
	A9D6 : D6;
	A9D7 : D7;
	A9D8 : D8;
	A9D9 : D9;
	A9DA : DA;
	A9DB : DB;
	A9DC : DC;
	A9DD : DD;
	A9DE : DE;
	A9DF : DF;
	A9E0 : E0;
	A9E1 : E1;
	A9E2 : E2;
	A9E3 : E3;
	A9E4 : E4;
	A9E5 : E5;
	A9E6 : E6;
	A9E7 : E7;
	A9E8 : E8;
	A9E9 : E9;
	A9EA : EA;
	A9EB : EB;
	A9EC : EC;
	A9ED : ED;
	A9EE : EE;
	A9EF : EF;
	A9F0 : F0;
	A9F1 : F1;
	A9F2 : F2;
	A9F3 : F3;
	A9F4 : F4;
	A9F5 : F5;
	A9F6 : F6;
	A9F7 : F7;
	A9F8 : F8;
	A9F9 : F9;
	A9FA : FA;
	A9FB : FB;
	A9FC : FC;
	A9FD : FD;
	A9FE : FE;
	A9FF : 7F;
	AA00 : AA;
	AA01 : AA;
	AA02 : AA;
	AA03 : AA;
	AA04 : AA;
	AA05 : AA;
	AA06 : AA;
	AA07 : AA;
	AA08 : AA;
	AA09 : A9;
	AA0A : A9;
	AA0B : A9;
	AA0C : A9;
	AA0D : A9;
	AA0E : A9;
	AA0F : A9;
	AA10 : A9;
	AA11 : A9;
	AA12 : A9;
	AA13 : A9;
	AA14 : A8;
	AA15 : A8;
	AA16 : A8;
	AA17 : A8;
	AA18 : A8;
	AA19 : A8;
	AA1A : A7;
	AA1B : A6;
	AA1C : A6;
	AA1D : A6;
	AA1E : A5;
	AA1F : A4;
	AA20 : A4;
	AA21 : A3;
	AA22 : A2;
	AA23 : A1;
	AA24 : A0;
	AA25 : 9E;
	AA26 : 9C;
	AA27 : 9A;
	AA28 : 98;
	AA29 : 90;
	AA2A : 00;
	AA2B : 10;
	AA2C : 18;
	AA2D : 1C;
	AA2E : 20;
	AA2F : 22;
	AA30 : 24;
	AA31 : 28;
	AA32 : 2A;
	AA33 : 2C;
	AA34 : 2E;
	AA35 : 30;
	AA36 : 31;
	AA37 : 32;
	AA38 : 33;
	AA39 : 35;
	AA3A : 37;
	AA3B : 38;
	AA3C : 3A;
	AA3D : 3A;
	AA3E : 3C;
	AA3F : 3C;
	AA40 : 3E;
	AA41 : 40;
	AA42 : 41;
	AA43 : 42;
	AA44 : 43;
	AA45 : 44;
	AA46 : 45;
	AA47 : 46;
	AA48 : 47;
	AA49 : 48;
	AA4A : 49;
	AA4B : 4A;
	AA4C : 4B;
	AA4D : 4C;
	AA4E : 4D;
	AA4F : 4E;
	AA50 : 4F;
	AA51 : 51;
	AA52 : 52;
	AA53 : 53;
	AA54 : 54;
	AA55 : 55;
	AA56 : 56;
	AA57 : 57;
	AA58 : 58;
	AA59 : 59;
	AA5A : 5A;
	AA5B : 5B;
	AA5C : 5C;
	AA5D : 5D;
	AA5E : 5E;
	AA5F : 5F;
	AA60 : 60;
	AA61 : 61;
	AA62 : 62;
	AA63 : 63;
	AA64 : 64;
	AA65 : 65;
	AA66 : 66;
	AA67 : 67;
	AA68 : 68;
	AA69 : 69;
	AA6A : 6A;
	AA6B : 6B;
	AA6C : 6C;
	AA6D : 6D;
	AA6E : 6E;
	AA6F : 6F;
	AA70 : 70;
	AA71 : 71;
	AA72 : 72;
	AA73 : 73;
	AA74 : 74;
	AA75 : 75;
	AA76 : 76;
	AA77 : 77;
	AA78 : 78;
	AA79 : 79;
	AA7A : 7A;
	AA7B : 7B;
	AA7C : 7C;
	AA7D : 7D;
	AA7E : 7E;
	AA7F : 7F;
	AA80 : AA;
	AA81 : AA;
	AA82 : AA;
	AA83 : AA;
	AA84 : AA;
	AA85 : AA;
	AA86 : AA;
	AA87 : AA;
	AA88 : AA;
	AA89 : AB;
	AA8A : AB;
	AA8B : AB;
	AA8C : AB;
	AA8D : AB;
	AA8E : AB;
	AA8F : AB;
	AA90 : AB;
	AA91 : AB;
	AA92 : AB;
	AA93 : AB;
	AA94 : AC;
	AA95 : AC;
	AA96 : AC;
	AA97 : AC;
	AA98 : AC;
	AA99 : AC;
	AA9A : AC;
	AA9B : AD;
	AA9C : AD;
	AA9D : AD;
	AA9E : AE;
	AA9F : AE;
	AAA0 : AE;
	AAA1 : AE;
	AAA2 : AF;
	AAA3 : B0;
	AAA4 : B0;
	AAA5 : B0;
	AAA6 : B0;
	AAA7 : B1;
	AAA8 : B1;
	AAA9 : B2;
	AAAA : B2;
	AAAB : B2;
	AAAC : B3;
	AAAD : B4;
	AAAE : B4;
	AAAF : B4;
	AAB0 : B5;
	AAB1 : B6;
	AAB2 : B7;
	AAB3 : B8;
	AAB4 : B8;
	AAB5 : B9;
	AAB6 : BA;
	AAB7 : BA;
	AAB8 : BA;
	AAB9 : BC;
	AABA : BC;
	AABB : BE;
	AABC : BE;
	AABD : C0;
	AABE : C0;
	AABF : C1;
	AAC0 : C1;
	AAC1 : C2;
	AAC2 : C3;
	AAC3 : C4;
	AAC4 : C5;
	AAC5 : C6;
	AAC6 : C7;
	AAC7 : C8;
	AAC8 : C9;
	AAC9 : CA;
	AACA : CB;
	AACB : CC;
	AACC : CD;
	AACD : CE;
	AACE : CF;
	AACF : D0;
	AAD0 : D0;
	AAD1 : D1;
	AAD2 : D2;
	AAD3 : D3;
	AAD4 : D4;
	AAD5 : D5;
	AAD6 : D6;
	AAD7 : D7;
	AAD8 : D8;
	AAD9 : D9;
	AADA : DA;
	AADB : DB;
	AADC : DC;
	AADD : DD;
	AADE : DE;
	AADF : DF;
	AAE0 : E0;
	AAE1 : E1;
	AAE2 : E2;
	AAE3 : E3;
	AAE4 : E4;
	AAE5 : E5;
	AAE6 : E6;
	AAE7 : E7;
	AAE8 : E8;
	AAE9 : E9;
	AAEA : EA;
	AAEB : EB;
	AAEC : EC;
	AAED : ED;
	AAEE : EE;
	AAEF : EF;
	AAF0 : F0;
	AAF1 : F1;
	AAF2 : F2;
	AAF3 : F3;
	AAF4 : F4;
	AAF5 : F5;
	AAF6 : F6;
	AAF7 : F7;
	AAF8 : F8;
	AAF9 : F9;
	AAFA : FA;
	AAFB : FB;
	AAFC : FC;
	AAFD : FD;
	AAFE : FE;
	AAFF : 7F;
	AB00 : AB;
	AB01 : AB;
	AB02 : AB;
	AB03 : AB;
	AB04 : AB;
	AB05 : AB;
	AB06 : AB;
	AB07 : AB;
	AB08 : AA;
	AB09 : AA;
	AB0A : AA;
	AB0B : AA;
	AB0C : AA;
	AB0D : AA;
	AB0E : AA;
	AB0F : AA;
	AB10 : AA;
	AB11 : AA;
	AB12 : AA;
	AB13 : AA;
	AB14 : AA;
	AB15 : A9;
	AB16 : A9;
	AB17 : A9;
	AB18 : A9;
	AB19 : A9;
	AB1A : A8;
	AB1B : A8;
	AB1C : A8;
	AB1D : A8;
	AB1E : A7;
	AB1F : A6;
	AB20 : A6;
	AB21 : A5;
	AB22 : A4;
	AB23 : A3;
	AB24 : A2;
	AB25 : A1;
	AB26 : A0;
	AB27 : 9E;
	AB28 : 9C;
	AB29 : 98;
	AB2A : 90;
	AB2B : 00;
	AB2C : 10;
	AB2D : 18;
	AB2E : 1C;
	AB2F : 20;
	AB30 : 22;
	AB31 : 26;
	AB32 : 29;
	AB33 : 2B;
	AB34 : 2D;
	AB35 : 2F;
	AB36 : 30;
	AB37 : 32;
	AB38 : 32;
	AB39 : 34;
	AB3A : 36;
	AB3B : 38;
	AB3C : 39;
	AB3D : 3A;
	AB3E : 3B;
	AB3F : 3C;
	AB40 : 3D;
	AB41 : 3F;
	AB42 : 41;
	AB43 : 42;
	AB44 : 43;
	AB45 : 44;
	AB46 : 45;
	AB47 : 46;
	AB48 : 47;
	AB49 : 48;
	AB4A : 49;
	AB4B : 4A;
	AB4C : 4B;
	AB4D : 4C;
	AB4E : 4D;
	AB4F : 4E;
	AB50 : 4F;
	AB51 : 51;
	AB52 : 52;
	AB53 : 53;
	AB54 : 54;
	AB55 : 55;
	AB56 : 56;
	AB57 : 57;
	AB58 : 58;
	AB59 : 59;
	AB5A : 5A;
	AB5B : 5B;
	AB5C : 5C;
	AB5D : 5D;
	AB5E : 5E;
	AB5F : 5F;
	AB60 : 60;
	AB61 : 61;
	AB62 : 62;
	AB63 : 63;
	AB64 : 64;
	AB65 : 65;
	AB66 : 66;
	AB67 : 67;
	AB68 : 68;
	AB69 : 69;
	AB6A : 6A;
	AB6B : 6B;
	AB6C : 6C;
	AB6D : 6D;
	AB6E : 6E;
	AB6F : 6F;
	AB70 : 70;
	AB71 : 71;
	AB72 : 72;
	AB73 : 73;
	AB74 : 74;
	AB75 : 75;
	AB76 : 76;
	AB77 : 77;
	AB78 : 78;
	AB79 : 79;
	AB7A : 7A;
	AB7B : 7B;
	AB7C : 7C;
	AB7D : 7D;
	AB7E : 7E;
	AB7F : 7F;
	AB80 : AB;
	AB81 : AB;
	AB82 : AB;
	AB83 : AB;
	AB84 : AB;
	AB85 : AB;
	AB86 : AB;
	AB87 : AB;
	AB88 : AC;
	AB89 : AC;
	AB8A : AC;
	AB8B : AC;
	AB8C : AC;
	AB8D : AC;
	AB8E : AC;
	AB8F : AC;
	AB90 : AC;
	AB91 : AC;
	AB92 : AC;
	AB93 : AC;
	AB94 : AC;
	AB95 : AD;
	AB96 : AD;
	AB97 : AD;
	AB98 : AD;
	AB99 : AD;
	AB9A : AE;
	AB9B : AE;
	AB9C : AE;
	AB9D : AE;
	AB9E : AE;
	AB9F : AF;
	ABA0 : AF;
	ABA1 : B0;
	ABA2 : B0;
	ABA3 : B0;
	ABA4 : B0;
	ABA5 : B1;
	ABA6 : B1;
	ABA7 : B1;
	ABA8 : B2;
	ABA9 : B2;
	ABAA : B2;
	ABAB : B3;
	ABAC : B4;
	ABAD : B4;
	ABAE : B4;
	ABAF : B5;
	ABB0 : B6;
	ABB1 : B6;
	ABB2 : B8;
	ABB3 : B8;
	ABB4 : B9;
	ABB5 : B9;
	ABB6 : BA;
	ABB7 : BA;
	ABB8 : BB;
	ABB9 : BC;
	ABBA : BD;
	ABBB : BE;
	ABBC : BF;
	ABBD : C0;
	ABBE : C0;
	ABBF : C1;
	ABC0 : C1;
	ABC1 : C2;
	ABC2 : C3;
	ABC3 : C4;
	ABC4 : C5;
	ABC5 : C6;
	ABC6 : C7;
	ABC7 : C8;
	ABC8 : C9;
	ABC9 : CA;
	ABCA : CB;
	ABCB : CC;
	ABCC : CD;
	ABCD : CE;
	ABCE : CF;
	ABCF : D0;
	ABD0 : D0;
	ABD1 : D1;
	ABD2 : D2;
	ABD3 : D3;
	ABD4 : D4;
	ABD5 : D5;
	ABD6 : D6;
	ABD7 : D7;
	ABD8 : D8;
	ABD9 : D9;
	ABDA : DA;
	ABDB : DB;
	ABDC : DC;
	ABDD : DD;
	ABDE : DE;
	ABDF : DF;
	ABE0 : E0;
	ABE1 : E1;
	ABE2 : E2;
	ABE3 : E3;
	ABE4 : E4;
	ABE5 : E5;
	ABE6 : E6;
	ABE7 : E7;
	ABE8 : E8;
	ABE9 : E9;
	ABEA : EA;
	ABEB : EB;
	ABEC : EC;
	ABED : ED;
	ABEE : EE;
	ABEF : EF;
	ABF0 : F0;
	ABF1 : F1;
	ABF2 : F2;
	ABF3 : F3;
	ABF4 : F4;
	ABF5 : F5;
	ABF6 : F6;
	ABF7 : F7;
	ABF8 : F8;
	ABF9 : F9;
	ABFA : FA;
	ABFB : FB;
	ABFC : FC;
	ABFD : FD;
	ABFE : FE;
	ABFF : 7F;
	AC00 : AC;
	AC01 : AC;
	AC02 : AC;
	AC03 : AC;
	AC04 : AC;
	AC05 : AC;
	AC06 : AC;
	AC07 : AC;
	AC08 : AC;
	AC09 : AB;
	AC0A : AB;
	AC0B : AB;
	AC0C : AB;
	AC0D : AB;
	AC0E : AB;
	AC0F : AB;
	AC10 : AB;
	AC11 : AB;
	AC12 : AB;
	AC13 : AB;
	AC14 : AA;
	AC15 : AA;
	AC16 : AA;
	AC17 : AA;
	AC18 : AA;
	AC19 : AA;
	AC1A : AA;
	AC1B : A9;
	AC1C : A9;
	AC1D : A9;
	AC1E : A8;
	AC1F : A8;
	AC20 : A8;
	AC21 : A7;
	AC22 : A6;
	AC23 : A5;
	AC24 : A4;
	AC25 : A3;
	AC26 : A2;
	AC27 : A1;
	AC28 : A0;
	AC29 : 9C;
	AC2A : 98;
	AC2B : 90;
	AC2C : 00;
	AC2D : 10;
	AC2E : 18;
	AC2F : 1C;
	AC30 : 20;
	AC31 : 24;
	AC32 : 28;
	AC33 : 2A;
	AC34 : 2C;
	AC35 : 2E;
	AC36 : 30;
	AC37 : 31;
	AC38 : 32;
	AC39 : 34;
	AC3A : 36;
	AC3B : 38;
	AC3C : 39;
	AC3D : 3A;
	AC3E : 3B;
	AC3F : 3C;
	AC40 : 3D;
	AC41 : 3F;
	AC42 : 40;
	AC43 : 42;
	AC44 : 42;
	AC45 : 44;
	AC46 : 44;
	AC47 : 46;
	AC48 : 46;
	AC49 : 48;
	AC4A : 49;
	AC4B : 4A;
	AC4C : 4B;
	AC4D : 4C;
	AC4E : 4D;
	AC4F : 4E;
	AC50 : 4F;
	AC51 : 51;
	AC52 : 52;
	AC53 : 53;
	AC54 : 54;
	AC55 : 55;
	AC56 : 56;
	AC57 : 57;
	AC58 : 58;
	AC59 : 59;
	AC5A : 5A;
	AC5B : 5B;
	AC5C : 5C;
	AC5D : 5D;
	AC5E : 5E;
	AC5F : 5F;
	AC60 : 60;
	AC61 : 61;
	AC62 : 62;
	AC63 : 63;
	AC64 : 64;
	AC65 : 65;
	AC66 : 66;
	AC67 : 67;
	AC68 : 68;
	AC69 : 69;
	AC6A : 6A;
	AC6B : 6B;
	AC6C : 6C;
	AC6D : 6D;
	AC6E : 6E;
	AC6F : 6F;
	AC70 : 70;
	AC71 : 71;
	AC72 : 72;
	AC73 : 73;
	AC74 : 74;
	AC75 : 75;
	AC76 : 76;
	AC77 : 77;
	AC78 : 78;
	AC79 : 79;
	AC7A : 7A;
	AC7B : 7B;
	AC7C : 7C;
	AC7D : 7D;
	AC7E : 7E;
	AC7F : 7F;
	AC80 : AC;
	AC81 : AC;
	AC82 : AC;
	AC83 : AC;
	AC84 : AC;
	AC85 : AC;
	AC86 : AC;
	AC87 : AC;
	AC88 : AC;
	AC89 : AD;
	AC8A : AD;
	AC8B : AD;
	AC8C : AD;
	AC8D : AD;
	AC8E : AD;
	AC8F : AD;
	AC90 : AD;
	AC91 : AD;
	AC92 : AD;
	AC93 : AD;
	AC94 : AE;
	AC95 : AE;
	AC96 : AE;
	AC97 : AE;
	AC98 : AE;
	AC99 : AE;
	AC9A : AE;
	AC9B : AF;
	AC9C : AF;
	AC9D : AF;
	AC9E : B0;
	AC9F : B0;
	ACA0 : B0;
	ACA1 : B0;
	ACA2 : B0;
	ACA3 : B1;
	ACA4 : B1;
	ACA5 : B1;
	ACA6 : B2;
	ACA7 : B2;
	ACA8 : B2;
	ACA9 : B2;
	ACAA : B3;
	ACAB : B4;
	ACAC : B4;
	ACAD : B4;
	ACAE : B5;
	ACAF : B6;
	ACB0 : B6;
	ACB1 : B7;
	ACB2 : B8;
	ACB3 : B8;
	ACB4 : B9;
	ACB5 : BA;
	ACB6 : BA;
	ACB7 : BA;
	ACB8 : BB;
	ACB9 : BC;
	ACBA : BD;
	ACBB : BE;
	ACBC : BF;
	ACBD : C0;
	ACBE : C0;
	ACBF : C1;
	ACC0 : C2;
	ACC1 : C2;
	ACC2 : C4;
	ACC3 : C4;
	ACC4 : C6;
	ACC5 : C6;
	ACC6 : C8;
	ACC7 : C8;
	ACC8 : C9;
	ACC9 : CA;
	ACCA : CB;
	ACCB : CC;
	ACCC : CD;
	ACCD : CE;
	ACCE : CF;
	ACCF : D0;
	ACD0 : D0;
	ACD1 : D1;
	ACD2 : D2;
	ACD3 : D3;
	ACD4 : D4;
	ACD5 : D5;
	ACD6 : D6;
	ACD7 : D7;
	ACD8 : D8;
	ACD9 : D9;
	ACDA : DA;
	ACDB : DB;
	ACDC : DC;
	ACDD : DD;
	ACDE : DE;
	ACDF : DF;
	ACE0 : E0;
	ACE1 : E1;
	ACE2 : E2;
	ACE3 : E3;
	ACE4 : E4;
	ACE5 : E5;
	ACE6 : E6;
	ACE7 : E7;
	ACE8 : E8;
	ACE9 : E9;
	ACEA : EA;
	ACEB : EB;
	ACEC : EC;
	ACED : ED;
	ACEE : EE;
	ACEF : EF;
	ACF0 : F0;
	ACF1 : F1;
	ACF2 : F2;
	ACF3 : F3;
	ACF4 : F4;
	ACF5 : F5;
	ACF6 : F6;
	ACF7 : F7;
	ACF8 : F8;
	ACF9 : F9;
	ACFA : FA;
	ACFB : FB;
	ACFC : FC;
	ACFD : FD;
	ACFE : FE;
	ACFF : 7F;
	AD00 : AD;
	AD01 : AD;
	AD02 : AD;
	AD03 : AD;
	AD04 : AD;
	AD05 : AD;
	AD06 : AD;
	AD07 : AD;
	AD08 : AC;
	AD09 : AC;
	AD0A : AC;
	AD0B : AC;
	AD0C : AC;
	AD0D : AC;
	AD0E : AC;
	AD0F : AC;
	AD10 : AC;
	AD11 : AC;
	AD12 : AC;
	AD13 : AC;
	AD14 : AC;
	AD15 : AB;
	AD16 : AB;
	AD17 : AB;
	AD18 : AB;
	AD19 : AB;
	AD1A : AA;
	AD1B : AA;
	AD1C : AA;
	AD1D : AA;
	AD1E : AA;
	AD1F : A9;
	AD20 : A9;
	AD21 : A8;
	AD22 : A8;
	AD23 : A7;
	AD24 : A6;
	AD25 : A5;
	AD26 : A4;
	AD27 : A3;
	AD28 : A2;
	AD29 : A0;
	AD2A : 9C;
	AD2B : 98;
	AD2C : 90;
	AD2D : 00;
	AD2E : 10;
	AD2F : 18;
	AD30 : 1C;
	AD31 : 22;
	AD32 : 26;
	AD33 : 29;
	AD34 : 2B;
	AD35 : 2D;
	AD36 : 2F;
	AD37 : 30;
	AD38 : 32;
	AD39 : 34;
	AD3A : 36;
	AD3B : 38;
	AD3C : 39;
	AD3D : 3A;
	AD3E : 3B;
	AD3F : 3C;
	AD40 : 3D;
	AD41 : 3F;
	AD42 : 40;
	AD43 : 41;
	AD44 : 42;
	AD45 : 43;
	AD46 : 44;
	AD47 : 45;
	AD48 : 46;
	AD49 : 48;
	AD4A : 49;
	AD4B : 4A;
	AD4C : 4B;
	AD4D : 4C;
	AD4E : 4D;
	AD4F : 4E;
	AD50 : 4F;
	AD51 : 51;
	AD52 : 52;
	AD53 : 53;
	AD54 : 54;
	AD55 : 55;
	AD56 : 56;
	AD57 : 57;
	AD58 : 58;
	AD59 : 59;
	AD5A : 5A;
	AD5B : 5B;
	AD5C : 5C;
	AD5D : 5D;
	AD5E : 5E;
	AD5F : 5F;
	AD60 : 60;
	AD61 : 61;
	AD62 : 62;
	AD63 : 63;
	AD64 : 64;
	AD65 : 65;
	AD66 : 66;
	AD67 : 67;
	AD68 : 68;
	AD69 : 69;
	AD6A : 6A;
	AD6B : 6B;
	AD6C : 6C;
	AD6D : 6D;
	AD6E : 6E;
	AD6F : 6F;
	AD70 : 70;
	AD71 : 71;
	AD72 : 72;
	AD73 : 73;
	AD74 : 74;
	AD75 : 75;
	AD76 : 76;
	AD77 : 77;
	AD78 : 78;
	AD79 : 79;
	AD7A : 7A;
	AD7B : 7B;
	AD7C : 7C;
	AD7D : 7D;
	AD7E : 7E;
	AD7F : 7F;
	AD80 : AD;
	AD81 : AD;
	AD82 : AD;
	AD83 : AD;
	AD84 : AD;
	AD85 : AD;
	AD86 : AD;
	AD87 : AD;
	AD88 : AE;
	AD89 : AE;
	AD8A : AE;
	AD8B : AE;
	AD8C : AE;
	AD8D : AE;
	AD8E : AE;
	AD8F : AE;
	AD90 : AE;
	AD91 : AE;
	AD92 : AE;
	AD93 : AE;
	AD94 : AE;
	AD95 : AF;
	AD96 : AF;
	AD97 : AF;
	AD98 : AF;
	AD99 : AF;
	AD9A : B0;
	AD9B : B0;
	AD9C : B0;
	AD9D : B0;
	AD9E : B0;
	AD9F : B0;
	ADA0 : B0;
	ADA1 : B1;
	ADA2 : B1;
	ADA3 : B1;
	ADA4 : B2;
	ADA5 : B2;
	ADA6 : B2;
	ADA7 : B2;
	ADA8 : B2;
	ADA9 : B3;
	ADAA : B4;
	ADAB : B4;
	ADAC : B4;
	ADAD : B5;
	ADAE : B6;
	ADAF : B6;
	ADB0 : B6;
	ADB1 : B8;
	ADB2 : B8;
	ADB3 : B9;
	ADB4 : B9;
	ADB5 : BA;
	ADB6 : BA;
	ADB7 : BB;
	ADB8 : BB;
	ADB9 : BC;
	ADBA : BD;
	ADBB : BE;
	ADBC : BF;
	ADBD : C0;
	ADBE : C1;
	ADBF : C1;
	ADC0 : C2;
	ADC1 : C3;
	ADC2 : C4;
	ADC3 : C5;
	ADC4 : C6;
	ADC5 : C7;
	ADC6 : C8;
	ADC7 : C8;
	ADC8 : C9;
	ADC9 : CA;
	ADCA : CB;
	ADCB : CC;
	ADCC : CD;
	ADCD : CE;
	ADCE : CF;
	ADCF : D0;
	ADD0 : D0;
	ADD1 : D1;
	ADD2 : D2;
	ADD3 : D3;
	ADD4 : D4;
	ADD5 : D5;
	ADD6 : D6;
	ADD7 : D7;
	ADD8 : D8;
	ADD9 : D9;
	ADDA : DA;
	ADDB : DB;
	ADDC : DC;
	ADDD : DD;
	ADDE : DE;
	ADDF : DF;
	ADE0 : E0;
	ADE1 : E1;
	ADE2 : E2;
	ADE3 : E3;
	ADE4 : E4;
	ADE5 : E5;
	ADE6 : E6;
	ADE7 : E7;
	ADE8 : E8;
	ADE9 : E9;
	ADEA : EA;
	ADEB : EB;
	ADEC : EC;
	ADED : ED;
	ADEE : EE;
	ADEF : EF;
	ADF0 : F0;
	ADF1 : F1;
	ADF2 : F2;
	ADF3 : F3;
	ADF4 : F4;
	ADF5 : F5;
	ADF6 : F6;
	ADF7 : F7;
	ADF8 : F8;
	ADF9 : F9;
	ADFA : FA;
	ADFB : FB;
	ADFC : FC;
	ADFD : FD;
	ADFE : FE;
	ADFF : 7F;
	AE00 : AE;
	AE01 : AE;
	AE02 : AE;
	AE03 : AE;
	AE04 : AE;
	AE05 : AE;
	AE06 : AE;
	AE07 : AE;
	AE08 : AE;
	AE09 : AD;
	AE0A : AD;
	AE0B : AD;
	AE0C : AD;
	AE0D : AD;
	AE0E : AD;
	AE0F : AD;
	AE10 : AD;
	AE11 : AD;
	AE12 : AD;
	AE13 : AD;
	AE14 : AC;
	AE15 : AC;
	AE16 : AC;
	AE17 : AC;
	AE18 : AC;
	AE19 : AC;
	AE1A : AC;
	AE1B : AB;
	AE1C : AB;
	AE1D : AB;
	AE1E : AA;
	AE1F : AA;
	AE20 : AA;
	AE21 : AA;
	AE22 : A9;
	AE23 : A8;
	AE24 : A8;
	AE25 : A7;
	AE26 : A6;
	AE27 : A5;
	AE28 : A4;
	AE29 : A2;
	AE2A : A0;
	AE2B : 9C;
	AE2C : 98;
	AE2D : 90;
	AE2E : 00;
	AE2F : 10;
	AE30 : 18;
	AE31 : 20;
	AE32 : 24;
	AE33 : 28;
	AE34 : 2A;
	AE35 : 2C;
	AE36 : 2E;
	AE37 : 30;
	AE38 : 31;
	AE39 : 33;
	AE3A : 35;
	AE3B : 37;
	AE3C : 38;
	AE3D : 3A;
	AE3E : 3A;
	AE3F : 3C;
	AE40 : 3C;
	AE41 : 3E;
	AE42 : 40;
	AE43 : 41;
	AE44 : 42;
	AE45 : 43;
	AE46 : 44;
	AE47 : 45;
	AE48 : 46;
	AE49 : 48;
	AE4A : 49;
	AE4B : 4A;
	AE4C : 4B;
	AE4D : 4C;
	AE4E : 4D;
	AE4F : 4E;
	AE50 : 4F;
	AE51 : 51;
	AE52 : 52;
	AE53 : 53;
	AE54 : 54;
	AE55 : 55;
	AE56 : 56;
	AE57 : 57;
	AE58 : 58;
	AE59 : 59;
	AE5A : 5A;
	AE5B : 5B;
	AE5C : 5C;
	AE5D : 5D;
	AE5E : 5E;
	AE5F : 5F;
	AE60 : 60;
	AE61 : 61;
	AE62 : 62;
	AE63 : 63;
	AE64 : 64;
	AE65 : 65;
	AE66 : 66;
	AE67 : 67;
	AE68 : 68;
	AE69 : 69;
	AE6A : 6A;
	AE6B : 6B;
	AE6C : 6C;
	AE6D : 6D;
	AE6E : 6E;
	AE6F : 6F;
	AE70 : 70;
	AE71 : 71;
	AE72 : 72;
	AE73 : 73;
	AE74 : 74;
	AE75 : 75;
	AE76 : 76;
	AE77 : 77;
	AE78 : 78;
	AE79 : 79;
	AE7A : 7A;
	AE7B : 7B;
	AE7C : 7C;
	AE7D : 7D;
	AE7E : 7E;
	AE7F : 7F;
	AE80 : AE;
	AE81 : AE;
	AE82 : AE;
	AE83 : AE;
	AE84 : AE;
	AE85 : AE;
	AE86 : AE;
	AE87 : AE;
	AE88 : AE;
	AE89 : AF;
	AE8A : AF;
	AE8B : AF;
	AE8C : AF;
	AE8D : AF;
	AE8E : AF;
	AE8F : AF;
	AE90 : AF;
	AE91 : AF;
	AE92 : AF;
	AE93 : AF;
	AE94 : B0;
	AE95 : B0;
	AE96 : B0;
	AE97 : B0;
	AE98 : B0;
	AE99 : B0;
	AE9A : B0;
	AE9B : B0;
	AE9C : B0;
	AE9D : B1;
	AE9E : B1;
	AE9F : B1;
	AEA0 : B1;
	AEA1 : B1;
	AEA2 : B2;
	AEA3 : B2;
	AEA4 : B2;
	AEA5 : B2;
	AEA6 : B2;
	AEA7 : B3;
	AEA8 : B3;
	AEA9 : B4;
	AEAA : B4;
	AEAB : B4;
	AEAC : B5;
	AEAD : B6;
	AEAE : B6;
	AEAF : B6;
	AEB0 : B7;
	AEB1 : B8;
	AEB2 : B8;
	AEB3 : B9;
	AEB4 : BA;
	AEB5 : BA;
	AEB6 : BA;
	AEB7 : BB;
	AEB8 : BC;
	AEB9 : BC;
	AEBA : BE;
	AEBB : BE;
	AEBC : C0;
	AEBD : C0;
	AEBE : C1;
	AEBF : C1;
	AEC0 : C2;
	AEC1 : C3;
	AEC2 : C4;
	AEC3 : C5;
	AEC4 : C6;
	AEC5 : C7;
	AEC6 : C8;
	AEC7 : C8;
	AEC8 : C9;
	AEC9 : CA;
	AECA : CB;
	AECB : CC;
	AECC : CD;
	AECD : CE;
	AECE : CF;
	AECF : D0;
	AED0 : D0;
	AED1 : D1;
	AED2 : D2;
	AED3 : D3;
	AED4 : D4;
	AED5 : D5;
	AED6 : D6;
	AED7 : D7;
	AED8 : D8;
	AED9 : D9;
	AEDA : DA;
	AEDB : DB;
	AEDC : DC;
	AEDD : DD;
	AEDE : DE;
	AEDF : DF;
	AEE0 : E0;
	AEE1 : E1;
	AEE2 : E2;
	AEE3 : E3;
	AEE4 : E4;
	AEE5 : E5;
	AEE6 : E6;
	AEE7 : E7;
	AEE8 : E8;
	AEE9 : E9;
	AEEA : EA;
	AEEB : EB;
	AEEC : EC;
	AEED : ED;
	AEEE : EE;
	AEEF : EF;
	AEF0 : F0;
	AEF1 : F1;
	AEF2 : F2;
	AEF3 : F3;
	AEF4 : F4;
	AEF5 : F5;
	AEF6 : F6;
	AEF7 : F7;
	AEF8 : F8;
	AEF9 : F9;
	AEFA : FA;
	AEFB : FB;
	AEFC : FC;
	AEFD : FD;
	AEFE : FE;
	AEFF : 7F;
	AF00 : AF;
	AF01 : AF;
	AF02 : AF;
	AF03 : AF;
	AF04 : AF;
	AF05 : AF;
	AF06 : AF;
	AF07 : AF;
	AF08 : AE;
	AF09 : AE;
	AF0A : AE;
	AF0B : AE;
	AF0C : AE;
	AF0D : AE;
	AF0E : AE;
	AF0F : AE;
	AF10 : AE;
	AF11 : AE;
	AF12 : AE;
	AF13 : AE;
	AF14 : AE;
	AF15 : AD;
	AF16 : AD;
	AF17 : AD;
	AF18 : AD;
	AF19 : AD;
	AF1A : AC;
	AF1B : AC;
	AF1C : AC;
	AF1D : AC;
	AF1E : AC;
	AF1F : AB;
	AF20 : AB;
	AF21 : AA;
	AF22 : AA;
	AF23 : AA;
	AF24 : A9;
	AF25 : A8;
	AF26 : A8;
	AF27 : A7;
	AF28 : A6;
	AF29 : A4;
	AF2A : A2;
	AF2B : A0;
	AF2C : 9C;
	AF2D : 98;
	AF2E : 90;
	AF2F : 00;
	AF30 : 10;
	AF31 : 1C;
	AF32 : 22;
	AF33 : 26;
	AF34 : 29;
	AF35 : 2B;
	AF36 : 2D;
	AF37 : 2F;
	AF38 : 30;
	AF39 : 32;
	AF3A : 34;
	AF3B : 36;
	AF3C : 38;
	AF3D : 39;
	AF3E : 3A;
	AF3F : 3B;
	AF40 : 3C;
	AF41 : 3E;
	AF42 : 40;
	AF43 : 41;
	AF44 : 42;
	AF45 : 43;
	AF46 : 44;
	AF47 : 45;
	AF48 : 46;
	AF49 : 48;
	AF4A : 49;
	AF4B : 4A;
	AF4C : 4B;
	AF4D : 4C;
	AF4E : 4D;
	AF4F : 4E;
	AF50 : 4F;
	AF51 : 51;
	AF52 : 52;
	AF53 : 53;
	AF54 : 54;
	AF55 : 55;
	AF56 : 56;
	AF57 : 57;
	AF58 : 58;
	AF59 : 59;
	AF5A : 5A;
	AF5B : 5B;
	AF5C : 5C;
	AF5D : 5D;
	AF5E : 5E;
	AF5F : 5F;
	AF60 : 60;
	AF61 : 61;
	AF62 : 62;
	AF63 : 63;
	AF64 : 64;
	AF65 : 65;
	AF66 : 66;
	AF67 : 67;
	AF68 : 68;
	AF69 : 69;
	AF6A : 6A;
	AF6B : 6B;
	AF6C : 6C;
	AF6D : 6D;
	AF6E : 6E;
	AF6F : 6F;
	AF70 : 70;
	AF71 : 71;
	AF72 : 72;
	AF73 : 73;
	AF74 : 74;
	AF75 : 75;
	AF76 : 76;
	AF77 : 77;
	AF78 : 78;
	AF79 : 79;
	AF7A : 7A;
	AF7B : 7B;
	AF7C : 7C;
	AF7D : 7D;
	AF7E : 7E;
	AF7F : 7F;
	AF80 : AF;
	AF81 : AF;
	AF82 : AF;
	AF83 : AF;
	AF84 : AF;
	AF85 : AF;
	AF86 : AF;
	AF87 : AF;
	AF88 : B0;
	AF89 : B0;
	AF8A : B0;
	AF8B : B0;
	AF8C : B0;
	AF8D : B0;
	AF8E : B0;
	AF8F : B0;
	AF90 : B0;
	AF91 : B0;
	AF92 : B0;
	AF93 : B0;
	AF94 : B0;
	AF95 : B0;
	AF96 : B0;
	AF97 : B0;
	AF98 : B0;
	AF99 : B1;
	AF9A : B1;
	AF9B : B1;
	AF9C : B1;
	AF9D : B1;
	AF9E : B1;
	AF9F : B1;
	AFA0 : B2;
	AFA1 : B2;
	AFA2 : B2;
	AFA3 : B2;
	AFA4 : B2;
	AFA5 : B3;
	AFA6 : B3;
	AFA7 : B3;
	AFA8 : B4;
	AFA9 : B4;
	AFAA : B4;
	AFAB : B5;
	AFAC : B6;
	AFAD : B6;
	AFAE : B6;
	AFAF : B7;
	AFB0 : B8;
	AFB1 : B8;
	AFB2 : B9;
	AFB3 : B9;
	AFB4 : BA;
	AFB5 : BA;
	AFB6 : BB;
	AFB7 : BB;
	AFB8 : BC;
	AFB9 : BD;
	AFBA : BE;
	AFBB : BF;
	AFBC : C0;
	AFBD : C0;
	AFBE : C1;
	AFBF : C1;
	AFC0 : C2;
	AFC1 : C3;
	AFC2 : C4;
	AFC3 : C5;
	AFC4 : C6;
	AFC5 : C7;
	AFC6 : C8;
	AFC7 : C8;
	AFC8 : C9;
	AFC9 : CA;
	AFCA : CB;
	AFCB : CC;
	AFCC : CD;
	AFCD : CE;
	AFCE : CF;
	AFCF : D0;
	AFD0 : D0;
	AFD1 : D1;
	AFD2 : D2;
	AFD3 : D3;
	AFD4 : D4;
	AFD5 : D5;
	AFD6 : D6;
	AFD7 : D7;
	AFD8 : D8;
	AFD9 : D9;
	AFDA : DA;
	AFDB : DB;
	AFDC : DC;
	AFDD : DD;
	AFDE : DE;
	AFDF : DF;
	AFE0 : E0;
	AFE1 : E1;
	AFE2 : E2;
	AFE3 : E3;
	AFE4 : E4;
	AFE5 : E5;
	AFE6 : E6;
	AFE7 : E7;
	AFE8 : E8;
	AFE9 : E9;
	AFEA : EA;
	AFEB : EB;
	AFEC : EC;
	AFED : ED;
	AFEE : EE;
	AFEF : EF;
	AFF0 : F0;
	AFF1 : F1;
	AFF2 : F2;
	AFF3 : F3;
	AFF4 : F4;
	AFF5 : F5;
	AFF6 : F6;
	AFF7 : F7;
	AFF8 : F8;
	AFF9 : F9;
	AFFA : FA;
	AFFB : FB;
	AFFC : FC;
	AFFD : FD;
	AFFE : FE;
	AFFF : 7F;
	B000 : B0;
	B001 : B0;
	B002 : B0;
	B003 : B0;
	B004 : B0;
	B005 : B0;
	B006 : B0;
	B007 : B0;
	B008 : B0;
	B009 : AF;
	B00A : AF;
	B00B : AF;
	B00C : AF;
	B00D : AF;
	B00E : AF;
	B00F : AF;
	B010 : AF;
	B011 : AF;
	B012 : AF;
	B013 : AF;
	B014 : AE;
	B015 : AE;
	B016 : AE;
	B017 : AE;
	B018 : AE;
	B019 : AE;
	B01A : AE;
	B01B : AD;
	B01C : AD;
	B01D : AD;
	B01E : AC;
	B01F : AC;
	B020 : AC;
	B021 : AC;
	B022 : AB;
	B023 : AA;
	B024 : AA;
	B025 : AA;
	B026 : A9;
	B027 : A8;
	B028 : A8;
	B029 : A6;
	B02A : A4;
	B02B : A2;
	B02C : A0;
	B02D : 9C;
	B02E : 98;
	B02F : 90;
	B030 : 00;
	B031 : 18;
	B032 : 20;
	B033 : 24;
	B034 : 28;
	B035 : 2A;
	B036 : 2C;
	B037 : 2E;
	B038 : 30;
	B039 : 32;
	B03A : 34;
	B03B : 36;
	B03C : 38;
	B03D : 39;
	B03E : 3A;
	B03F : 3B;
	B040 : 3C;
	B041 : 3E;
	B042 : 40;
	B043 : 41;
	B044 : 42;
	B045 : 43;
	B046 : 44;
	B047 : 45;
	B048 : 46;
	B049 : 48;
	B04A : 49;
	B04B : 4A;
	B04C : 4B;
	B04D : 4C;
	B04E : 4D;
	B04F : 4E;
	B050 : 4F;
	B051 : 50;
	B052 : 52;
	B053 : 52;
	B054 : 54;
	B055 : 54;
	B056 : 56;
	B057 : 56;
	B058 : 58;
	B059 : 59;
	B05A : 5A;
	B05B : 5B;
	B05C : 5C;
	B05D : 5D;
	B05E : 5E;
	B05F : 5F;
	B060 : 60;
	B061 : 61;
	B062 : 62;
	B063 : 63;
	B064 : 64;
	B065 : 65;
	B066 : 66;
	B067 : 67;
	B068 : 68;
	B069 : 69;
	B06A : 6A;
	B06B : 6B;
	B06C : 6C;
	B06D : 6D;
	B06E : 6E;
	B06F : 6F;
	B070 : 70;
	B071 : 71;
	B072 : 72;
	B073 : 73;
	B074 : 74;
	B075 : 75;
	B076 : 76;
	B077 : 77;
	B078 : 78;
	B079 : 79;
	B07A : 7A;
	B07B : 7B;
	B07C : 7C;
	B07D : 7D;
	B07E : 7E;
	B07F : 7F;
	B080 : B0;
	B081 : B0;
	B082 : B0;
	B083 : B0;
	B084 : B0;
	B085 : B0;
	B086 : B0;
	B087 : B0;
	B088 : B0;
	B089 : B0;
	B08A : B0;
	B08B : B0;
	B08C : B0;
	B08D : B0;
	B08E : B0;
	B08F : B0;
	B090 : B0;
	B091 : B1;
	B092 : B1;
	B093 : B1;
	B094 : B1;
	B095 : B1;
	B096 : B1;
	B097 : B1;
	B098 : B1;
	B099 : B1;
	B09A : B1;
	B09B : B1;
	B09C : B2;
	B09D : B2;
	B09E : B2;
	B09F : B2;
	B0A0 : B2;
	B0A1 : B2;
	B0A2 : B2;
	B0A3 : B3;
	B0A4 : B3;
	B0A5 : B3;
	B0A6 : B4;
	B0A7 : B4;
	B0A8 : B4;
	B0A9 : B4;
	B0AA : B5;
	B0AB : B6;
	B0AC : B6;
	B0AD : B6;
	B0AE : B7;
	B0AF : B8;
	B0B0 : B8;
	B0B1 : B8;
	B0B2 : B9;
	B0B3 : BA;
	B0B4 : BA;
	B0B5 : BA;
	B0B6 : BB;
	B0B7 : BC;
	B0B8 : BC;
	B0B9 : BD;
	B0BA : BE;
	B0BB : BF;
	B0BC : C0;
	B0BD : C0;
	B0BE : C1;
	B0BF : C2;
	B0C0 : C2;
	B0C1 : C3;
	B0C2 : C4;
	B0C3 : C5;
	B0C4 : C6;
	B0C5 : C7;
	B0C6 : C8;
	B0C7 : C8;
	B0C8 : C9;
	B0C9 : CA;
	B0CA : CB;
	B0CB : CC;
	B0CC : CD;
	B0CD : CE;
	B0CE : CF;
	B0CF : D0;
	B0D0 : D0;
	B0D1 : D2;
	B0D2 : D2;
	B0D3 : D4;
	B0D4 : D4;
	B0D5 : D6;
	B0D6 : D6;
	B0D7 : D8;
	B0D8 : D8;
	B0D9 : D9;
	B0DA : DA;
	B0DB : DB;
	B0DC : DC;
	B0DD : DD;
	B0DE : DE;
	B0DF : DF;
	B0E0 : E0;
	B0E1 : E1;
	B0E2 : E2;
	B0E3 : E3;
	B0E4 : E4;
	B0E5 : E5;
	B0E6 : E6;
	B0E7 : E7;
	B0E8 : E8;
	B0E9 : E9;
	B0EA : EA;
	B0EB : EB;
	B0EC : EC;
	B0ED : ED;
	B0EE : EE;
	B0EF : EF;
	B0F0 : F0;
	B0F1 : F1;
	B0F2 : F2;
	B0F3 : F3;
	B0F4 : F4;
	B0F5 : F5;
	B0F6 : F6;
	B0F7 : F7;
	B0F8 : F8;
	B0F9 : F9;
	B0FA : FA;
	B0FB : FB;
	B0FC : FC;
	B0FD : FD;
	B0FE : FE;
	B0FF : 7F;
	B100 : B1;
	B101 : B1;
	B102 : B1;
	B103 : B1;
	B104 : B1;
	B105 : B1;
	B106 : B1;
	B107 : B1;
	B108 : B1;
	B109 : B1;
	B10A : B1;
	B10B : B1;
	B10C : B1;
	B10D : B1;
	B10E : B1;
	B10F : B1;
	B110 : B0;
	B111 : B0;
	B112 : B0;
	B113 : B0;
	B114 : B0;
	B115 : B0;
	B116 : B0;
	B117 : B0;
	B118 : B0;
	B119 : B0;
	B11A : B0;
	B11B : AF;
	B11C : AF;
	B11D : AF;
	B11E : AE;
	B11F : AE;
	B120 : AE;
	B121 : AE;
	B122 : AD;
	B123 : AC;
	B124 : AC;
	B125 : AC;
	B126 : AB;
	B127 : AA;
	B128 : AA;
	B129 : A9;
	B12A : A8;
	B12B : A6;
	B12C : A4;
	B12D : A2;
	B12E : A0;
	B12F : 9C;
	B130 : 98;
	B131 : 00;
	B132 : 18;
	B133 : 20;
	B134 : 24;
	B135 : 28;
	B136 : 2A;
	B137 : 2C;
	B138 : 2E;
	B139 : 31;
	B13A : 33;
	B13B : 35;
	B13C : 37;
	B13D : 38;
	B13E : 3A;
	B13F : 3A;
	B140 : 3C;
	B141 : 3E;
	B142 : 40;
	B143 : 41;
	B144 : 42;
	B145 : 43;
	B146 : 44;
	B147 : 45;
	B148 : 46;
	B149 : 48;
	B14A : 49;
	B14B : 4A;
	B14C : 4B;
	B14D : 4C;
	B14E : 4D;
	B14F : 4E;
	B150 : 4F;
	B151 : 50;
	B152 : 51;
	B153 : 52;
	B154 : 53;
	B155 : 54;
	B156 : 55;
	B157 : 56;
	B158 : 57;
	B159 : 59;
	B15A : 5A;
	B15B : 5B;
	B15C : 5C;
	B15D : 5D;
	B15E : 5E;
	B15F : 5F;
	B160 : 60;
	B161 : 61;
	B162 : 62;
	B163 : 63;
	B164 : 64;
	B165 : 65;
	B166 : 66;
	B167 : 67;
	B168 : 68;
	B169 : 69;
	B16A : 6A;
	B16B : 6B;
	B16C : 6C;
	B16D : 6D;
	B16E : 6E;
	B16F : 6F;
	B170 : 70;
	B171 : 71;
	B172 : 72;
	B173 : 73;
	B174 : 74;
	B175 : 75;
	B176 : 76;
	B177 : 77;
	B178 : 78;
	B179 : 79;
	B17A : 7A;
	B17B : 7B;
	B17C : 7C;
	B17D : 7D;
	B17E : 7E;
	B17F : 7F;
	B180 : B1;
	B181 : B1;
	B182 : B1;
	B183 : B1;
	B184 : B1;
	B185 : B1;
	B186 : B1;
	B187 : B1;
	B188 : B1;
	B189 : B1;
	B18A : B1;
	B18B : B1;
	B18C : B1;
	B18D : B1;
	B18E : B1;
	B18F : B1;
	B190 : B2;
	B191 : B2;
	B192 : B2;
	B193 : B2;
	B194 : B2;
	B195 : B2;
	B196 : B2;
	B197 : B2;
	B198 : B2;
	B199 : B2;
	B19A : B2;
	B19B : B2;
	B19C : B2;
	B19D : B3;
	B19E : B3;
	B19F : B3;
	B1A0 : B3;
	B1A1 : B3;
	B1A2 : B4;
	B1A3 : B4;
	B1A4 : B4;
	B1A5 : B4;
	B1A6 : B4;
	B1A7 : B5;
	B1A8 : B5;
	B1A9 : B6;
	B1AA : B6;
	B1AB : B6;
	B1AC : B7;
	B1AD : B8;
	B1AE : B8;
	B1AF : B8;
	B1B0 : B8;
	B1B1 : B9;
	B1B2 : BA;
	B1B3 : BA;
	B1B4 : BA;
	B1B5 : BB;
	B1B6 : BC;
	B1B7 : BC;
	B1B8 : BC;
	B1B9 : BE;
	B1BA : BE;
	B1BB : C0;
	B1BC : C0;
	B1BD : C1;
	B1BE : C1;
	B1BF : C2;
	B1C0 : C2;
	B1C1 : C3;
	B1C2 : C4;
	B1C3 : C5;
	B1C4 : C6;
	B1C5 : C7;
	B1C6 : C8;
	B1C7 : C9;
	B1C8 : C9;
	B1C9 : CA;
	B1CA : CB;
	B1CB : CC;
	B1CC : CD;
	B1CD : CE;
	B1CE : CF;
	B1CF : D0;
	B1D0 : D1;
	B1D1 : D2;
	B1D2 : D3;
	B1D3 : D4;
	B1D4 : D5;
	B1D5 : D6;
	B1D6 : D7;
	B1D7 : D8;
	B1D8 : D8;
	B1D9 : D9;
	B1DA : DA;
	B1DB : DB;
	B1DC : DC;
	B1DD : DD;
	B1DE : DE;
	B1DF : DF;
	B1E0 : E0;
	B1E1 : E1;
	B1E2 : E2;
	B1E3 : E3;
	B1E4 : E4;
	B1E5 : E5;
	B1E6 : E6;
	B1E7 : E7;
	B1E8 : E8;
	B1E9 : E9;
	B1EA : EA;
	B1EB : EB;
	B1EC : EC;
	B1ED : ED;
	B1EE : EE;
	B1EF : EF;
	B1F0 : F0;
	B1F1 : F1;
	B1F2 : F2;
	B1F3 : F3;
	B1F4 : F4;
	B1F5 : F5;
	B1F6 : F6;
	B1F7 : F7;
	B1F8 : F8;
	B1F9 : F9;
	B1FA : FA;
	B1FB : FB;
	B1FC : FC;
	B1FD : FD;
	B1FE : FE;
	B1FF : 7F;
	B200 : B2;
	B201 : B2;
	B202 : B2;
	B203 : B2;
	B204 : B2;
	B205 : B2;
	B206 : B2;
	B207 : B2;
	B208 : B2;
	B209 : B2;
	B20A : B2;
	B20B : B2;
	B20C : B2;
	B20D : B2;
	B20E : B2;
	B20F : B2;
	B210 : B2;
	B211 : B1;
	B212 : B1;
	B213 : B1;
	B214 : B1;
	B215 : B1;
	B216 : B1;
	B217 : B1;
	B218 : B1;
	B219 : B1;
	B21A : B1;
	B21B : B1;
	B21C : B0;
	B21D : B0;
	B21E : B0;
	B21F : B0;
	B220 : B0;
	B221 : B0;
	B222 : AF;
	B223 : AE;
	B224 : AE;
	B225 : AE;
	B226 : AD;
	B227 : AC;
	B228 : AC;
	B229 : AB;
	B22A : AA;
	B22B : A9;
	B22C : A8;
	B22D : A6;
	B22E : A4;
	B22F : A2;
	B230 : A0;
	B231 : 98;
	B232 : 00;
	B233 : 18;
	B234 : 20;
	B235 : 24;
	B236 : 28;
	B237 : 2A;
	B238 : 2C;
	B239 : 30;
	B23A : 32;
	B23B : 34;
	B23C : 36;
	B23D : 38;
	B23E : 39;
	B23F : 3A;
	B240 : 3B;
	B241 : 3D;
	B242 : 3F;
	B243 : 40;
	B244 : 42;
	B245 : 42;
	B246 : 44;
	B247 : 44;
	B248 : 46;
	B249 : 48;
	B24A : 49;
	B24B : 4A;
	B24C : 4B;
	B24D : 4C;
	B24E : 4D;
	B24F : 4E;
	B250 : 4F;
	B251 : 50;
	B252 : 51;
	B253 : 52;
	B254 : 53;
	B255 : 54;
	B256 : 55;
	B257 : 56;
	B258 : 57;
	B259 : 59;
	B25A : 5A;
	B25B : 5B;
	B25C : 5C;
	B25D : 5D;
	B25E : 5E;
	B25F : 5F;
	B260 : 60;
	B261 : 61;
	B262 : 62;
	B263 : 63;
	B264 : 64;
	B265 : 65;
	B266 : 66;
	B267 : 67;
	B268 : 68;
	B269 : 69;
	B26A : 6A;
	B26B : 6B;
	B26C : 6C;
	B26D : 6D;
	B26E : 6E;
	B26F : 6F;
	B270 : 70;
	B271 : 71;
	B272 : 72;
	B273 : 73;
	B274 : 74;
	B275 : 75;
	B276 : 76;
	B277 : 77;
	B278 : 78;
	B279 : 79;
	B27A : 7A;
	B27B : 7B;
	B27C : 7C;
	B27D : 7D;
	B27E : 7E;
	B27F : 7F;
	B280 : B2;
	B281 : B2;
	B282 : B2;
	B283 : B2;
	B284 : B2;
	B285 : B2;
	B286 : B2;
	B287 : B2;
	B288 : B2;
	B289 : B2;
	B28A : B2;
	B28B : B2;
	B28C : B2;
	B28D : B2;
	B28E : B2;
	B28F : B2;
	B290 : B2;
	B291 : B3;
	B292 : B3;
	B293 : B3;
	B294 : B3;
	B295 : B3;
	B296 : B3;
	B297 : B3;
	B298 : B3;
	B299 : B3;
	B29A : B3;
	B29B : B3;
	B29C : B4;
	B29D : B4;
	B29E : B4;
	B29F : B4;
	B2A0 : B4;
	B2A1 : B4;
	B2A2 : B4;
	B2A3 : B5;
	B2A4 : B5;
	B2A5 : B5;
	B2A6 : B6;
	B2A7 : B6;
	B2A8 : B6;
	B2A9 : B6;
	B2AA : B7;
	B2AB : B8;
	B2AC : B8;
	B2AD : B8;
	B2AE : B8;
	B2AF : B9;
	B2B0 : B9;
	B2B1 : BA;
	B2B2 : BA;
	B2B3 : BA;
	B2B4 : BB;
	B2B5 : BC;
	B2B6 : BC;
	B2B7 : BC;
	B2B8 : BD;
	B2B9 : BE;
	B2BA : BF;
	B2BB : C0;
	B2BC : C0;
	B2BD : C1;
	B2BE : C2;
	B2BF : C2;
	B2C0 : C2;
	B2C1 : C4;
	B2C2 : C4;
	B2C3 : C6;
	B2C4 : C6;
	B2C5 : C8;
	B2C6 : C8;
	B2C7 : C9;
	B2C8 : C9;
	B2C9 : CA;
	B2CA : CB;
	B2CB : CC;
	B2CC : CD;
	B2CD : CE;
	B2CE : CF;
	B2CF : D0;
	B2D0 : D1;
	B2D1 : D2;
	B2D2 : D3;
	B2D3 : D4;
	B2D4 : D5;
	B2D5 : D6;
	B2D6 : D7;
	B2D7 : D8;
	B2D8 : D8;
	B2D9 : D9;
	B2DA : DA;
	B2DB : DB;
	B2DC : DC;
	B2DD : DD;
	B2DE : DE;
	B2DF : DF;
	B2E0 : E0;
	B2E1 : E1;
	B2E2 : E2;
	B2E3 : E3;
	B2E4 : E4;
	B2E5 : E5;
	B2E6 : E6;
	B2E7 : E7;
	B2E8 : E8;
	B2E9 : E9;
	B2EA : EA;
	B2EB : EB;
	B2EC : EC;
	B2ED : ED;
	B2EE : EE;
	B2EF : EF;
	B2F0 : F0;
	B2F1 : F1;
	B2F2 : F2;
	B2F3 : F3;
	B2F4 : F4;
	B2F5 : F5;
	B2F6 : F6;
	B2F7 : F7;
	B2F8 : F8;
	B2F9 : F9;
	B2FA : FA;
	B2FB : FB;
	B2FC : FC;
	B2FD : FD;
	B2FE : FE;
	B2FF : 7F;
	B300 : B3;
	B301 : B3;
	B302 : B3;
	B303 : B3;
	B304 : B3;
	B305 : B3;
	B306 : B3;
	B307 : B3;
	B308 : B3;
	B309 : B3;
	B30A : B3;
	B30B : B3;
	B30C : B3;
	B30D : B3;
	B30E : B3;
	B30F : B3;
	B310 : B2;
	B311 : B2;
	B312 : B2;
	B313 : B2;
	B314 : B2;
	B315 : B2;
	B316 : B2;
	B317 : B2;
	B318 : B2;
	B319 : B2;
	B31A : B2;
	B31B : B2;
	B31C : B2;
	B31D : B1;
	B31E : B1;
	B31F : B1;
	B320 : B1;
	B321 : B1;
	B322 : B0;
	B323 : B0;
	B324 : B0;
	B325 : B0;
	B326 : AF;
	B327 : AE;
	B328 : AE;
	B329 : AD;
	B32A : AC;
	B32B : AB;
	B32C : AA;
	B32D : A9;
	B32E : A8;
	B32F : A6;
	B330 : A4;
	B331 : A0;
	B332 : 98;
	B333 : 00;
	B334 : 18;
	B335 : 20;
	B336 : 24;
	B337 : 28;
	B338 : 2A;
	B339 : 2E;
	B33A : 31;
	B33B : 33;
	B33C : 35;
	B33D : 37;
	B33E : 38;
	B33F : 3A;
	B340 : 3A;
	B341 : 3C;
	B342 : 3E;
	B343 : 40;
	B344 : 41;
	B345 : 42;
	B346 : 43;
	B347 : 44;
	B348 : 45;
	B349 : 47;
	B34A : 49;
	B34B : 4A;
	B34C : 4B;
	B34D : 4C;
	B34E : 4D;
	B34F : 4E;
	B350 : 4F;
	B351 : 50;
	B352 : 51;
	B353 : 52;
	B354 : 53;
	B355 : 54;
	B356 : 55;
	B357 : 56;
	B358 : 57;
	B359 : 59;
	B35A : 5A;
	B35B : 5B;
	B35C : 5C;
	B35D : 5D;
	B35E : 5E;
	B35F : 5F;
	B360 : 60;
	B361 : 61;
	B362 : 62;
	B363 : 63;
	B364 : 64;
	B365 : 65;
	B366 : 66;
	B367 : 67;
	B368 : 68;
	B369 : 69;
	B36A : 6A;
	B36B : 6B;
	B36C : 6C;
	B36D : 6D;
	B36E : 6E;
	B36F : 6F;
	B370 : 70;
	B371 : 71;
	B372 : 72;
	B373 : 73;
	B374 : 74;
	B375 : 75;
	B376 : 76;
	B377 : 77;
	B378 : 78;
	B379 : 79;
	B37A : 7A;
	B37B : 7B;
	B37C : 7C;
	B37D : 7D;
	B37E : 7E;
	B37F : 7F;
	B380 : B3;
	B381 : B3;
	B382 : B3;
	B383 : B3;
	B384 : B3;
	B385 : B3;
	B386 : B3;
	B387 : B3;
	B388 : B3;
	B389 : B3;
	B38A : B3;
	B38B : B3;
	B38C : B3;
	B38D : B3;
	B38E : B3;
	B38F : B3;
	B390 : B4;
	B391 : B4;
	B392 : B4;
	B393 : B4;
	B394 : B4;
	B395 : B4;
	B396 : B4;
	B397 : B4;
	B398 : B4;
	B399 : B4;
	B39A : B4;
	B39B : B4;
	B39C : B4;
	B39D : B5;
	B39E : B5;
	B39F : B5;
	B3A0 : B5;
	B3A1 : B5;
	B3A2 : B6;
	B3A3 : B6;
	B3A4 : B6;
	B3A5 : B6;
	B3A6 : B6;
	B3A7 : B7;
	B3A8 : B7;
	B3A9 : B8;
	B3AA : B8;
	B3AB : B8;
	B3AC : B8;
	B3AD : B9;
	B3AE : B9;
	B3AF : B9;
	B3B0 : BA;
	B3B1 : BA;
	B3B2 : BA;
	B3B3 : BB;
	B3B4 : BC;
	B3B5 : BC;
	B3B6 : BC;
	B3B7 : BD;
	B3B8 : BE;
	B3B9 : BE;
	B3BA : C0;
	B3BB : C0;
	B3BC : C1;
	B3BD : C1;
	B3BE : C2;
	B3BF : C2;
	B3C0 : C3;
	B3C1 : C4;
	B3C2 : C5;
	B3C3 : C6;
	B3C4 : C7;
	B3C5 : C8;
	B3C6 : C8;
	B3C7 : C9;
	B3C8 : C9;
	B3C9 : CA;
	B3CA : CB;
	B3CB : CC;
	B3CC : CD;
	B3CD : CE;
	B3CE : CF;
	B3CF : D0;
	B3D0 : D1;
	B3D1 : D2;
	B3D2 : D3;
	B3D3 : D4;
	B3D4 : D5;
	B3D5 : D6;
	B3D6 : D7;
	B3D7 : D8;
	B3D8 : D8;
	B3D9 : D9;
	B3DA : DA;
	B3DB : DB;
	B3DC : DC;
	B3DD : DD;
	B3DE : DE;
	B3DF : DF;
	B3E0 : E0;
	B3E1 : E1;
	B3E2 : E2;
	B3E3 : E3;
	B3E4 : E4;
	B3E5 : E5;
	B3E6 : E6;
	B3E7 : E7;
	B3E8 : E8;
	B3E9 : E9;
	B3EA : EA;
	B3EB : EB;
	B3EC : EC;
	B3ED : ED;
	B3EE : EE;
	B3EF : EF;
	B3F0 : F0;
	B3F1 : F1;
	B3F2 : F2;
	B3F3 : F3;
	B3F4 : F4;
	B3F5 : F5;
	B3F6 : F6;
	B3F7 : F7;
	B3F8 : F8;
	B3F9 : F9;
	B3FA : FA;
	B3FB : FB;
	B3FC : FC;
	B3FD : FD;
	B3FE : FE;
	B3FF : 7F;
	B400 : B4;
	B401 : B4;
	B402 : B4;
	B403 : B4;
	B404 : B4;
	B405 : B4;
	B406 : B4;
	B407 : B4;
	B408 : B4;
	B409 : B4;
	B40A : B4;
	B40B : B4;
	B40C : B4;
	B40D : B4;
	B40E : B4;
	B40F : B4;
	B410 : B4;
	B411 : B3;
	B412 : B3;
	B413 : B3;
	B414 : B3;
	B415 : B3;
	B416 : B3;
	B417 : B3;
	B418 : B3;
	B419 : B3;
	B41A : B3;
	B41B : B3;
	B41C : B2;
	B41D : B2;
	B41E : B2;
	B41F : B2;
	B420 : B2;
	B421 : B2;
	B422 : B2;
	B423 : B1;
	B424 : B1;
	B425 : B1;
	B426 : B0;
	B427 : B0;
	B428 : B0;
	B429 : AF;
	B42A : AE;
	B42B : AD;
	B42C : AC;
	B42D : AB;
	B42E : AA;
	B42F : A9;
	B430 : A8;
	B431 : A4;
	B432 : A0;
	B433 : 98;
	B434 : 00;
	B435 : 18;
	B436 : 20;
	B437 : 24;
	B438 : 28;
	B439 : 2C;
	B43A : 30;
	B43B : 32;
	B43C : 34;
	B43D : 36;
	B43E : 38;
	B43F : 39;
	B440 : 3A;
	B441 : 3C;
	B442 : 3E;
	B443 : 40;
	B444 : 41;
	B445 : 42;
	B446 : 43;
	B447 : 44;
	B448 : 45;
	B449 : 47;
	B44A : 48;
	B44B : 4A;
	B44C : 4A;
	B44D : 4C;
	B44E : 4C;
	B44F : 4E;
	B450 : 4E;
	B451 : 50;
	B452 : 51;
	B453 : 52;
	B454 : 53;
	B455 : 54;
	B456 : 55;
	B457 : 56;
	B458 : 57;
	B459 : 59;
	B45A : 5A;
	B45B : 5B;
	B45C : 5C;
	B45D : 5D;
	B45E : 5E;
	B45F : 5F;
	B460 : 60;
	B461 : 61;
	B462 : 62;
	B463 : 63;
	B464 : 64;
	B465 : 65;
	B466 : 66;
	B467 : 67;
	B468 : 68;
	B469 : 69;
	B46A : 6A;
	B46B : 6B;
	B46C : 6C;
	B46D : 6D;
	B46E : 6E;
	B46F : 6F;
	B470 : 70;
	B471 : 71;
	B472 : 72;
	B473 : 73;
	B474 : 74;
	B475 : 75;
	B476 : 76;
	B477 : 77;
	B478 : 78;
	B479 : 79;
	B47A : 7A;
	B47B : 7B;
	B47C : 7C;
	B47D : 7D;
	B47E : 7E;
	B47F : 7F;
	B480 : B4;
	B481 : B4;
	B482 : B4;
	B483 : B4;
	B484 : B4;
	B485 : B4;
	B486 : B4;
	B487 : B4;
	B488 : B4;
	B489 : B4;
	B48A : B4;
	B48B : B4;
	B48C : B4;
	B48D : B4;
	B48E : B4;
	B48F : B4;
	B490 : B4;
	B491 : B5;
	B492 : B5;
	B493 : B5;
	B494 : B5;
	B495 : B5;
	B496 : B5;
	B497 : B5;
	B498 : B5;
	B499 : B5;
	B49A : B5;
	B49B : B5;
	B49C : B6;
	B49D : B6;
	B49E : B6;
	B49F : B6;
	B4A0 : B6;
	B4A1 : B6;
	B4A2 : B6;
	B4A3 : B7;
	B4A4 : B7;
	B4A5 : B7;
	B4A6 : B8;
	B4A7 : B8;
	B4A8 : B8;
	B4A9 : B8;
	B4AA : B8;
	B4AB : B9;
	B4AC : B9;
	B4AD : B9;
	B4AE : BA;
	B4AF : BA;
	B4B0 : BA;
	B4B1 : BA;
	B4B2 : BB;
	B4B3 : BC;
	B4B4 : BC;
	B4B5 : BC;
	B4B6 : BD;
	B4B7 : BE;
	B4B8 : BE;
	B4B9 : BF;
	B4BA : C0;
	B4BB : C0;
	B4BC : C1;
	B4BD : C2;
	B4BE : C2;
	B4BF : C2;
	B4C0 : C3;
	B4C1 : C4;
	B4C2 : C5;
	B4C3 : C6;
	B4C4 : C7;
	B4C5 : C8;
	B4C6 : C8;
	B4C7 : C9;
	B4C8 : CA;
	B4C9 : CA;
	B4CA : CC;
	B4CB : CC;
	B4CC : CE;
	B4CD : CE;
	B4CE : D0;
	B4CF : D0;
	B4D0 : D1;
	B4D1 : D2;
	B4D2 : D3;
	B4D3 : D4;
	B4D4 : D5;
	B4D5 : D6;
	B4D6 : D7;
	B4D7 : D8;
	B4D8 : D8;
	B4D9 : D9;
	B4DA : DA;
	B4DB : DB;
	B4DC : DC;
	B4DD : DD;
	B4DE : DE;
	B4DF : DF;
	B4E0 : E0;
	B4E1 : E1;
	B4E2 : E2;
	B4E3 : E3;
	B4E4 : E4;
	B4E5 : E5;
	B4E6 : E6;
	B4E7 : E7;
	B4E8 : E8;
	B4E9 : E9;
	B4EA : EA;
	B4EB : EB;
	B4EC : EC;
	B4ED : ED;
	B4EE : EE;
	B4EF : EF;
	B4F0 : F0;
	B4F1 : F1;
	B4F2 : F2;
	B4F3 : F3;
	B4F4 : F4;
	B4F5 : F5;
	B4F6 : F6;
	B4F7 : F7;
	B4F8 : F8;
	B4F9 : F9;
	B4FA : FA;
	B4FB : FB;
	B4FC : FC;
	B4FD : FD;
	B4FE : FE;
	B4FF : 7F;
	B500 : B5;
	B501 : B5;
	B502 : B5;
	B503 : B5;
	B504 : B5;
	B505 : B5;
	B506 : B5;
	B507 : B5;
	B508 : B5;
	B509 : B5;
	B50A : B5;
	B50B : B5;
	B50C : B5;
	B50D : B5;
	B50E : B5;
	B50F : B5;
	B510 : B4;
	B511 : B4;
	B512 : B4;
	B513 : B4;
	B514 : B4;
	B515 : B4;
	B516 : B4;
	B517 : B4;
	B518 : B4;
	B519 : B4;
	B51A : B4;
	B51B : B4;
	B51C : B4;
	B51D : B3;
	B51E : B3;
	B51F : B3;
	B520 : B3;
	B521 : B3;
	B522 : B2;
	B523 : B2;
	B524 : B2;
	B525 : B2;
	B526 : B2;
	B527 : B1;
	B528 : B1;
	B529 : B0;
	B52A : B0;
	B52B : AF;
	B52C : AE;
	B52D : AD;
	B52E : AC;
	B52F : AB;
	B530 : AA;
	B531 : A8;
	B532 : A4;
	B533 : A0;
	B534 : 98;
	B535 : 00;
	B536 : 18;
	B537 : 20;
	B538 : 24;
	B539 : 2A;
	B53A : 2E;
	B53B : 31;
	B53C : 33;
	B53D : 35;
	B53E : 37;
	B53F : 38;
	B540 : 3A;
	B541 : 3C;
	B542 : 3E;
	B543 : 40;
	B544 : 41;
	B545 : 42;
	B546 : 43;
	B547 : 44;
	B548 : 45;
	B549 : 47;
	B54A : 48;
	B54B : 49;
	B54C : 4A;
	B54D : 4B;
	B54E : 4C;
	B54F : 4D;
	B550 : 4E;
	B551 : 50;
	B552 : 51;
	B553 : 52;
	B554 : 53;
	B555 : 54;
	B556 : 55;
	B557 : 56;
	B558 : 57;
	B559 : 59;
	B55A : 5A;
	B55B : 5B;
	B55C : 5C;
	B55D : 5D;
	B55E : 5E;
	B55F : 5F;
	B560 : 60;
	B561 : 61;
	B562 : 62;
	B563 : 63;
	B564 : 64;
	B565 : 65;
	B566 : 66;
	B567 : 67;
	B568 : 68;
	B569 : 69;
	B56A : 6A;
	B56B : 6B;
	B56C : 6C;
	B56D : 6D;
	B56E : 6E;
	B56F : 6F;
	B570 : 70;
	B571 : 71;
	B572 : 72;
	B573 : 73;
	B574 : 74;
	B575 : 75;
	B576 : 76;
	B577 : 77;
	B578 : 78;
	B579 : 79;
	B57A : 7A;
	B57B : 7B;
	B57C : 7C;
	B57D : 7D;
	B57E : 7E;
	B57F : 7F;
	B580 : B5;
	B581 : B5;
	B582 : B5;
	B583 : B5;
	B584 : B5;
	B585 : B5;
	B586 : B5;
	B587 : B5;
	B588 : B5;
	B589 : B5;
	B58A : B5;
	B58B : B5;
	B58C : B5;
	B58D : B5;
	B58E : B5;
	B58F : B5;
	B590 : B6;
	B591 : B6;
	B592 : B6;
	B593 : B6;
	B594 : B6;
	B595 : B6;
	B596 : B6;
	B597 : B6;
	B598 : B6;
	B599 : B6;
	B59A : B6;
	B59B : B6;
	B59C : B6;
	B59D : B7;
	B59E : B7;
	B59F : B7;
	B5A0 : B7;
	B5A1 : B7;
	B5A2 : B8;
	B5A3 : B8;
	B5A4 : B8;
	B5A5 : B8;
	B5A6 : B8;
	B5A7 : B8;
	B5A8 : B8;
	B5A9 : B9;
	B5AA : B9;
	B5AB : B9;
	B5AC : BA;
	B5AD : BA;
	B5AE : BA;
	B5AF : BA;
	B5B0 : BA;
	B5B1 : BB;
	B5B2 : BC;
	B5B3 : BC;
	B5B4 : BC;
	B5B5 : BD;
	B5B6 : BE;
	B5B7 : BE;
	B5B8 : BE;
	B5B9 : C0;
	B5BA : C0;
	B5BB : C1;
	B5BC : C1;
	B5BD : C2;
	B5BE : C2;
	B5BF : C3;
	B5C0 : C3;
	B5C1 : C4;
	B5C2 : C5;
	B5C3 : C6;
	B5C4 : C7;
	B5C5 : C8;
	B5C6 : C9;
	B5C7 : C9;
	B5C8 : CA;
	B5C9 : CB;
	B5CA : CC;
	B5CB : CD;
	B5CC : CE;
	B5CD : CF;
	B5CE : D0;
	B5CF : D0;
	B5D0 : D1;
	B5D1 : D2;
	B5D2 : D3;
	B5D3 : D4;
	B5D4 : D5;
	B5D5 : D6;
	B5D6 : D7;
	B5D7 : D8;
	B5D8 : D8;
	B5D9 : D9;
	B5DA : DA;
	B5DB : DB;
	B5DC : DC;
	B5DD : DD;
	B5DE : DE;
	B5DF : DF;
	B5E0 : E0;
	B5E1 : E1;
	B5E2 : E2;
	B5E3 : E3;
	B5E4 : E4;
	B5E5 : E5;
	B5E6 : E6;
	B5E7 : E7;
	B5E8 : E8;
	B5E9 : E9;
	B5EA : EA;
	B5EB : EB;
	B5EC : EC;
	B5ED : ED;
	B5EE : EE;
	B5EF : EF;
	B5F0 : F0;
	B5F1 : F1;
	B5F2 : F2;
	B5F3 : F3;
	B5F4 : F4;
	B5F5 : F5;
	B5F6 : F6;
	B5F7 : F7;
	B5F8 : F8;
	B5F9 : F9;
	B5FA : FA;
	B5FB : FB;
	B5FC : FC;
	B5FD : FD;
	B5FE : FE;
	B5FF : 7F;
	B600 : B6;
	B601 : B6;
	B602 : B6;
	B603 : B6;
	B604 : B6;
	B605 : B6;
	B606 : B6;
	B607 : B6;
	B608 : B6;
	B609 : B6;
	B60A : B6;
	B60B : B6;
	B60C : B6;
	B60D : B6;
	B60E : B6;
	B60F : B6;
	B610 : B6;
	B611 : B5;
	B612 : B5;
	B613 : B5;
	B614 : B5;
	B615 : B5;
	B616 : B5;
	B617 : B5;
	B618 : B5;
	B619 : B5;
	B61A : B5;
	B61B : B5;
	B61C : B4;
	B61D : B4;
	B61E : B4;
	B61F : B4;
	B620 : B4;
	B621 : B4;
	B622 : B4;
	B623 : B3;
	B624 : B3;
	B625 : B3;
	B626 : B2;
	B627 : B2;
	B628 : B2;
	B629 : B2;
	B62A : B1;
	B62B : B0;
	B62C : B0;
	B62D : AF;
	B62E : AE;
	B62F : AD;
	B630 : AC;
	B631 : AA;
	B632 : A8;
	B633 : A4;
	B634 : A0;
	B635 : 98;
	B636 : 00;
	B637 : 18;
	B638 : 20;
	B639 : 28;
	B63A : 2C;
	B63B : 30;
	B63C : 32;
	B63D : 34;
	B63E : 36;
	B63F : 38;
	B640 : 39;
	B641 : 3B;
	B642 : 3D;
	B643 : 3F;
	B644 : 40;
	B645 : 42;
	B646 : 42;
	B647 : 44;
	B648 : 44;
	B649 : 46;
	B64A : 48;
	B64B : 49;
	B64C : 4A;
	B64D : 4B;
	B64E : 4C;
	B64F : 4D;
	B650 : 4E;
	B651 : 50;
	B652 : 51;
	B653 : 52;
	B654 : 53;
	B655 : 54;
	B656 : 55;
	B657 : 56;
	B658 : 57;
	B659 : 59;
	B65A : 5A;
	B65B : 5B;
	B65C : 5C;
	B65D : 5D;
	B65E : 5E;
	B65F : 5F;
	B660 : 60;
	B661 : 61;
	B662 : 62;
	B663 : 63;
	B664 : 64;
	B665 : 65;
	B666 : 66;
	B667 : 67;
	B668 : 68;
	B669 : 69;
	B66A : 6A;
	B66B : 6B;
	B66C : 6C;
	B66D : 6D;
	B66E : 6E;
	B66F : 6F;
	B670 : 70;
	B671 : 71;
	B672 : 72;
	B673 : 73;
	B674 : 74;
	B675 : 75;
	B676 : 76;
	B677 : 77;
	B678 : 78;
	B679 : 79;
	B67A : 7A;
	B67B : 7B;
	B67C : 7C;
	B67D : 7D;
	B67E : 7E;
	B67F : 7F;
	B680 : B6;
	B681 : B6;
	B682 : B6;
	B683 : B6;
	B684 : B6;
	B685 : B6;
	B686 : B6;
	B687 : B6;
	B688 : B6;
	B689 : B6;
	B68A : B6;
	B68B : B6;
	B68C : B6;
	B68D : B6;
	B68E : B6;
	B68F : B6;
	B690 : B6;
	B691 : B7;
	B692 : B7;
	B693 : B7;
	B694 : B7;
	B695 : B7;
	B696 : B7;
	B697 : B7;
	B698 : B7;
	B699 : B7;
	B69A : B7;
	B69B : B7;
	B69C : B8;
	B69D : B8;
	B69E : B8;
	B69F : B8;
	B6A0 : B8;
	B6A1 : B8;
	B6A2 : B8;
	B6A3 : B8;
	B6A4 : B8;
	B6A5 : B9;
	B6A6 : B9;
	B6A7 : B9;
	B6A8 : B9;
	B6A9 : B9;
	B6AA : BA;
	B6AB : BA;
	B6AC : BA;
	B6AD : BA;
	B6AE : BA;
	B6AF : BB;
	B6B0 : BB;
	B6B1 : BC;
	B6B2 : BC;
	B6B3 : BC;
	B6B4 : BD;
	B6B5 : BE;
	B6B6 : BE;
	B6B7 : BE;
	B6B8 : BF;
	B6B9 : C0;
	B6BA : C0;
	B6BB : C1;
	B6BC : C2;
	B6BD : C2;
	B6BE : C2;
	B6BF : C3;
	B6C0 : C4;
	B6C1 : C4;
	B6C2 : C6;
	B6C3 : C6;
	B6C4 : C8;
	B6C5 : C8;
	B6C6 : C9;
	B6C7 : C9;
	B6C8 : CA;
	B6C9 : CB;
	B6CA : CC;
	B6CB : CD;
	B6CC : CE;
	B6CD : CF;
	B6CE : D0;
	B6CF : D0;
	B6D0 : D1;
	B6D1 : D2;
	B6D2 : D3;
	B6D3 : D4;
	B6D4 : D5;
	B6D5 : D6;
	B6D6 : D7;
	B6D7 : D8;
	B6D8 : D8;
	B6D9 : D9;
	B6DA : DA;
	B6DB : DB;
	B6DC : DC;
	B6DD : DD;
	B6DE : DE;
	B6DF : DF;
	B6E0 : E0;
	B6E1 : E1;
	B6E2 : E2;
	B6E3 : E3;
	B6E4 : E4;
	B6E5 : E5;
	B6E6 : E6;
	B6E7 : E7;
	B6E8 : E8;
	B6E9 : E9;
	B6EA : EA;
	B6EB : EB;
	B6EC : EC;
	B6ED : ED;
	B6EE : EE;
	B6EF : EF;
	B6F0 : F0;
	B6F1 : F1;
	B6F2 : F2;
	B6F3 : F3;
	B6F4 : F4;
	B6F5 : F5;
	B6F6 : F6;
	B6F7 : F7;
	B6F8 : F8;
	B6F9 : F9;
	B6FA : FA;
	B6FB : FB;
	B6FC : FC;
	B6FD : FD;
	B6FE : FE;
	B6FF : 7F;
	B700 : B7;
	B701 : B7;
	B702 : B7;
	B703 : B7;
	B704 : B7;
	B705 : B7;
	B706 : B7;
	B707 : B7;
	B708 : B7;
	B709 : B7;
	B70A : B7;
	B70B : B7;
	B70C : B7;
	B70D : B7;
	B70E : B7;
	B70F : B7;
	B710 : B6;
	B711 : B6;
	B712 : B6;
	B713 : B6;
	B714 : B6;
	B715 : B6;
	B716 : B6;
	B717 : B6;
	B718 : B6;
	B719 : B6;
	B71A : B6;
	B71B : B6;
	B71C : B6;
	B71D : B5;
	B71E : B5;
	B71F : B5;
	B720 : B5;
	B721 : B5;
	B722 : B4;
	B723 : B4;
	B724 : B4;
	B725 : B4;
	B726 : B4;
	B727 : B3;
	B728 : B3;
	B729 : B2;
	B72A : B2;
	B72B : B2;
	B72C : B1;
	B72D : B0;
	B72E : B0;
	B72F : AF;
	B730 : AE;
	B731 : AC;
	B732 : AA;
	B733 : A8;
	B734 : A4;
	B735 : A0;
	B736 : 98;
	B737 : 00;
	B738 : 18;
	B739 : 24;
	B73A : 2A;
	B73B : 2E;
	B73C : 31;
	B73D : 33;
	B73E : 35;
	B73F : 37;
	B740 : 38;
	B741 : 3A;
	B742 : 3C;
	B743 : 3E;
	B744 : 40;
	B745 : 41;
	B746 : 42;
	B747 : 43;
	B748 : 44;
	B749 : 46;
	B74A : 48;
	B74B : 49;
	B74C : 4A;
	B74D : 4B;
	B74E : 4C;
	B74F : 4D;
	B750 : 4E;
	B751 : 50;
	B752 : 51;
	B753 : 52;
	B754 : 53;
	B755 : 54;
	B756 : 55;
	B757 : 56;
	B758 : 57;
	B759 : 59;
	B75A : 5A;
	B75B : 5B;
	B75C : 5C;
	B75D : 5D;
	B75E : 5E;
	B75F : 5F;
	B760 : 60;
	B761 : 61;
	B762 : 62;
	B763 : 63;
	B764 : 64;
	B765 : 65;
	B766 : 66;
	B767 : 67;
	B768 : 68;
	B769 : 69;
	B76A : 6A;
	B76B : 6B;
	B76C : 6C;
	B76D : 6D;
	B76E : 6E;
	B76F : 6F;
	B770 : 70;
	B771 : 71;
	B772 : 72;
	B773 : 73;
	B774 : 74;
	B775 : 75;
	B776 : 76;
	B777 : 77;
	B778 : 78;
	B779 : 79;
	B77A : 7A;
	B77B : 7B;
	B77C : 7C;
	B77D : 7D;
	B77E : 7E;
	B77F : 7F;
	B780 : B7;
	B781 : B7;
	B782 : B7;
	B783 : B7;
	B784 : B7;
	B785 : B7;
	B786 : B7;
	B787 : B7;
	B788 : B7;
	B789 : B7;
	B78A : B7;
	B78B : B7;
	B78C : B7;
	B78D : B7;
	B78E : B7;
	B78F : B7;
	B790 : B8;
	B791 : B8;
	B792 : B8;
	B793 : B8;
	B794 : B8;
	B795 : B8;
	B796 : B8;
	B797 : B8;
	B798 : B8;
	B799 : B8;
	B79A : B8;
	B79B : B8;
	B79C : B8;
	B79D : B8;
	B79E : B8;
	B79F : B8;
	B7A0 : B8;
	B7A1 : B9;
	B7A2 : B9;
	B7A3 : B9;
	B7A4 : B9;
	B7A5 : B9;
	B7A6 : B9;
	B7A7 : B9;
	B7A8 : BA;
	B7A9 : BA;
	B7AA : BA;
	B7AB : BA;
	B7AC : BA;
	B7AD : BB;
	B7AE : BB;
	B7AF : BB;
	B7B0 : BC;
	B7B1 : BC;
	B7B2 : BC;
	B7B3 : BD;
	B7B4 : BE;
	B7B5 : BE;
	B7B6 : BE;
	B7B7 : BF;
	B7B8 : C0;
	B7B9 : C0;
	B7BA : C1;
	B7BB : C1;
	B7BC : C2;
	B7BD : C2;
	B7BE : C3;
	B7BF : C3;
	B7C0 : C4;
	B7C1 : C5;
	B7C2 : C6;
	B7C3 : C7;
	B7C4 : C8;
	B7C5 : C8;
	B7C6 : C9;
	B7C7 : C9;
	B7C8 : CA;
	B7C9 : CB;
	B7CA : CC;
	B7CB : CD;
	B7CC : CE;
	B7CD : CF;
	B7CE : D0;
	B7CF : D0;
	B7D0 : D1;
	B7D1 : D2;
	B7D2 : D3;
	B7D3 : D4;
	B7D4 : D5;
	B7D5 : D6;
	B7D6 : D7;
	B7D7 : D8;
	B7D8 : D8;
	B7D9 : D9;
	B7DA : DA;
	B7DB : DB;
	B7DC : DC;
	B7DD : DD;
	B7DE : DE;
	B7DF : DF;
	B7E0 : E0;
	B7E1 : E1;
	B7E2 : E2;
	B7E3 : E3;
	B7E4 : E4;
	B7E5 : E5;
	B7E6 : E6;
	B7E7 : E7;
	B7E8 : E8;
	B7E9 : E9;
	B7EA : EA;
	B7EB : EB;
	B7EC : EC;
	B7ED : ED;
	B7EE : EE;
	B7EF : EF;
	B7F0 : F0;
	B7F1 : F1;
	B7F2 : F2;
	B7F3 : F3;
	B7F4 : F4;
	B7F5 : F5;
	B7F6 : F6;
	B7F7 : F7;
	B7F8 : F8;
	B7F9 : F9;
	B7FA : FA;
	B7FB : FB;
	B7FC : FC;
	B7FD : FD;
	B7FE : FE;
	B7FF : 7F;
	B800 : B8;
	B801 : B8;
	B802 : B8;
	B803 : B8;
	B804 : B8;
	B805 : B8;
	B806 : B8;
	B807 : B8;
	B808 : B8;
	B809 : B8;
	B80A : B8;
	B80B : B8;
	B80C : B8;
	B80D : B8;
	B80E : B8;
	B80F : B8;
	B810 : B8;
	B811 : B7;
	B812 : B7;
	B813 : B7;
	B814 : B7;
	B815 : B7;
	B816 : B7;
	B817 : B7;
	B818 : B7;
	B819 : B7;
	B81A : B7;
	B81B : B7;
	B81C : B6;
	B81D : B6;
	B81E : B6;
	B81F : B6;
	B820 : B6;
	B821 : B6;
	B822 : B6;
	B823 : B5;
	B824 : B5;
	B825 : B5;
	B826 : B4;
	B827 : B4;
	B828 : B4;
	B829 : B4;
	B82A : B3;
	B82B : B2;
	B82C : B2;
	B82D : B2;
	B82E : B1;
	B82F : B0;
	B830 : B0;
	B831 : AE;
	B832 : AC;
	B833 : AA;
	B834 : A8;
	B835 : A4;
	B836 : A0;
	B837 : 98;
	B838 : 00;
	B839 : 20;
	B83A : 28;
	B83B : 2C;
	B83C : 30;
	B83D : 32;
	B83E : 34;
	B83F : 36;
	B840 : 38;
	B841 : 3A;
	B842 : 3C;
	B843 : 3E;
	B844 : 40;
	B845 : 41;
	B846 : 42;
	B847 : 43;
	B848 : 44;
	B849 : 46;
	B84A : 48;
	B84B : 49;
	B84C : 4A;
	B84D : 4B;
	B84E : 4C;
	B84F : 4D;
	B850 : 4E;
	B851 : 50;
	B852 : 51;
	B853 : 52;
	B854 : 53;
	B855 : 54;
	B856 : 55;
	B857 : 56;
	B858 : 57;
	B859 : 58;
	B85A : 5A;
	B85B : 5A;
	B85C : 5C;
	B85D : 5C;
	B85E : 5E;
	B85F : 5E;
	B860 : 60;
	B861 : 61;
	B862 : 62;
	B863 : 63;
	B864 : 64;
	B865 : 65;
	B866 : 66;
	B867 : 67;
	B868 : 68;
	B869 : 69;
	B86A : 6A;
	B86B : 6B;
	B86C : 6C;
	B86D : 6D;
	B86E : 6E;
	B86F : 6F;
	B870 : 70;
	B871 : 71;
	B872 : 72;
	B873 : 73;
	B874 : 74;
	B875 : 75;
	B876 : 76;
	B877 : 77;
	B878 : 78;
	B879 : 79;
	B87A : 7A;
	B87B : 7B;
	B87C : 7C;
	B87D : 7D;
	B87E : 7E;
	B87F : 7F;
	B880 : B8;
	B881 : B8;
	B882 : B8;
	B883 : B8;
	B884 : B8;
	B885 : B8;
	B886 : B8;
	B887 : B8;
	B888 : B8;
	B889 : B8;
	B88A : B8;
	B88B : B8;
	B88C : B8;
	B88D : B8;
	B88E : B8;
	B88F : B8;
	B890 : B8;
	B891 : B8;
	B892 : B8;
	B893 : B8;
	B894 : B8;
	B895 : B8;
	B896 : B8;
	B897 : B8;
	B898 : B8;
	B899 : B9;
	B89A : B9;
	B89B : B9;
	B89C : B9;
	B89D : B9;
	B89E : B9;
	B89F : B9;
	B8A0 : B9;
	B8A1 : B9;
	B8A2 : B9;
	B8A3 : B9;
	B8A4 : BA;
	B8A5 : BA;
	B8A6 : BA;
	B8A7 : BA;
	B8A8 : BA;
	B8A9 : BA;
	B8AA : BA;
	B8AB : BB;
	B8AC : BB;
	B8AD : BB;
	B8AE : BC;
	B8AF : BC;
	B8B0 : BC;
	B8B1 : BC;
	B8B2 : BD;
	B8B3 : BE;
	B8B4 : BE;
	B8B5 : BE;
	B8B6 : BF;
	B8B7 : C0;
	B8B8 : C0;
	B8B9 : C0;
	B8BA : C1;
	B8BB : C2;
	B8BC : C2;
	B8BD : C2;
	B8BE : C3;
	B8BF : C4;
	B8C0 : C4;
	B8C1 : C5;
	B8C2 : C6;
	B8C3 : C7;
	B8C4 : C8;
	B8C5 : C8;
	B8C6 : C9;
	B8C7 : CA;
	B8C8 : CA;
	B8C9 : CB;
	B8CA : CC;
	B8CB : CD;
	B8CC : CE;
	B8CD : CF;
	B8CE : D0;
	B8CF : D0;
	B8D0 : D1;
	B8D1 : D2;
	B8D2 : D3;
	B8D3 : D4;
	B8D4 : D5;
	B8D5 : D6;
	B8D6 : D7;
	B8D7 : D8;
	B8D8 : D8;
	B8D9 : DA;
	B8DA : DA;
	B8DB : DC;
	B8DC : DC;
	B8DD : DE;
	B8DE : DE;
	B8DF : E0;
	B8E0 : E0;
	B8E1 : E1;
	B8E2 : E2;
	B8E3 : E3;
	B8E4 : E4;
	B8E5 : E5;
	B8E6 : E6;
	B8E7 : E7;
	B8E8 : E8;
	B8E9 : E9;
	B8EA : EA;
	B8EB : EB;
	B8EC : EC;
	B8ED : ED;
	B8EE : EE;
	B8EF : EF;
	B8F0 : F0;
	B8F1 : F1;
	B8F2 : F2;
	B8F3 : F3;
	B8F4 : F4;
	B8F5 : F5;
	B8F6 : F6;
	B8F7 : F7;
	B8F8 : F8;
	B8F9 : F9;
	B8FA : FA;
	B8FB : FB;
	B8FC : FC;
	B8FD : FD;
	B8FE : FE;
	B8FF : 7F;
	B900 : B9;
	B901 : B9;
	B902 : B9;
	B903 : B9;
	B904 : B9;
	B905 : B9;
	B906 : B9;
	B907 : B9;
	B908 : B9;
	B909 : B9;
	B90A : B9;
	B90B : B9;
	B90C : B9;
	B90D : B9;
	B90E : B9;
	B90F : B9;
	B910 : B9;
	B911 : B9;
	B912 : B9;
	B913 : B9;
	B914 : B9;
	B915 : B9;
	B916 : B9;
	B917 : B9;
	B918 : B8;
	B919 : B8;
	B91A : B8;
	B91B : B8;
	B91C : B8;
	B91D : B8;
	B91E : B8;
	B91F : B8;
	B920 : B8;
	B921 : B8;
	B922 : B8;
	B923 : B7;
	B924 : B7;
	B925 : B7;
	B926 : B6;
	B927 : B6;
	B928 : B6;
	B929 : B6;
	B92A : B5;
	B92B : B4;
	B92C : B4;
	B92D : B4;
	B92E : B3;
	B92F : B2;
	B930 : B2;
	B931 : B1;
	B932 : B0;
	B933 : AE;
	B934 : AC;
	B935 : AA;
	B936 : A8;
	B937 : A4;
	B938 : A0;
	B939 : 00;
	B93A : 20;
	B93B : 28;
	B93C : 2C;
	B93D : 30;
	B93E : 32;
	B93F : 34;
	B940 : 36;
	B941 : 39;
	B942 : 3B;
	B943 : 3D;
	B944 : 3F;
	B945 : 40;
	B946 : 42;
	B947 : 42;
	B948 : 44;
	B949 : 46;
	B94A : 48;
	B94B : 49;
	B94C : 4A;
	B94D : 4B;
	B94E : 4C;
	B94F : 4D;
	B950 : 4E;
	B951 : 50;
	B952 : 51;
	B953 : 52;
	B954 : 53;
	B955 : 54;
	B956 : 55;
	B957 : 56;
	B958 : 57;
	B959 : 58;
	B95A : 59;
	B95B : 5A;
	B95C : 5B;
	B95D : 5C;
	B95E : 5D;
	B95F : 5E;
	B960 : 5F;
	B961 : 61;
	B962 : 62;
	B963 : 63;
	B964 : 64;
	B965 : 65;
	B966 : 66;
	B967 : 67;
	B968 : 68;
	B969 : 69;
	B96A : 6A;
	B96B : 6B;
	B96C : 6C;
	B96D : 6D;
	B96E : 6E;
	B96F : 6F;
	B970 : 70;
	B971 : 71;
	B972 : 72;
	B973 : 73;
	B974 : 74;
	B975 : 75;
	B976 : 76;
	B977 : 77;
	B978 : 78;
	B979 : 79;
	B97A : 7A;
	B97B : 7B;
	B97C : 7C;
	B97D : 7D;
	B97E : 7E;
	B97F : 7F;
	B980 : B9;
	B981 : B9;
	B982 : B9;
	B983 : B9;
	B984 : B9;
	B985 : B9;
	B986 : B9;
	B987 : B9;
	B988 : B9;
	B989 : B9;
	B98A : B9;
	B98B : B9;
	B98C : B9;
	B98D : B9;
	B98E : B9;
	B98F : B9;
	B990 : B9;
	B991 : B9;
	B992 : B9;
	B993 : B9;
	B994 : B9;
	B995 : B9;
	B996 : B9;
	B997 : B9;
	B998 : BA;
	B999 : BA;
	B99A : BA;
	B99B : BA;
	B99C : BA;
	B99D : BA;
	B99E : BA;
	B99F : BA;
	B9A0 : BA;
	B9A1 : BA;
	B9A2 : BA;
	B9A3 : BA;
	B9A4 : BA;
	B9A5 : BB;
	B9A6 : BB;
	B9A7 : BB;
	B9A8 : BB;
	B9A9 : BB;
	B9AA : BC;
	B9AB : BC;
	B9AC : BC;
	B9AD : BC;
	B9AE : BC;
	B9AF : BD;
	B9B0 : BD;
	B9B1 : BE;
	B9B2 : BE;
	B9B3 : BE;
	B9B4 : BF;
	B9B5 : C0;
	B9B6 : C0;
	B9B7 : C0;
	B9B8 : C0;
	B9B9 : C1;
	B9BA : C2;
	B9BB : C2;
	B9BC : C2;
	B9BD : C3;
	B9BE : C4;
	B9BF : C4;
	B9C0 : C4;
	B9C1 : C6;
	B9C2 : C6;
	B9C3 : C8;
	B9C4 : C8;
	B9C5 : C9;
	B9C6 : C9;
	B9C7 : CA;
	B9C8 : CA;
	B9C9 : CB;
	B9CA : CC;
	B9CB : CD;
	B9CC : CE;
	B9CD : CF;
	B9CE : D0;
	B9CF : D1;
	B9D0 : D1;
	B9D1 : D2;
	B9D2 : D3;
	B9D3 : D4;
	B9D4 : D5;
	B9D5 : D6;
	B9D6 : D7;
	B9D7 : D8;
	B9D8 : D9;
	B9D9 : DA;
	B9DA : DB;
	B9DB : DC;
	B9DC : DD;
	B9DD : DE;
	B9DE : DF;
	B9DF : E0;
	B9E0 : E0;
	B9E1 : E1;
	B9E2 : E2;
	B9E3 : E3;
	B9E4 : E4;
	B9E5 : E5;
	B9E6 : E6;
	B9E7 : E7;
	B9E8 : E8;
	B9E9 : E9;
	B9EA : EA;
	B9EB : EB;
	B9EC : EC;
	B9ED : ED;
	B9EE : EE;
	B9EF : EF;
	B9F0 : F0;
	B9F1 : F1;
	B9F2 : F2;
	B9F3 : F3;
	B9F4 : F4;
	B9F5 : F5;
	B9F6 : F6;
	B9F7 : F7;
	B9F8 : F8;
	B9F9 : F9;
	B9FA : FA;
	B9FB : FB;
	B9FC : FC;
	B9FD : FD;
	B9FE : FE;
	B9FF : 7F;
	BA00 : BA;
	BA01 : BA;
	BA02 : BA;
	BA03 : BA;
	BA04 : BA;
	BA05 : BA;
	BA06 : BA;
	BA07 : BA;
	BA08 : BA;
	BA09 : BA;
	BA0A : BA;
	BA0B : BA;
	BA0C : BA;
	BA0D : BA;
	BA0E : BA;
	BA0F : BA;
	BA10 : BA;
	BA11 : BA;
	BA12 : BA;
	BA13 : BA;
	BA14 : BA;
	BA15 : BA;
	BA16 : BA;
	BA17 : BA;
	BA18 : BA;
	BA19 : B9;
	BA1A : B9;
	BA1B : B9;
	BA1C : B9;
	BA1D : B9;
	BA1E : B9;
	BA1F : B9;
	BA20 : B9;
	BA21 : B9;
	BA22 : B9;
	BA23 : B9;
	BA24 : B8;
	BA25 : B8;
	BA26 : B8;
	BA27 : B8;
	BA28 : B8;
	BA29 : B8;
	BA2A : B7;
	BA2B : B6;
	BA2C : B6;
	BA2D : B6;
	BA2E : B5;
	BA2F : B4;
	BA30 : B4;
	BA31 : B3;
	BA32 : B2;
	BA33 : B1;
	BA34 : B0;
	BA35 : AE;
	BA36 : AC;
	BA37 : AA;
	BA38 : A8;
	BA39 : A0;
	BA3A : 00;
	BA3B : 20;
	BA3C : 28;
	BA3D : 2C;
	BA3E : 30;
	BA3F : 32;
	BA40 : 34;
	BA41 : 38;
	BA42 : 3A;
	BA43 : 3C;
	BA44 : 3E;
	BA45 : 40;
	BA46 : 41;
	BA47 : 42;
	BA48 : 43;
	BA49 : 45;
	BA4A : 47;
	BA4B : 48;
	BA4C : 4A;
	BA4D : 4A;
	BA4E : 4C;
	BA4F : 4C;
	BA50 : 4E;
	BA51 : 50;
	BA52 : 51;
	BA53 : 52;
	BA54 : 53;
	BA55 : 54;
	BA56 : 55;
	BA57 : 56;
	BA58 : 57;
	BA59 : 58;
	BA5A : 59;
	BA5B : 5A;
	BA5C : 5B;
	BA5D : 5C;
	BA5E : 5D;
	BA5F : 5E;
	BA60 : 5F;
	BA61 : 61;
	BA62 : 62;
	BA63 : 63;
	BA64 : 64;
	BA65 : 65;
	BA66 : 66;
	BA67 : 67;
	BA68 : 68;
	BA69 : 69;
	BA6A : 6A;
	BA6B : 6B;
	BA6C : 6C;
	BA6D : 6D;
	BA6E : 6E;
	BA6F : 6F;
	BA70 : 70;
	BA71 : 71;
	BA72 : 72;
	BA73 : 73;
	BA74 : 74;
	BA75 : 75;
	BA76 : 76;
	BA77 : 77;
	BA78 : 78;
	BA79 : 79;
	BA7A : 7A;
	BA7B : 7B;
	BA7C : 7C;
	BA7D : 7D;
	BA7E : 7E;
	BA7F : 7F;
	BA80 : BA;
	BA81 : BA;
	BA82 : BA;
	BA83 : BA;
	BA84 : BA;
	BA85 : BA;
	BA86 : BA;
	BA87 : BA;
	BA88 : BA;
	BA89 : BA;
	BA8A : BA;
	BA8B : BA;
	BA8C : BA;
	BA8D : BA;
	BA8E : BA;
	BA8F : BA;
	BA90 : BA;
	BA91 : BA;
	BA92 : BA;
	BA93 : BA;
	BA94 : BA;
	BA95 : BA;
	BA96 : BA;
	BA97 : BA;
	BA98 : BA;
	BA99 : BB;
	BA9A : BB;
	BA9B : BB;
	BA9C : BB;
	BA9D : BB;
	BA9E : BB;
	BA9F : BB;
	BAA0 : BB;
	BAA1 : BB;
	BAA2 : BB;
	BAA3 : BB;
	BAA4 : BC;
	BAA5 : BC;
	BAA6 : BC;
	BAA7 : BC;
	BAA8 : BC;
	BAA9 : BC;
	BAAA : BC;
	BAAB : BD;
	BAAC : BD;
	BAAD : BD;
	BAAE : BE;
	BAAF : BE;
	BAB0 : BE;
	BAB1 : BE;
	BAB2 : BF;
	BAB3 : C0;
	BAB4 : C0;
	BAB5 : C0;
	BAB6 : C0;
	BAB7 : C1;
	BAB8 : C1;
	BAB9 : C2;
	BABA : C2;
	BABB : C2;
	BABC : C3;
	BABD : C4;
	BABE : C4;
	BABF : C4;
	BAC0 : C5;
	BAC1 : C6;
	BAC2 : C7;
	BAC3 : C8;
	BAC4 : C8;
	BAC5 : C9;
	BAC6 : CA;
	BAC7 : CA;
	BAC8 : CA;
	BAC9 : CC;
	BACA : CC;
	BACB : CE;
	BACC : CE;
	BACD : D0;
	BACE : D0;
	BACF : D1;
	BAD0 : D1;
	BAD1 : D2;
	BAD2 : D3;
	BAD3 : D4;
	BAD4 : D5;
	BAD5 : D6;
	BAD6 : D7;
	BAD7 : D8;
	BAD8 : D9;
	BAD9 : DA;
	BADA : DB;
	BADB : DC;
	BADC : DD;
	BADD : DE;
	BADE : DF;
	BADF : E0;
	BAE0 : E0;
	BAE1 : E1;
	BAE2 : E2;
	BAE3 : E3;
	BAE4 : E4;
	BAE5 : E5;
	BAE6 : E6;
	BAE7 : E7;
	BAE8 : E8;
	BAE9 : E9;
	BAEA : EA;
	BAEB : EB;
	BAEC : EC;
	BAED : ED;
	BAEE : EE;
	BAEF : EF;
	BAF0 : F0;
	BAF1 : F1;
	BAF2 : F2;
	BAF3 : F3;
	BAF4 : F4;
	BAF5 : F5;
	BAF6 : F6;
	BAF7 : F7;
	BAF8 : F8;
	BAF9 : F9;
	BAFA : FA;
	BAFB : FB;
	BAFC : FC;
	BAFD : FD;
	BAFE : FE;
	BAFF : 7F;
	BB00 : BB;
	BB01 : BB;
	BB02 : BB;
	BB03 : BB;
	BB04 : BB;
	BB05 : BB;
	BB06 : BB;
	BB07 : BB;
	BB08 : BB;
	BB09 : BB;
	BB0A : BB;
	BB0B : BB;
	BB0C : BB;
	BB0D : BB;
	BB0E : BB;
	BB0F : BB;
	BB10 : BB;
	BB11 : BB;
	BB12 : BB;
	BB13 : BB;
	BB14 : BB;
	BB15 : BB;
	BB16 : BB;
	BB17 : BB;
	BB18 : BA;
	BB19 : BA;
	BB1A : BA;
	BB1B : BA;
	BB1C : BA;
	BB1D : BA;
	BB1E : BA;
	BB1F : BA;
	BB20 : BA;
	BB21 : BA;
	BB22 : BA;
	BB23 : BA;
	BB24 : BA;
	BB25 : B9;
	BB26 : B9;
	BB27 : B9;
	BB28 : B9;
	BB29 : B9;
	BB2A : B8;
	BB2B : B8;
	BB2C : B8;
	BB2D : B8;
	BB2E : B7;
	BB2F : B6;
	BB30 : B6;
	BB31 : B5;
	BB32 : B4;
	BB33 : B3;
	BB34 : B2;
	BB35 : B1;
	BB36 : B0;
	BB37 : AE;
	BB38 : AC;
	BB39 : A8;
	BB3A : A0;
	BB3B : 00;
	BB3C : 20;
	BB3D : 28;
	BB3E : 2C;
	BB3F : 30;
	BB40 : 32;
	BB41 : 36;
	BB42 : 39;
	BB43 : 3B;
	BB44 : 3D;
	BB45 : 3F;
	BB46 : 40;
	BB47 : 42;
	BB48 : 42;
	BB49 : 44;
	BB4A : 46;
	BB4B : 48;
	BB4C : 49;
	BB4D : 4A;
	BB4E : 4B;
	BB4F : 4C;
	BB50 : 4D;
	BB51 : 4F;
	BB52 : 51;
	BB53 : 52;
	BB54 : 53;
	BB55 : 54;
	BB56 : 55;
	BB57 : 56;
	BB58 : 57;
	BB59 : 58;
	BB5A : 59;
	BB5B : 5A;
	BB5C : 5B;
	BB5D : 5C;
	BB5E : 5D;
	BB5F : 5E;
	BB60 : 5F;
	BB61 : 61;
	BB62 : 62;
	BB63 : 63;
	BB64 : 64;
	BB65 : 65;
	BB66 : 66;
	BB67 : 67;
	BB68 : 68;
	BB69 : 69;
	BB6A : 6A;
	BB6B : 6B;
	BB6C : 6C;
	BB6D : 6D;
	BB6E : 6E;
	BB6F : 6F;
	BB70 : 70;
	BB71 : 71;
	BB72 : 72;
	BB73 : 73;
	BB74 : 74;
	BB75 : 75;
	BB76 : 76;
	BB77 : 77;
	BB78 : 78;
	BB79 : 79;
	BB7A : 7A;
	BB7B : 7B;
	BB7C : 7C;
	BB7D : 7D;
	BB7E : 7E;
	BB7F : 7F;
	BB80 : BB;
	BB81 : BB;
	BB82 : BB;
	BB83 : BB;
	BB84 : BB;
	BB85 : BB;
	BB86 : BB;
	BB87 : BB;
	BB88 : BB;
	BB89 : BB;
	BB8A : BB;
	BB8B : BB;
	BB8C : BB;
	BB8D : BB;
	BB8E : BB;
	BB8F : BB;
	BB90 : BB;
	BB91 : BB;
	BB92 : BB;
	BB93 : BB;
	BB94 : BB;
	BB95 : BB;
	BB96 : BB;
	BB97 : BB;
	BB98 : BC;
	BB99 : BC;
	BB9A : BC;
	BB9B : BC;
	BB9C : BC;
	BB9D : BC;
	BB9E : BC;
	BB9F : BC;
	BBA0 : BC;
	BBA1 : BC;
	BBA2 : BC;
	BBA3 : BC;
	BBA4 : BC;
	BBA5 : BD;
	BBA6 : BD;
	BBA7 : BD;
	BBA8 : BD;
	BBA9 : BD;
	BBAA : BE;
	BBAB : BE;
	BBAC : BE;
	BBAD : BE;
	BBAE : BE;
	BBAF : BF;
	BBB0 : BF;
	BBB1 : C0;
	BBB2 : C0;
	BBB3 : C0;
	BBB4 : C0;
	BBB5 : C1;
	BBB6 : C1;
	BBB7 : C1;
	BBB8 : C2;
	BBB9 : C2;
	BBBA : C2;
	BBBB : C3;
	BBBC : C4;
	BBBD : C4;
	BBBE : C4;
	BBBF : C5;
	BBC0 : C6;
	BBC1 : C6;
	BBC2 : C8;
	BBC3 : C8;
	BBC4 : C9;
	BBC5 : C9;
	BBC6 : CA;
	BBC7 : CA;
	BBC8 : CB;
	BBC9 : CC;
	BBCA : CD;
	BBCB : CE;
	BBCC : CF;
	BBCD : D0;
	BBCE : D0;
	BBCF : D1;
	BBD0 : D1;
	BBD1 : D2;
	BBD2 : D3;
	BBD3 : D4;
	BBD4 : D5;
	BBD5 : D6;
	BBD6 : D7;
	BBD7 : D8;
	BBD8 : D9;
	BBD9 : DA;
	BBDA : DB;
	BBDB : DC;
	BBDC : DD;
	BBDD : DE;
	BBDE : DF;
	BBDF : E0;
	BBE0 : E0;
	BBE1 : E1;
	BBE2 : E2;
	BBE3 : E3;
	BBE4 : E4;
	BBE5 : E5;
	BBE6 : E6;
	BBE7 : E7;
	BBE8 : E8;
	BBE9 : E9;
	BBEA : EA;
	BBEB : EB;
	BBEC : EC;
	BBED : ED;
	BBEE : EE;
	BBEF : EF;
	BBF0 : F0;
	BBF1 : F1;
	BBF2 : F2;
	BBF3 : F3;
	BBF4 : F4;
	BBF5 : F5;
	BBF6 : F6;
	BBF7 : F7;
	BBF8 : F8;
	BBF9 : F9;
	BBFA : FA;
	BBFB : FB;
	BBFC : FC;
	BBFD : FD;
	BBFE : FE;
	BBFF : 7F;
	BC00 : BC;
	BC01 : BC;
	BC02 : BC;
	BC03 : BC;
	BC04 : BC;
	BC05 : BC;
	BC06 : BC;
	BC07 : BC;
	BC08 : BC;
	BC09 : BC;
	BC0A : BC;
	BC0B : BC;
	BC0C : BC;
	BC0D : BC;
	BC0E : BC;
	BC0F : BC;
	BC10 : BC;
	BC11 : BC;
	BC12 : BC;
	BC13 : BC;
	BC14 : BC;
	BC15 : BC;
	BC16 : BC;
	BC17 : BC;
	BC18 : BC;
	BC19 : BB;
	BC1A : BB;
	BC1B : BB;
	BC1C : BB;
	BC1D : BB;
	BC1E : BB;
	BC1F : BB;
	BC20 : BB;
	BC21 : BB;
	BC22 : BB;
	BC23 : BB;
	BC24 : BA;
	BC25 : BA;
	BC26 : BA;
	BC27 : BA;
	BC28 : BA;
	BC29 : BA;
	BC2A : BA;
	BC2B : B9;
	BC2C : B9;
	BC2D : B9;
	BC2E : B8;
	BC2F : B8;
	BC30 : B8;
	BC31 : B7;
	BC32 : B6;
	BC33 : B5;
	BC34 : B4;
	BC35 : B3;
	BC36 : B2;
	BC37 : B1;
	BC38 : B0;
	BC39 : AC;
	BC3A : A8;
	BC3B : A0;
	BC3C : 00;
	BC3D : 20;
	BC3E : 28;
	BC3F : 2C;
	BC40 : 30;
	BC41 : 34;
	BC42 : 38;
	BC43 : 3A;
	BC44 : 3C;
	BC45 : 3E;
	BC46 : 40;
	BC47 : 41;
	BC48 : 42;
	BC49 : 44;
	BC4A : 46;
	BC4B : 48;
	BC4C : 49;
	BC4D : 4A;
	BC4E : 4B;
	BC4F : 4C;
	BC50 : 4D;
	BC51 : 4F;
	BC52 : 50;
	BC53 : 52;
	BC54 : 52;
	BC55 : 54;
	BC56 : 54;
	BC57 : 56;
	BC58 : 56;
	BC59 : 58;
	BC5A : 59;
	BC5B : 5A;
	BC5C : 5B;
	BC5D : 5C;
	BC5E : 5D;
	BC5F : 5E;
	BC60 : 5F;
	BC61 : 61;
	BC62 : 62;
	BC63 : 63;
	BC64 : 64;
	BC65 : 65;
	BC66 : 66;
	BC67 : 67;
	BC68 : 68;
	BC69 : 69;
	BC6A : 6A;
	BC6B : 6B;
	BC6C : 6C;
	BC6D : 6D;
	BC6E : 6E;
	BC6F : 6F;
	BC70 : 70;
	BC71 : 71;
	BC72 : 72;
	BC73 : 73;
	BC74 : 74;
	BC75 : 75;
	BC76 : 76;
	BC77 : 77;
	BC78 : 78;
	BC79 : 79;
	BC7A : 7A;
	BC7B : 7B;
	BC7C : 7C;
	BC7D : 7D;
	BC7E : 7E;
	BC7F : 7F;
	BC80 : BC;
	BC81 : BC;
	BC82 : BC;
	BC83 : BC;
	BC84 : BC;
	BC85 : BC;
	BC86 : BC;
	BC87 : BC;
	BC88 : BC;
	BC89 : BC;
	BC8A : BC;
	BC8B : BC;
	BC8C : BC;
	BC8D : BC;
	BC8E : BC;
	BC8F : BC;
	BC90 : BC;
	BC91 : BC;
	BC92 : BC;
	BC93 : BC;
	BC94 : BC;
	BC95 : BC;
	BC96 : BC;
	BC97 : BC;
	BC98 : BC;
	BC99 : BD;
	BC9A : BD;
	BC9B : BD;
	BC9C : BD;
	BC9D : BD;
	BC9E : BD;
	BC9F : BD;
	BCA0 : BD;
	BCA1 : BD;
	BCA2 : BD;
	BCA3 : BD;
	BCA4 : BE;
	BCA5 : BE;
	BCA6 : BE;
	BCA7 : BE;
	BCA8 : BE;
	BCA9 : BE;
	BCAA : BE;
	BCAB : BF;
	BCAC : BF;
	BCAD : BF;
	BCAE : C0;
	BCAF : C0;
	BCB0 : C0;
	BCB1 : C0;
	BCB2 : C0;
	BCB3 : C1;
	BCB4 : C1;
	BCB5 : C1;
	BCB6 : C2;
	BCB7 : C2;
	BCB8 : C2;
	BCB9 : C2;
	BCBA : C3;
	BCBB : C4;
	BCBC : C4;
	BCBD : C4;
	BCBE : C5;
	BCBF : C6;
	BCC0 : C6;
	BCC1 : C7;
	BCC2 : C8;
	BCC3 : C8;
	BCC4 : C9;
	BCC5 : CA;
	BCC6 : CA;
	BCC7 : CA;
	BCC8 : CB;
	BCC9 : CC;
	BCCA : CD;
	BCCB : CE;
	BCCC : CF;
	BCCD : D0;
	BCCE : D0;
	BCCF : D1;
	BCD0 : D2;
	BCD1 : D2;
	BCD2 : D4;
	BCD3 : D4;
	BCD4 : D6;
	BCD5 : D6;
	BCD6 : D8;
	BCD7 : D8;
	BCD8 : D9;
	BCD9 : DA;
	BCDA : DB;
	BCDB : DC;
	BCDC : DD;
	BCDD : DE;
	BCDE : DF;
	BCDF : E0;
	BCE0 : E0;
	BCE1 : E1;
	BCE2 : E2;
	BCE3 : E3;
	BCE4 : E4;
	BCE5 : E5;
	BCE6 : E6;
	BCE7 : E7;
	BCE8 : E8;
	BCE9 : E9;
	BCEA : EA;
	BCEB : EB;
	BCEC : EC;
	BCED : ED;
	BCEE : EE;
	BCEF : EF;
	BCF0 : F0;
	BCF1 : F1;
	BCF2 : F2;
	BCF3 : F3;
	BCF4 : F4;
	BCF5 : F5;
	BCF6 : F6;
	BCF7 : F7;
	BCF8 : F8;
	BCF9 : F9;
	BCFA : FA;
	BCFB : FB;
	BCFC : FC;
	BCFD : FD;
	BCFE : FE;
	BCFF : 7F;
	BD00 : BD;
	BD01 : BD;
	BD02 : BD;
	BD03 : BD;
	BD04 : BD;
	BD05 : BD;
	BD06 : BD;
	BD07 : BD;
	BD08 : BD;
	BD09 : BD;
	BD0A : BD;
	BD0B : BD;
	BD0C : BD;
	BD0D : BD;
	BD0E : BD;
	BD0F : BD;
	BD10 : BD;
	BD11 : BD;
	BD12 : BD;
	BD13 : BD;
	BD14 : BD;
	BD15 : BD;
	BD16 : BD;
	BD17 : BD;
	BD18 : BC;
	BD19 : BC;
	BD1A : BC;
	BD1B : BC;
	BD1C : BC;
	BD1D : BC;
	BD1E : BC;
	BD1F : BC;
	BD20 : BC;
	BD21 : BC;
	BD22 : BC;
	BD23 : BC;
	BD24 : BC;
	BD25 : BB;
	BD26 : BB;
	BD27 : BB;
	BD28 : BB;
	BD29 : BB;
	BD2A : BA;
	BD2B : BA;
	BD2C : BA;
	BD2D : BA;
	BD2E : BA;
	BD2F : B9;
	BD30 : B9;
	BD31 : B8;
	BD32 : B8;
	BD33 : B7;
	BD34 : B6;
	BD35 : B5;
	BD36 : B4;
	BD37 : B3;
	BD38 : B2;
	BD39 : B0;
	BD3A : AC;
	BD3B : A8;
	BD3C : A0;
	BD3D : 00;
	BD3E : 20;
	BD3F : 28;
	BD40 : 2C;
	BD41 : 32;
	BD42 : 36;
	BD43 : 39;
	BD44 : 3B;
	BD45 : 3D;
	BD46 : 3F;
	BD47 : 40;
	BD48 : 42;
	BD49 : 44;
	BD4A : 46;
	BD4B : 48;
	BD4C : 49;
	BD4D : 4A;
	BD4E : 4B;
	BD4F : 4C;
	BD50 : 4D;
	BD51 : 4F;
	BD52 : 50;
	BD53 : 51;
	BD54 : 52;
	BD55 : 53;
	BD56 : 54;
	BD57 : 55;
	BD58 : 56;
	BD59 : 58;
	BD5A : 59;
	BD5B : 5A;
	BD5C : 5B;
	BD5D : 5C;
	BD5E : 5D;
	BD5F : 5E;
	BD60 : 5F;
	BD61 : 61;
	BD62 : 62;
	BD63 : 63;
	BD64 : 64;
	BD65 : 65;
	BD66 : 66;
	BD67 : 67;
	BD68 : 68;
	BD69 : 69;
	BD6A : 6A;
	BD6B : 6B;
	BD6C : 6C;
	BD6D : 6D;
	BD6E : 6E;
	BD6F : 6F;
	BD70 : 70;
	BD71 : 71;
	BD72 : 72;
	BD73 : 73;
	BD74 : 74;
	BD75 : 75;
	BD76 : 76;
	BD77 : 77;
	BD78 : 78;
	BD79 : 79;
	BD7A : 7A;
	BD7B : 7B;
	BD7C : 7C;
	BD7D : 7D;
	BD7E : 7E;
	BD7F : 7F;
	BD80 : BD;
	BD81 : BD;
	BD82 : BD;
	BD83 : BD;
	BD84 : BD;
	BD85 : BD;
	BD86 : BD;
	BD87 : BD;
	BD88 : BD;
	BD89 : BD;
	BD8A : BD;
	BD8B : BD;
	BD8C : BD;
	BD8D : BD;
	BD8E : BD;
	BD8F : BD;
	BD90 : BD;
	BD91 : BD;
	BD92 : BD;
	BD93 : BD;
	BD94 : BD;
	BD95 : BD;
	BD96 : BD;
	BD97 : BD;
	BD98 : BE;
	BD99 : BE;
	BD9A : BE;
	BD9B : BE;
	BD9C : BE;
	BD9D : BE;
	BD9E : BE;
	BD9F : BE;
	BDA0 : BE;
	BDA1 : BE;
	BDA2 : BE;
	BDA3 : BE;
	BDA4 : BE;
	BDA5 : BF;
	BDA6 : BF;
	BDA7 : BF;
	BDA8 : BF;
	BDA9 : BF;
	BDAA : C0;
	BDAB : C0;
	BDAC : C0;
	BDAD : C0;
	BDAE : C0;
	BDAF : C0;
	BDB0 : C0;
	BDB1 : C1;
	BDB2 : C1;
	BDB3 : C1;
	BDB4 : C2;
	BDB5 : C2;
	BDB6 : C2;
	BDB7 : C2;
	BDB8 : C2;
	BDB9 : C3;
	BDBA : C4;
	BDBB : C4;
	BDBC : C4;
	BDBD : C5;
	BDBE : C6;
	BDBF : C6;
	BDC0 : C6;
	BDC1 : C8;
	BDC2 : C8;
	BDC3 : C9;
	BDC4 : C9;
	BDC5 : CA;
	BDC6 : CA;
	BDC7 : CB;
	BDC8 : CB;
	BDC9 : CC;
	BDCA : CD;
	BDCB : CE;
	BDCC : CF;
	BDCD : D0;
	BDCE : D1;
	BDCF : D1;
	BDD0 : D2;
	BDD1 : D3;
	BDD2 : D4;
	BDD3 : D5;
	BDD4 : D6;
	BDD5 : D7;
	BDD6 : D8;
	BDD7 : D8;
	BDD8 : D9;
	BDD9 : DA;
	BDDA : DB;
	BDDB : DC;
	BDDC : DD;
	BDDD : DE;
	BDDE : DF;
	BDDF : E0;
	BDE0 : E0;
	BDE1 : E1;
	BDE2 : E2;
	BDE3 : E3;
	BDE4 : E4;
	BDE5 : E5;
	BDE6 : E6;
	BDE7 : E7;
	BDE8 : E8;
	BDE9 : E9;
	BDEA : EA;
	BDEB : EB;
	BDEC : EC;
	BDED : ED;
	BDEE : EE;
	BDEF : EF;
	BDF0 : F0;
	BDF1 : F1;
	BDF2 : F2;
	BDF3 : F3;
	BDF4 : F4;
	BDF5 : F5;
	BDF6 : F6;
	BDF7 : F7;
	BDF8 : F8;
	BDF9 : F9;
	BDFA : FA;
	BDFB : FB;
	BDFC : FC;
	BDFD : FD;
	BDFE : FE;
	BDFF : 7F;
	BE00 : BE;
	BE01 : BE;
	BE02 : BE;
	BE03 : BE;
	BE04 : BE;
	BE05 : BE;
	BE06 : BE;
	BE07 : BE;
	BE08 : BE;
	BE09 : BE;
	BE0A : BE;
	BE0B : BE;
	BE0C : BE;
	BE0D : BE;
	BE0E : BE;
	BE0F : BE;
	BE10 : BE;
	BE11 : BE;
	BE12 : BE;
	BE13 : BE;
	BE14 : BE;
	BE15 : BE;
	BE16 : BE;
	BE17 : BE;
	BE18 : BE;
	BE19 : BD;
	BE1A : BD;
	BE1B : BD;
	BE1C : BD;
	BE1D : BD;
	BE1E : BD;
	BE1F : BD;
	BE20 : BD;
	BE21 : BD;
	BE22 : BD;
	BE23 : BD;
	BE24 : BC;
	BE25 : BC;
	BE26 : BC;
	BE27 : BC;
	BE28 : BC;
	BE29 : BC;
	BE2A : BC;
	BE2B : BB;
	BE2C : BB;
	BE2D : BB;
	BE2E : BA;
	BE2F : BA;
	BE30 : BA;
	BE31 : BA;
	BE32 : B9;
	BE33 : B8;
	BE34 : B8;
	BE35 : B7;
	BE36 : B6;
	BE37 : B5;
	BE38 : B4;
	BE39 : B2;
	BE3A : B0;
	BE3B : AC;
	BE3C : A8;
	BE3D : A0;
	BE3E : 00;
	BE3F : 20;
	BE40 : 28;
	BE41 : 30;
	BE42 : 34;
	BE43 : 38;
	BE44 : 3A;
	BE45 : 3C;
	BE46 : 3E;
	BE47 : 40;
	BE48 : 41;
	BE49 : 43;
	BE4A : 45;
	BE4B : 47;
	BE4C : 48;
	BE4D : 4A;
	BE4E : 4A;
	BE4F : 4C;
	BE50 : 4C;
	BE51 : 4E;
	BE52 : 50;
	BE53 : 51;
	BE54 : 52;
	BE55 : 53;
	BE56 : 54;
	BE57 : 55;
	BE58 : 56;
	BE59 : 58;
	BE5A : 59;
	BE5B : 5A;
	BE5C : 5B;
	BE5D : 5C;
	BE5E : 5D;
	BE5F : 5E;
	BE60 : 5F;
	BE61 : 61;
	BE62 : 62;
	BE63 : 63;
	BE64 : 64;
	BE65 : 65;
	BE66 : 66;
	BE67 : 67;
	BE68 : 68;
	BE69 : 69;
	BE6A : 6A;
	BE6B : 6B;
	BE6C : 6C;
	BE6D : 6D;
	BE6E : 6E;
	BE6F : 6F;
	BE70 : 70;
	BE71 : 71;
	BE72 : 72;
	BE73 : 73;
	BE74 : 74;
	BE75 : 75;
	BE76 : 76;
	BE77 : 77;
	BE78 : 78;
	BE79 : 79;
	BE7A : 7A;
	BE7B : 7B;
	BE7C : 7C;
	BE7D : 7D;
	BE7E : 7E;
	BE7F : 7F;
	BE80 : BE;
	BE81 : BE;
	BE82 : BE;
	BE83 : BE;
	BE84 : BE;
	BE85 : BE;
	BE86 : BE;
	BE87 : BE;
	BE88 : BE;
	BE89 : BE;
	BE8A : BE;
	BE8B : BE;
	BE8C : BE;
	BE8D : BE;
	BE8E : BE;
	BE8F : BE;
	BE90 : BE;
	BE91 : BE;
	BE92 : BE;
	BE93 : BE;
	BE94 : BE;
	BE95 : BE;
	BE96 : BE;
	BE97 : BE;
	BE98 : BE;
	BE99 : BF;
	BE9A : BF;
	BE9B : BF;
	BE9C : BF;
	BE9D : BF;
	BE9E : BF;
	BE9F : BF;
	BEA0 : BF;
	BEA1 : BF;
	BEA2 : BF;
	BEA3 : BF;
	BEA4 : C0;
	BEA5 : C0;
	BEA6 : C0;
	BEA7 : C0;
	BEA8 : C0;
	BEA9 : C0;
	BEAA : C0;
	BEAB : C0;
	BEAC : C0;
	BEAD : C1;
	BEAE : C1;
	BEAF : C1;
	BEB0 : C1;
	BEB1 : C1;
	BEB2 : C2;
	BEB3 : C2;
	BEB4 : C2;
	BEB5 : C2;
	BEB6 : C2;
	BEB7 : C3;
	BEB8 : C3;
	BEB9 : C4;
	BEBA : C4;
	BEBB : C4;
	BEBC : C5;
	BEBD : C6;
	BEBE : C6;
	BEBF : C6;
	BEC0 : C7;
	BEC1 : C8;
	BEC2 : C8;
	BEC3 : C9;
	BEC4 : CA;
	BEC5 : CA;
	BEC6 : CA;
	BEC7 : CB;
	BEC8 : CC;
	BEC9 : CC;
	BECA : CE;
	BECB : CE;
	BECC : D0;
	BECD : D0;
	BECE : D1;
	BECF : D1;
	BED0 : D2;
	BED1 : D3;
	BED2 : D4;
	BED3 : D5;
	BED4 : D6;
	BED5 : D7;
	BED6 : D8;
	BED7 : D8;
	BED8 : D9;
	BED9 : DA;
	BEDA : DB;
	BEDB : DC;
	BEDC : DD;
	BEDD : DE;
	BEDE : DF;
	BEDF : E0;
	BEE0 : E0;
	BEE1 : E1;
	BEE2 : E2;
	BEE3 : E3;
	BEE4 : E4;
	BEE5 : E5;
	BEE6 : E6;
	BEE7 : E7;
	BEE8 : E8;
	BEE9 : E9;
	BEEA : EA;
	BEEB : EB;
	BEEC : EC;
	BEED : ED;
	BEEE : EE;
	BEEF : EF;
	BEF0 : F0;
	BEF1 : F1;
	BEF2 : F2;
	BEF3 : F3;
	BEF4 : F4;
	BEF5 : F5;
	BEF6 : F6;
	BEF7 : F7;
	BEF8 : F8;
	BEF9 : F9;
	BEFA : FA;
	BEFB : FB;
	BEFC : FC;
	BEFD : FD;
	BEFE : FE;
	BEFF : 7F;
	BF00 : BF;
	BF01 : BF;
	BF02 : BF;
	BF03 : BF;
	BF04 : BF;
	BF05 : BF;
	BF06 : BF;
	BF07 : BF;
	BF08 : BF;
	BF09 : BF;
	BF0A : BF;
	BF0B : BF;
	BF0C : BF;
	BF0D : BF;
	BF0E : BF;
	BF0F : BF;
	BF10 : BF;
	BF11 : BF;
	BF12 : BF;
	BF13 : BF;
	BF14 : BF;
	BF15 : BF;
	BF16 : BF;
	BF17 : BF;
	BF18 : BE;
	BF19 : BE;
	BF1A : BE;
	BF1B : BE;
	BF1C : BE;
	BF1D : BE;
	BF1E : BE;
	BF1F : BE;
	BF20 : BE;
	BF21 : BE;
	BF22 : BE;
	BF23 : BE;
	BF24 : BE;
	BF25 : BD;
	BF26 : BD;
	BF27 : BD;
	BF28 : BD;
	BF29 : BD;
	BF2A : BC;
	BF2B : BC;
	BF2C : BC;
	BF2D : BC;
	BF2E : BC;
	BF2F : BB;
	BF30 : BB;
	BF31 : BA;
	BF32 : BA;
	BF33 : BA;
	BF34 : B9;
	BF35 : B8;
	BF36 : B8;
	BF37 : B7;
	BF38 : B6;
	BF39 : B4;
	BF3A : B2;
	BF3B : B0;
	BF3C : AC;
	BF3D : A8;
	BF3E : A0;
	BF3F : 00;
	BF40 : 20;
	BF41 : 2C;
	BF42 : 32;
	BF43 : 36;
	BF44 : 39;
	BF45 : 3B;
	BF46 : 3D;
	BF47 : 3F;
	BF48 : 40;
	BF49 : 42;
	BF4A : 44;
	BF4B : 46;
	BF4C : 48;
	BF4D : 49;
	BF4E : 4A;
	BF4F : 4B;
	BF50 : 4C;
	BF51 : 4E;
	BF52 : 50;
	BF53 : 51;
	BF54 : 52;
	BF55 : 53;
	BF56 : 54;
	BF57 : 55;
	BF58 : 56;
	BF59 : 58;
	BF5A : 59;
	BF5B : 5A;
	BF5C : 5B;
	BF5D : 5C;
	BF5E : 5D;
	BF5F : 5E;
	BF60 : 5F;
	BF61 : 61;
	BF62 : 62;
	BF63 : 63;
	BF64 : 64;
	BF65 : 65;
	BF66 : 66;
	BF67 : 67;
	BF68 : 68;
	BF69 : 69;
	BF6A : 6A;
	BF6B : 6B;
	BF6C : 6C;
	BF6D : 6D;
	BF6E : 6E;
	BF6F : 6F;
	BF70 : 70;
	BF71 : 71;
	BF72 : 72;
	BF73 : 73;
	BF74 : 74;
	BF75 : 75;
	BF76 : 76;
	BF77 : 77;
	BF78 : 78;
	BF79 : 79;
	BF7A : 7A;
	BF7B : 7B;
	BF7C : 7C;
	BF7D : 7D;
	BF7E : 7E;
	BF7F : 7F;
	BF80 : BF;
	BF81 : BF;
	BF82 : BF;
	BF83 : BF;
	BF84 : BF;
	BF85 : BF;
	BF86 : BF;
	BF87 : BF;
	BF88 : BF;
	BF89 : BF;
	BF8A : BF;
	BF8B : BF;
	BF8C : BF;
	BF8D : BF;
	BF8E : BF;
	BF8F : BF;
	BF90 : BF;
	BF91 : BF;
	BF92 : BF;
	BF93 : BF;
	BF94 : BF;
	BF95 : BF;
	BF96 : BF;
	BF97 : BF;
	BF98 : C0;
	BF99 : C0;
	BF9A : C0;
	BF9B : C0;
	BF9C : C0;
	BF9D : C0;
	BF9E : C0;
	BF9F : C0;
	BFA0 : C0;
	BFA1 : C0;
	BFA2 : C0;
	BFA3 : C0;
	BFA4 : C0;
	BFA5 : C0;
	BFA6 : C0;
	BFA7 : C0;
	BFA8 : C0;
	BFA9 : C1;
	BFAA : C1;
	BFAB : C1;
	BFAC : C1;
	BFAD : C1;
	BFAE : C1;
	BFAF : C1;
	BFB0 : C2;
	BFB1 : C2;
	BFB2 : C2;
	BFB3 : C2;
	BFB4 : C2;
	BFB5 : C3;
	BFB6 : C3;
	BFB7 : C3;
	BFB8 : C4;
	BFB9 : C4;
	BFBA : C4;
	BFBB : C5;
	BFBC : C6;
	BFBD : C6;
	BFBE : C6;
	BFBF : C7;
	BFC0 : C8;
	BFC1 : C8;
	BFC2 : C9;
	BFC3 : C9;
	BFC4 : CA;
	BFC5 : CA;
	BFC6 : CB;
	BFC7 : CB;
	BFC8 : CC;
	BFC9 : CD;
	BFCA : CE;
	BFCB : CF;
	BFCC : D0;
	BFCD : D0;
	BFCE : D1;
	BFCF : D1;
	BFD0 : D2;
	BFD1 : D3;
	BFD2 : D4;
	BFD3 : D5;
	BFD4 : D6;
	BFD5 : D7;
	BFD6 : D8;
	BFD7 : D8;
	BFD8 : D9;
	BFD9 : DA;
	BFDA : DB;
	BFDB : DC;
	BFDC : DD;
	BFDD : DE;
	BFDE : DF;
	BFDF : E0;
	BFE0 : E0;
	BFE1 : E1;
	BFE2 : E2;
	BFE3 : E3;
	BFE4 : E4;
	BFE5 : E5;
	BFE6 : E6;
	BFE7 : E7;
	BFE8 : E8;
	BFE9 : E9;
	BFEA : EA;
	BFEB : EB;
	BFEC : EC;
	BFED : ED;
	BFEE : EE;
	BFEF : EF;
	BFF0 : F0;
	BFF1 : F1;
	BFF2 : F2;
	BFF3 : F3;
	BFF4 : F4;
	BFF5 : F5;
	BFF6 : F6;
	BFF7 : F7;
	BFF8 : F8;
	BFF9 : F9;
	BFFA : FA;
	BFFB : FB;
	BFFC : FC;
	BFFD : FD;
	BFFE : FE;
	BFFF : 7F;
	C000 : C0;
	C001 : C0;
	C002 : C0;
	C003 : C0;
	C004 : C0;
	C005 : C0;
	C006 : C0;
	C007 : C0;
	C008 : C0;
	C009 : C0;
	C00A : C0;
	C00B : C0;
	C00C : C0;
	C00D : C0;
	C00E : C0;
	C00F : C0;
	C010 : C0;
	C011 : C0;
	C012 : C0;
	C013 : C0;
	C014 : C0;
	C015 : C0;
	C016 : C0;
	C017 : C0;
	C018 : C0;
	C019 : BF;
	C01A : BF;
	C01B : BF;
	C01C : BF;
	C01D : BF;
	C01E : BF;
	C01F : BF;
	C020 : BF;
	C021 : BF;
	C022 : BF;
	C023 : BF;
	C024 : BE;
	C025 : BE;
	C026 : BE;
	C027 : BE;
	C028 : BE;
	C029 : BE;
	C02A : BE;
	C02B : BD;
	C02C : BD;
	C02D : BD;
	C02E : BC;
	C02F : BC;
	C030 : BC;
	C031 : BC;
	C032 : BB;
	C033 : BA;
	C034 : BA;
	C035 : BA;
	C036 : B9;
	C037 : B8;
	C038 : B8;
	C039 : B6;
	C03A : B4;
	C03B : B2;
	C03C : B0;
	C03D : AC;
	C03E : A8;
	C03F : A0;
	C040 : 00;
	C041 : 28;
	C042 : 30;
	C043 : 34;
	C044 : 38;
	C045 : 3A;
	C046 : 3C;
	C047 : 3E;
	C048 : 40;
	C049 : 42;
	C04A : 44;
	C04B : 46;
	C04C : 48;
	C04D : 49;
	C04E : 4A;
	C04F : 4B;
	C050 : 4C;
	C051 : 4E;
	C052 : 50;
	C053 : 51;
	C054 : 52;
	C055 : 53;
	C056 : 54;
	C057 : 55;
	C058 : 56;
	C059 : 58;
	C05A : 59;
	C05B : 5A;
	C05C : 5B;
	C05D : 5C;
	C05E : 5D;
	C05F : 5E;
	C060 : 5F;
	C061 : 60;
	C062 : 62;
	C063 : 62;
	C064 : 64;
	C065 : 64;
	C066 : 66;
	C067 : 66;
	C068 : 68;
	C069 : 69;
	C06A : 6A;
	C06B : 6B;
	C06C : 6C;
	C06D : 6D;
	C06E : 6E;
	C06F : 6F;
	C070 : 70;
	C071 : 71;
	C072 : 72;
	C073 : 73;
	C074 : 74;
	C075 : 75;
	C076 : 76;
	C077 : 77;
	C078 : 78;
	C079 : 79;
	C07A : 7A;
	C07B : 7B;
	C07C : 7C;
	C07D : 7D;
	C07E : 7E;
	C07F : 7F;
	C080 : C0;
	C081 : C0;
	C082 : C0;
	C083 : C0;
	C084 : C0;
	C085 : C0;
	C086 : C0;
	C087 : C0;
	C088 : C0;
	C089 : C0;
	C08A : C0;
	C08B : C0;
	C08C : C0;
	C08D : C0;
	C08E : C0;
	C08F : C0;
	C090 : C0;
	C091 : C0;
	C092 : C0;
	C093 : C0;
	C094 : C0;
	C095 : C0;
	C096 : C0;
	C097 : C0;
	C098 : C0;
	C099 : C0;
	C09A : C0;
	C09B : C0;
	C09C : C0;
	C09D : C0;
	C09E : C0;
	C09F : C0;
	C0A0 : C0;
	C0A1 : C1;
	C0A2 : C1;
	C0A3 : C1;
	C0A4 : C1;
	C0A5 : C1;
	C0A6 : C1;
	C0A7 : C1;
	C0A8 : C1;
	C0A9 : C1;
	C0AA : C1;
	C0AB : C1;
	C0AC : C2;
	C0AD : C2;
	C0AE : C2;
	C0AF : C2;
	C0B0 : C2;
	C0B1 : C2;
	C0B2 : C2;
	C0B3 : C3;
	C0B4 : C3;
	C0B5 : C3;
	C0B6 : C4;
	C0B7 : C4;
	C0B8 : C4;
	C0B9 : C4;
	C0BA : C5;
	C0BB : C6;
	C0BC : C6;
	C0BD : C6;
	C0BE : C7;
	C0BF : C8;
	C0C0 : C8;
	C0C1 : C8;
	C0C2 : C9;
	C0C3 : CA;
	C0C4 : CA;
	C0C5 : CA;
	C0C6 : CB;
	C0C7 : CC;
	C0C8 : CC;
	C0C9 : CD;
	C0CA : CE;
	C0CB : CF;
	C0CC : D0;
	C0CD : D0;
	C0CE : D1;
	C0CF : D2;
	C0D0 : D2;
	C0D1 : D3;
	C0D2 : D4;
	C0D3 : D5;
	C0D4 : D6;
	C0D5 : D7;
	C0D6 : D8;
	C0D7 : D8;
	C0D8 : D9;
	C0D9 : DA;
	C0DA : DB;
	C0DB : DC;
	C0DC : DD;
	C0DD : DE;
	C0DE : DF;
	C0DF : E0;
	C0E0 : E0;
	C0E1 : E2;
	C0E2 : E2;
	C0E3 : E4;
	C0E4 : E4;
	C0E5 : E6;
	C0E6 : E6;
	C0E7 : E8;
	C0E8 : E8;
	C0E9 : E9;
	C0EA : EA;
	C0EB : EB;
	C0EC : EC;
	C0ED : ED;
	C0EE : EE;
	C0EF : EF;
	C0F0 : F0;
	C0F1 : F1;
	C0F2 : F2;
	C0F3 : F3;
	C0F4 : F4;
	C0F5 : F5;
	C0F6 : F6;
	C0F7 : F7;
	C0F8 : F8;
	C0F9 : F9;
	C0FA : FA;
	C0FB : FB;
	C0FC : FC;
	C0FD : FD;
	C0FE : FE;
	C0FF : 7F;
	C100 : C1;
	C101 : C1;
	C102 : C1;
	C103 : C1;
	C104 : C1;
	C105 : C1;
	C106 : C1;
	C107 : C1;
	C108 : C1;
	C109 : C1;
	C10A : C1;
	C10B : C1;
	C10C : C1;
	C10D : C1;
	C10E : C1;
	C10F : C1;
	C110 : C1;
	C111 : C1;
	C112 : C1;
	C113 : C1;
	C114 : C1;
	C115 : C1;
	C116 : C1;
	C117 : C1;
	C118 : C1;
	C119 : C1;
	C11A : C1;
	C11B : C1;
	C11C : C1;
	C11D : C1;
	C11E : C1;
	C11F : C1;
	C120 : C0;
	C121 : C0;
	C122 : C0;
	C123 : C0;
	C124 : C0;
	C125 : C0;
	C126 : C0;
	C127 : C0;
	C128 : C0;
	C129 : C0;
	C12A : C0;
	C12B : BF;
	C12C : BF;
	C12D : BF;
	C12E : BE;
	C12F : BE;
	C130 : BE;
	C131 : BE;
	C132 : BD;
	C133 : BC;
	C134 : BC;
	C135 : BC;
	C136 : BB;
	C137 : BA;
	C138 : BA;
	C139 : B9;
	C13A : B8;
	C13B : B6;
	C13C : B4;
	C13D : B2;
	C13E : B0;
	C13F : AC;
	C140 : A8;
	C141 : 00;
	C142 : 28;
	C143 : 30;
	C144 : 34;
	C145 : 38;
	C146 : 3A;
	C147 : 3C;
	C148 : 3E;
	C149 : 41;
	C14A : 43;
	C14B : 45;
	C14C : 47;
	C14D : 48;
	C14E : 4A;
	C14F : 4A;
	C150 : 4C;
	C151 : 4E;
	C152 : 50;
	C153 : 51;
	C154 : 52;
	C155 : 53;
	C156 : 54;
	C157 : 55;
	C158 : 56;
	C159 : 58;
	C15A : 59;
	C15B : 5A;
	C15C : 5B;
	C15D : 5C;
	C15E : 5D;
	C15F : 5E;
	C160 : 5F;
	C161 : 60;
	C162 : 61;
	C163 : 62;
	C164 : 63;
	C165 : 64;
	C166 : 65;
	C167 : 66;
	C168 : 67;
	C169 : 69;
	C16A : 6A;
	C16B : 6B;
	C16C : 6C;
	C16D : 6D;
	C16E : 6E;
	C16F : 6F;
	C170 : 70;
	C171 : 71;
	C172 : 72;
	C173 : 73;
	C174 : 74;
	C175 : 75;
	C176 : 76;
	C177 : 77;
	C178 : 78;
	C179 : 79;
	C17A : 7A;
	C17B : 7B;
	C17C : 7C;
	C17D : 7D;
	C17E : 7E;
	C17F : 7F;
	C180 : C1;
	C181 : C1;
	C182 : C1;
	C183 : C1;
	C184 : C1;
	C185 : C1;
	C186 : C1;
	C187 : C1;
	C188 : C1;
	C189 : C1;
	C18A : C1;
	C18B : C1;
	C18C : C1;
	C18D : C1;
	C18E : C1;
	C18F : C1;
	C190 : C1;
	C191 : C1;
	C192 : C1;
	C193 : C1;
	C194 : C1;
	C195 : C1;
	C196 : C1;
	C197 : C1;
	C198 : C1;
	C199 : C1;
	C19A : C1;
	C19B : C1;
	C19C : C1;
	C19D : C1;
	C19E : C1;
	C19F : C1;
	C1A0 : C2;
	C1A1 : C2;
	C1A2 : C2;
	C1A3 : C2;
	C1A4 : C2;
	C1A5 : C2;
	C1A6 : C2;
	C1A7 : C2;
	C1A8 : C2;
	C1A9 : C2;
	C1AA : C2;
	C1AB : C2;
	C1AC : C2;
	C1AD : C3;
	C1AE : C3;
	C1AF : C3;
	C1B0 : C3;
	C1B1 : C3;
	C1B2 : C4;
	C1B3 : C4;
	C1B4 : C4;
	C1B5 : C4;
	C1B6 : C4;
	C1B7 : C5;
	C1B8 : C5;
	C1B9 : C6;
	C1BA : C6;
	C1BB : C6;
	C1BC : C7;
	C1BD : C8;
	C1BE : C8;
	C1BF : C8;
	C1C0 : C8;
	C1C1 : C9;
	C1C2 : CA;
	C1C3 : CA;
	C1C4 : CA;
	C1C5 : CB;
	C1C6 : CC;
	C1C7 : CC;
	C1C8 : CC;
	C1C9 : CE;
	C1CA : CE;
	C1CB : D0;
	C1CC : D0;
	C1CD : D1;
	C1CE : D1;
	C1CF : D2;
	C1D0 : D2;
	C1D1 : D3;
	C1D2 : D4;
	C1D3 : D5;
	C1D4 : D6;
	C1D5 : D7;
	C1D6 : D8;
	C1D7 : D9;
	C1D8 : D9;
	C1D9 : DA;
	C1DA : DB;
	C1DB : DC;
	C1DC : DD;
	C1DD : DE;
	C1DE : DF;
	C1DF : E0;
	C1E0 : E1;
	C1E1 : E2;
	C1E2 : E3;
	C1E3 : E4;
	C1E4 : E5;
	C1E5 : E6;
	C1E6 : E7;
	C1E7 : E8;
	C1E8 : E8;
	C1E9 : E9;
	C1EA : EA;
	C1EB : EB;
	C1EC : EC;
	C1ED : ED;
	C1EE : EE;
	C1EF : EF;
	C1F0 : F0;
	C1F1 : F1;
	C1F2 : F2;
	C1F3 : F3;
	C1F4 : F4;
	C1F5 : F5;
	C1F6 : F6;
	C1F7 : F7;
	C1F8 : F8;
	C1F9 : F9;
	C1FA : FA;
	C1FB : FB;
	C1FC : FC;
	C1FD : FD;
	C1FE : FE;
	C1FF : 7F;
	C200 : C2;
	C201 : C2;
	C202 : C2;
	C203 : C2;
	C204 : C2;
	C205 : C2;
	C206 : C2;
	C207 : C2;
	C208 : C2;
	C209 : C2;
	C20A : C2;
	C20B : C2;
	C20C : C2;
	C20D : C2;
	C20E : C2;
	C20F : C2;
	C210 : C2;
	C211 : C2;
	C212 : C2;
	C213 : C2;
	C214 : C2;
	C215 : C2;
	C216 : C2;
	C217 : C2;
	C218 : C2;
	C219 : C2;
	C21A : C2;
	C21B : C2;
	C21C : C2;
	C21D : C2;
	C21E : C2;
	C21F : C2;
	C220 : C2;
	C221 : C1;
	C222 : C1;
	C223 : C1;
	C224 : C1;
	C225 : C1;
	C226 : C1;
	C227 : C1;
	C228 : C1;
	C229 : C1;
	C22A : C1;
	C22B : C1;
	C22C : C0;
	C22D : C0;
	C22E : C0;
	C22F : C0;
	C230 : C0;
	C231 : C0;
	C232 : BF;
	C233 : BE;
	C234 : BE;
	C235 : BE;
	C236 : BD;
	C237 : BC;
	C238 : BC;
	C239 : BB;
	C23A : BA;
	C23B : B9;
	C23C : B8;
	C23D : B6;
	C23E : B4;
	C23F : B2;
	C240 : B0;
	C241 : A8;
	C242 : 00;
	C243 : 28;
	C244 : 30;
	C245 : 34;
	C246 : 38;
	C247 : 3A;
	C248 : 3C;
	C249 : 40;
	C24A : 42;
	C24B : 44;
	C24C : 46;
	C24D : 48;
	C24E : 49;
	C24F : 4A;
	C250 : 4B;
	C251 : 4D;
	C252 : 4F;
	C253 : 50;
	C254 : 52;
	C255 : 52;
	C256 : 54;
	C257 : 54;
	C258 : 56;
	C259 : 58;
	C25A : 59;
	C25B : 5A;
	C25C : 5B;
	C25D : 5C;
	C25E : 5D;
	C25F : 5E;
	C260 : 5F;
	C261 : 60;
	C262 : 61;
	C263 : 62;
	C264 : 63;
	C265 : 64;
	C266 : 65;
	C267 : 66;
	C268 : 67;
	C269 : 69;
	C26A : 6A;
	C26B : 6B;
	C26C : 6C;
	C26D : 6D;
	C26E : 6E;
	C26F : 6F;
	C270 : 70;
	C271 : 71;
	C272 : 72;
	C273 : 73;
	C274 : 74;
	C275 : 75;
	C276 : 76;
	C277 : 77;
	C278 : 78;
	C279 : 79;
	C27A : 7A;
	C27B : 7B;
	C27C : 7C;
	C27D : 7D;
	C27E : 7E;
	C27F : 7F;
	C280 : C2;
	C281 : C2;
	C282 : C2;
	C283 : C2;
	C284 : C2;
	C285 : C2;
	C286 : C2;
	C287 : C2;
	C288 : C2;
	C289 : C2;
	C28A : C2;
	C28B : C2;
	C28C : C2;
	C28D : C2;
	C28E : C2;
	C28F : C2;
	C290 : C2;
	C291 : C2;
	C292 : C2;
	C293 : C2;
	C294 : C2;
	C295 : C2;
	C296 : C2;
	C297 : C2;
	C298 : C2;
	C299 : C2;
	C29A : C2;
	C29B : C2;
	C29C : C2;
	C29D : C2;
	C29E : C2;
	C29F : C2;
	C2A0 : C2;
	C2A1 : C3;
	C2A2 : C3;
	C2A3 : C3;
	C2A4 : C3;
	C2A5 : C3;
	C2A6 : C3;
	C2A7 : C3;
	C2A8 : C3;
	C2A9 : C3;
	C2AA : C3;
	C2AB : C3;
	C2AC : C4;
	C2AD : C4;
	C2AE : C4;
	C2AF : C4;
	C2B0 : C4;
	C2B1 : C4;
	C2B2 : C4;
	C2B3 : C5;
	C2B4 : C5;
	C2B5 : C5;
	C2B6 : C6;
	C2B7 : C6;
	C2B8 : C6;
	C2B9 : C6;
	C2BA : C7;
	C2BB : C8;
	C2BC : C8;
	C2BD : C8;
	C2BE : C8;
	C2BF : C9;
	C2C0 : C9;
	C2C1 : CA;
	C2C2 : CA;
	C2C3 : CA;
	C2C4 : CB;
	C2C5 : CC;
	C2C6 : CC;
	C2C7 : CC;
	C2C8 : CD;
	C2C9 : CE;
	C2CA : CF;
	C2CB : D0;
	C2CC : D0;
	C2CD : D1;
	C2CE : D2;
	C2CF : D2;
	C2D0 : D2;
	C2D1 : D4;
	C2D2 : D4;
	C2D3 : D6;
	C2D4 : D6;
	C2D5 : D8;
	C2D6 : D8;
	C2D7 : D9;
	C2D8 : D9;
	C2D9 : DA;
	C2DA : DB;
	C2DB : DC;
	C2DC : DD;
	C2DD : DE;
	C2DE : DF;
	C2DF : E0;
	C2E0 : E1;
	C2E1 : E2;
	C2E2 : E3;
	C2E3 : E4;
	C2E4 : E5;
	C2E5 : E6;
	C2E6 : E7;
	C2E7 : E8;
	C2E8 : E8;
	C2E9 : E9;
	C2EA : EA;
	C2EB : EB;
	C2EC : EC;
	C2ED : ED;
	C2EE : EE;
	C2EF : EF;
	C2F0 : F0;
	C2F1 : F1;
	C2F2 : F2;
	C2F3 : F3;
	C2F4 : F4;
	C2F5 : F5;
	C2F6 : F6;
	C2F7 : F7;
	C2F8 : F8;
	C2F9 : F9;
	C2FA : FA;
	C2FB : FB;
	C2FC : FC;
	C2FD : FD;
	C2FE : FE;
	C2FF : 7F;
	C300 : C3;
	C301 : C3;
	C302 : C3;
	C303 : C3;
	C304 : C3;
	C305 : C3;
	C306 : C3;
	C307 : C3;
	C308 : C3;
	C309 : C3;
	C30A : C3;
	C30B : C3;
	C30C : C3;
	C30D : C3;
	C30E : C3;
	C30F : C3;
	C310 : C3;
	C311 : C3;
	C312 : C3;
	C313 : C3;
	C314 : C3;
	C315 : C3;
	C316 : C3;
	C317 : C3;
	C318 : C3;
	C319 : C3;
	C31A : C3;
	C31B : C3;
	C31C : C3;
	C31D : C3;
	C31E : C3;
	C31F : C3;
	C320 : C2;
	C321 : C2;
	C322 : C2;
	C323 : C2;
	C324 : C2;
	C325 : C2;
	C326 : C2;
	C327 : C2;
	C328 : C2;
	C329 : C2;
	C32A : C2;
	C32B : C2;
	C32C : C2;
	C32D : C1;
	C32E : C1;
	C32F : C1;
	C330 : C1;
	C331 : C1;
	C332 : C0;
	C333 : C0;
	C334 : C0;
	C335 : C0;
	C336 : BF;
	C337 : BE;
	C338 : BE;
	C339 : BD;
	C33A : BC;
	C33B : BB;
	C33C : BA;
	C33D : B9;
	C33E : B8;
	C33F : B6;
	C340 : B4;
	C341 : B0;
	C342 : A8;
	C343 : 00;
	C344 : 28;
	C345 : 30;
	C346 : 34;
	C347 : 38;
	C348 : 3A;
	C349 : 3E;
	C34A : 41;
	C34B : 43;
	C34C : 45;
	C34D : 47;
	C34E : 48;
	C34F : 4A;
	C350 : 4A;
	C351 : 4C;
	C352 : 4E;
	C353 : 50;
	C354 : 51;
	C355 : 52;
	C356 : 53;
	C357 : 54;
	C358 : 55;
	C359 : 57;
	C35A : 59;
	C35B : 5A;
	C35C : 5B;
	C35D : 5C;
	C35E : 5D;
	C35F : 5E;
	C360 : 5F;
	C361 : 60;
	C362 : 61;
	C363 : 62;
	C364 : 63;
	C365 : 64;
	C366 : 65;
	C367 : 66;
	C368 : 67;
	C369 : 69;
	C36A : 6A;
	C36B : 6B;
	C36C : 6C;
	C36D : 6D;
	C36E : 6E;
	C36F : 6F;
	C370 : 70;
	C371 : 71;
	C372 : 72;
	C373 : 73;
	C374 : 74;
	C375 : 75;
	C376 : 76;
	C377 : 77;
	C378 : 78;
	C379 : 79;
	C37A : 7A;
	C37B : 7B;
	C37C : 7C;
	C37D : 7D;
	C37E : 7E;
	C37F : 7F;
	C380 : C3;
	C381 : C3;
	C382 : C3;
	C383 : C3;
	C384 : C3;
	C385 : C3;
	C386 : C3;
	C387 : C3;
	C388 : C3;
	C389 : C3;
	C38A : C3;
	C38B : C3;
	C38C : C3;
	C38D : C3;
	C38E : C3;
	C38F : C3;
	C390 : C3;
	C391 : C3;
	C392 : C3;
	C393 : C3;
	C394 : C3;
	C395 : C3;
	C396 : C3;
	C397 : C3;
	C398 : C3;
	C399 : C3;
	C39A : C3;
	C39B : C3;
	C39C : C3;
	C39D : C3;
	C39E : C3;
	C39F : C3;
	C3A0 : C4;
	C3A1 : C4;
	C3A2 : C4;
	C3A3 : C4;
	C3A4 : C4;
	C3A5 : C4;
	C3A6 : C4;
	C3A7 : C4;
	C3A8 : C4;
	C3A9 : C4;
	C3AA : C4;
	C3AB : C4;
	C3AC : C4;
	C3AD : C5;
	C3AE : C5;
	C3AF : C5;
	C3B0 : C5;
	C3B1 : C5;
	C3B2 : C6;
	C3B3 : C6;
	C3B4 : C6;
	C3B5 : C6;
	C3B6 : C6;
	C3B7 : C7;
	C3B8 : C7;
	C3B9 : C8;
	C3BA : C8;
	C3BB : C8;
	C3BC : C8;
	C3BD : C9;
	C3BE : C9;
	C3BF : C9;
	C3C0 : CA;
	C3C1 : CA;
	C3C2 : CA;
	C3C3 : CB;
	C3C4 : CC;
	C3C5 : CC;
	C3C6 : CC;
	C3C7 : CD;
	C3C8 : CE;
	C3C9 : CE;
	C3CA : D0;
	C3CB : D0;
	C3CC : D1;
	C3CD : D1;
	C3CE : D2;
	C3CF : D2;
	C3D0 : D3;
	C3D1 : D4;
	C3D2 : D5;
	C3D3 : D6;
	C3D4 : D7;
	C3D5 : D8;
	C3D6 : D8;
	C3D7 : D9;
	C3D8 : D9;
	C3D9 : DA;
	C3DA : DB;
	C3DB : DC;
	C3DC : DD;
	C3DD : DE;
	C3DE : DF;
	C3DF : E0;
	C3E0 : E1;
	C3E1 : E2;
	C3E2 : E3;
	C3E3 : E4;
	C3E4 : E5;
	C3E5 : E6;
	C3E6 : E7;
	C3E7 : E8;
	C3E8 : E8;
	C3E9 : E9;
	C3EA : EA;
	C3EB : EB;
	C3EC : EC;
	C3ED : ED;
	C3EE : EE;
	C3EF : EF;
	C3F0 : F0;
	C3F1 : F1;
	C3F2 : F2;
	C3F3 : F3;
	C3F4 : F4;
	C3F5 : F5;
	C3F6 : F6;
	C3F7 : F7;
	C3F8 : F8;
	C3F9 : F9;
	C3FA : FA;
	C3FB : FB;
	C3FC : FC;
	C3FD : FD;
	C3FE : FE;
	C3FF : 7F;
	C400 : C4;
	C401 : C4;
	C402 : C4;
	C403 : C4;
	C404 : C4;
	C405 : C4;
	C406 : C4;
	C407 : C4;
	C408 : C4;
	C409 : C4;
	C40A : C4;
	C40B : C4;
	C40C : C4;
	C40D : C4;
	C40E : C4;
	C40F : C4;
	C410 : C4;
	C411 : C4;
	C412 : C4;
	C413 : C4;
	C414 : C4;
	C415 : C4;
	C416 : C4;
	C417 : C4;
	C418 : C4;
	C419 : C4;
	C41A : C4;
	C41B : C4;
	C41C : C4;
	C41D : C4;
	C41E : C4;
	C41F : C4;
	C420 : C4;
	C421 : C3;
	C422 : C3;
	C423 : C3;
	C424 : C3;
	C425 : C3;
	C426 : C3;
	C427 : C3;
	C428 : C3;
	C429 : C3;
	C42A : C3;
	C42B : C3;
	C42C : C2;
	C42D : C2;
	C42E : C2;
	C42F : C2;
	C430 : C2;
	C431 : C2;
	C432 : C2;
	C433 : C1;
	C434 : C1;
	C435 : C1;
	C436 : C0;
	C437 : C0;
	C438 : C0;
	C439 : BF;
	C43A : BE;
	C43B : BD;
	C43C : BC;
	C43D : BB;
	C43E : BA;
	C43F : B9;
	C440 : B8;
	C441 : B4;
	C442 : B0;
	C443 : A8;
	C444 : 00;
	C445 : 28;
	C446 : 30;
	C447 : 34;
	C448 : 38;
	C449 : 3C;
	C44A : 40;
	C44B : 42;
	C44C : 44;
	C44D : 46;
	C44E : 48;
	C44F : 49;
	C450 : 4A;
	C451 : 4C;
	C452 : 4E;
	C453 : 50;
	C454 : 51;
	C455 : 52;
	C456 : 53;
	C457 : 54;
	C458 : 55;
	C459 : 57;
	C45A : 58;
	C45B : 5A;
	C45C : 5A;
	C45D : 5C;
	C45E : 5C;
	C45F : 5E;
	C460 : 5E;
	C461 : 60;
	C462 : 61;
	C463 : 62;
	C464 : 63;
	C465 : 64;
	C466 : 65;
	C467 : 66;
	C468 : 67;
	C469 : 69;
	C46A : 6A;
	C46B : 6B;
	C46C : 6C;
	C46D : 6D;
	C46E : 6E;
	C46F : 6F;
	C470 : 70;
	C471 : 71;
	C472 : 72;
	C473 : 73;
	C474 : 74;
	C475 : 75;
	C476 : 76;
	C477 : 77;
	C478 : 78;
	C479 : 79;
	C47A : 7A;
	C47B : 7B;
	C47C : 7C;
	C47D : 7D;
	C47E : 7E;
	C47F : 7F;
	C480 : C4;
	C481 : C4;
	C482 : C4;
	C483 : C4;
	C484 : C4;
	C485 : C4;
	C486 : C4;
	C487 : C4;
	C488 : C4;
	C489 : C4;
	C48A : C4;
	C48B : C4;
	C48C : C4;
	C48D : C4;
	C48E : C4;
	C48F : C4;
	C490 : C4;
	C491 : C4;
	C492 : C4;
	C493 : C4;
	C494 : C4;
	C495 : C4;
	C496 : C4;
	C497 : C4;
	C498 : C4;
	C499 : C4;
	C49A : C4;
	C49B : C4;
	C49C : C4;
	C49D : C4;
	C49E : C4;
	C49F : C4;
	C4A0 : C4;
	C4A1 : C5;
	C4A2 : C5;
	C4A3 : C5;
	C4A4 : C5;
	C4A5 : C5;
	C4A6 : C5;
	C4A7 : C5;
	C4A8 : C5;
	C4A9 : C5;
	C4AA : C5;
	C4AB : C5;
	C4AC : C6;
	C4AD : C6;
	C4AE : C6;
	C4AF : C6;
	C4B0 : C6;
	C4B1 : C6;
	C4B2 : C6;
	C4B3 : C7;
	C4B4 : C7;
	C4B5 : C7;
	C4B6 : C8;
	C4B7 : C8;
	C4B8 : C8;
	C4B9 : C8;
	C4BA : C8;
	C4BB : C9;
	C4BC : C9;
	C4BD : C9;
	C4BE : CA;
	C4BF : CA;
	C4C0 : CA;
	C4C1 : CA;
	C4C2 : CB;
	C4C3 : CC;
	C4C4 : CC;
	C4C5 : CC;
	C4C6 : CD;
	C4C7 : CE;
	C4C8 : CE;
	C4C9 : CF;
	C4CA : D0;
	C4CB : D0;
	C4CC : D1;
	C4CD : D2;
	C4CE : D2;
	C4CF : D2;
	C4D0 : D3;
	C4D1 : D4;
	C4D2 : D5;
	C4D3 : D6;
	C4D4 : D7;
	C4D5 : D8;
	C4D6 : D8;
	C4D7 : D9;
	C4D8 : DA;
	C4D9 : DA;
	C4DA : DC;
	C4DB : DC;
	C4DC : DE;
	C4DD : DE;
	C4DE : E0;
	C4DF : E0;
	C4E0 : E1;
	C4E1 : E2;
	C4E2 : E3;
	C4E3 : E4;
	C4E4 : E5;
	C4E5 : E6;
	C4E6 : E7;
	C4E7 : E8;
	C4E8 : E8;
	C4E9 : E9;
	C4EA : EA;
	C4EB : EB;
	C4EC : EC;
	C4ED : ED;
	C4EE : EE;
	C4EF : EF;
	C4F0 : F0;
	C4F1 : F1;
	C4F2 : F2;
	C4F3 : F3;
	C4F4 : F4;
	C4F5 : F5;
	C4F6 : F6;
	C4F7 : F7;
	C4F8 : F8;
	C4F9 : F9;
	C4FA : FA;
	C4FB : FB;
	C4FC : FC;
	C4FD : FD;
	C4FE : FE;
	C4FF : 7F;
	C500 : C5;
	C501 : C5;
	C502 : C5;
	C503 : C5;
	C504 : C5;
	C505 : C5;
	C506 : C5;
	C507 : C5;
	C508 : C5;
	C509 : C5;
	C50A : C5;
	C50B : C5;
	C50C : C5;
	C50D : C5;
	C50E : C5;
	C50F : C5;
	C510 : C5;
	C511 : C5;
	C512 : C5;
	C513 : C5;
	C514 : C5;
	C515 : C5;
	C516 : C5;
	C517 : C5;
	C518 : C5;
	C519 : C5;
	C51A : C5;
	C51B : C5;
	C51C : C5;
	C51D : C5;
	C51E : C5;
	C51F : C5;
	C520 : C4;
	C521 : C4;
	C522 : C4;
	C523 : C4;
	C524 : C4;
	C525 : C4;
	C526 : C4;
	C527 : C4;
	C528 : C4;
	C529 : C4;
	C52A : C4;
	C52B : C4;
	C52C : C4;
	C52D : C3;
	C52E : C3;
	C52F : C3;
	C530 : C3;
	C531 : C3;
	C532 : C2;
	C533 : C2;
	C534 : C2;
	C535 : C2;
	C536 : C2;
	C537 : C1;
	C538 : C1;
	C539 : C0;
	C53A : C0;
	C53B : BF;
	C53C : BE;
	C53D : BD;
	C53E : BC;
	C53F : BB;
	C540 : BA;
	C541 : B8;
	C542 : B4;
	C543 : B0;
	C544 : A8;
	C545 : 00;
	C546 : 28;
	C547 : 30;
	C548 : 34;
	C549 : 3A;
	C54A : 3E;
	C54B : 41;
	C54C : 43;
	C54D : 45;
	C54E : 47;
	C54F : 48;
	C550 : 4A;
	C551 : 4C;
	C552 : 4E;
	C553 : 50;
	C554 : 51;
	C555 : 52;
	C556 : 53;
	C557 : 54;
	C558 : 55;
	C559 : 57;
	C55A : 58;
	C55B : 59;
	C55C : 5A;
	C55D : 5B;
	C55E : 5C;
	C55F : 5D;
	C560 : 5E;
	C561 : 60;
	C562 : 61;
	C563 : 62;
	C564 : 63;
	C565 : 64;
	C566 : 65;
	C567 : 66;
	C568 : 67;
	C569 : 69;
	C56A : 6A;
	C56B : 6B;
	C56C : 6C;
	C56D : 6D;
	C56E : 6E;
	C56F : 6F;
	C570 : 70;
	C571 : 71;
	C572 : 72;
	C573 : 73;
	C574 : 74;
	C575 : 75;
	C576 : 76;
	C577 : 77;
	C578 : 78;
	C579 : 79;
	C57A : 7A;
	C57B : 7B;
	C57C : 7C;
	C57D : 7D;
	C57E : 7E;
	C57F : 7F;
	C580 : C5;
	C581 : C5;
	C582 : C5;
	C583 : C5;
	C584 : C5;
	C585 : C5;
	C586 : C5;
	C587 : C5;
	C588 : C5;
	C589 : C5;
	C58A : C5;
	C58B : C5;
	C58C : C5;
	C58D : C5;
	C58E : C5;
	C58F : C5;
	C590 : C5;
	C591 : C5;
	C592 : C5;
	C593 : C5;
	C594 : C5;
	C595 : C5;
	C596 : C5;
	C597 : C5;
	C598 : C5;
	C599 : C5;
	C59A : C5;
	C59B : C5;
	C59C : C5;
	C59D : C5;
	C59E : C5;
	C59F : C5;
	C5A0 : C6;
	C5A1 : C6;
	C5A2 : C6;
	C5A3 : C6;
	C5A4 : C6;
	C5A5 : C6;
	C5A6 : C6;
	C5A7 : C6;
	C5A8 : C6;
	C5A9 : C6;
	C5AA : C6;
	C5AB : C6;
	C5AC : C6;
	C5AD : C7;
	C5AE : C7;
	C5AF : C7;
	C5B0 : C7;
	C5B1 : C7;
	C5B2 : C8;
	C5B3 : C8;
	C5B4 : C8;
	C5B5 : C8;
	C5B6 : C8;
	C5B7 : C8;
	C5B8 : C8;
	C5B9 : C9;
	C5BA : C9;
	C5BB : C9;
	C5BC : CA;
	C5BD : CA;
	C5BE : CA;
	C5BF : CA;
	C5C0 : CA;
	C5C1 : CB;
	C5C2 : CC;
	C5C3 : CC;
	C5C4 : CC;
	C5C5 : CD;
	C5C6 : CE;
	C5C7 : CE;
	C5C8 : CE;
	C5C9 : D0;
	C5CA : D0;
	C5CB : D1;
	C5CC : D1;
	C5CD : D2;
	C5CE : D2;
	C5CF : D3;
	C5D0 : D3;
	C5D1 : D4;
	C5D2 : D5;
	C5D3 : D6;
	C5D4 : D7;
	C5D5 : D8;
	C5D6 : D9;
	C5D7 : D9;
	C5D8 : DA;
	C5D9 : DB;
	C5DA : DC;
	C5DB : DD;
	C5DC : DE;
	C5DD : DF;
	C5DE : E0;
	C5DF : E0;
	C5E0 : E1;
	C5E1 : E2;
	C5E2 : E3;
	C5E3 : E4;
	C5E4 : E5;
	C5E5 : E6;
	C5E6 : E7;
	C5E7 : E8;
	C5E8 : E8;
	C5E9 : E9;
	C5EA : EA;
	C5EB : EB;
	C5EC : EC;
	C5ED : ED;
	C5EE : EE;
	C5EF : EF;
	C5F0 : F0;
	C5F1 : F1;
	C5F2 : F2;
	C5F3 : F3;
	C5F4 : F4;
	C5F5 : F5;
	C5F6 : F6;
	C5F7 : F7;
	C5F8 : F8;
	C5F9 : F9;
	C5FA : FA;
	C5FB : FB;
	C5FC : FC;
	C5FD : FD;
	C5FE : FE;
	C5FF : 7F;
	C600 : C6;
	C601 : C6;
	C602 : C6;
	C603 : C6;
	C604 : C6;
	C605 : C6;
	C606 : C6;
	C607 : C6;
	C608 : C6;
	C609 : C6;
	C60A : C6;
	C60B : C6;
	C60C : C6;
	C60D : C6;
	C60E : C6;
	C60F : C6;
	C610 : C6;
	C611 : C6;
	C612 : C6;
	C613 : C6;
	C614 : C6;
	C615 : C6;
	C616 : C6;
	C617 : C6;
	C618 : C6;
	C619 : C6;
	C61A : C6;
	C61B : C6;
	C61C : C6;
	C61D : C6;
	C61E : C6;
	C61F : C6;
	C620 : C6;
	C621 : C5;
	C622 : C5;
	C623 : C5;
	C624 : C5;
	C625 : C5;
	C626 : C5;
	C627 : C5;
	C628 : C5;
	C629 : C5;
	C62A : C5;
	C62B : C5;
	C62C : C4;
	C62D : C4;
	C62E : C4;
	C62F : C4;
	C630 : C4;
	C631 : C4;
	C632 : C4;
	C633 : C3;
	C634 : C3;
	C635 : C3;
	C636 : C2;
	C637 : C2;
	C638 : C2;
	C639 : C2;
	C63A : C1;
	C63B : C0;
	C63C : C0;
	C63D : BF;
	C63E : BE;
	C63F : BD;
	C640 : BC;
	C641 : BA;
	C642 : B8;
	C643 : B4;
	C644 : B0;
	C645 : A8;
	C646 : 00;
	C647 : 28;
	C648 : 30;
	C649 : 38;
	C64A : 3C;
	C64B : 40;
	C64C : 42;
	C64D : 44;
	C64E : 46;
	C64F : 48;
	C650 : 49;
	C651 : 4B;
	C652 : 4D;
	C653 : 4F;
	C654 : 50;
	C655 : 52;
	C656 : 52;
	C657 : 54;
	C658 : 54;
	C659 : 56;
	C65A : 58;
	C65B : 59;
	C65C : 5A;
	C65D : 5B;
	C65E : 5C;
	C65F : 5D;
	C660 : 5E;
	C661 : 60;
	C662 : 61;
	C663 : 62;
	C664 : 63;
	C665 : 64;
	C666 : 65;
	C667 : 66;
	C668 : 67;
	C669 : 69;
	C66A : 6A;
	C66B : 6B;
	C66C : 6C;
	C66D : 6D;
	C66E : 6E;
	C66F : 6F;
	C670 : 70;
	C671 : 71;
	C672 : 72;
	C673 : 73;
	C674 : 74;
	C675 : 75;
	C676 : 76;
	C677 : 77;
	C678 : 78;
	C679 : 79;
	C67A : 7A;
	C67B : 7B;
	C67C : 7C;
	C67D : 7D;
	C67E : 7E;
	C67F : 7F;
	C680 : C6;
	C681 : C6;
	C682 : C6;
	C683 : C6;
	C684 : C6;
	C685 : C6;
	C686 : C6;
	C687 : C6;
	C688 : C6;
	C689 : C6;
	C68A : C6;
	C68B : C6;
	C68C : C6;
	C68D : C6;
	C68E : C6;
	C68F : C6;
	C690 : C6;
	C691 : C6;
	C692 : C6;
	C693 : C6;
	C694 : C6;
	C695 : C6;
	C696 : C6;
	C697 : C6;
	C698 : C6;
	C699 : C6;
	C69A : C6;
	C69B : C6;
	C69C : C6;
	C69D : C6;
	C69E : C6;
	C69F : C6;
	C6A0 : C6;
	C6A1 : C7;
	C6A2 : C7;
	C6A3 : C7;
	C6A4 : C7;
	C6A5 : C7;
	C6A6 : C7;
	C6A7 : C7;
	C6A8 : C7;
	C6A9 : C7;
	C6AA : C7;
	C6AB : C7;
	C6AC : C8;
	C6AD : C8;
	C6AE : C8;
	C6AF : C8;
	C6B0 : C8;
	C6B1 : C8;
	C6B2 : C8;
	C6B3 : C8;
	C6B4 : C8;
	C6B5 : C9;
	C6B6 : C9;
	C6B7 : C9;
	C6B8 : C9;
	C6B9 : C9;
	C6BA : CA;
	C6BB : CA;
	C6BC : CA;
	C6BD : CA;
	C6BE : CA;
	C6BF : CB;
	C6C0 : CB;
	C6C1 : CC;
	C6C2 : CC;
	C6C3 : CC;
	C6C4 : CD;
	C6C5 : CE;
	C6C6 : CE;
	C6C7 : CE;
	C6C8 : CF;
	C6C9 : D0;
	C6CA : D0;
	C6CB : D1;
	C6CC : D2;
	C6CD : D2;
	C6CE : D2;
	C6CF : D3;
	C6D0 : D4;
	C6D1 : D4;
	C6D2 : D6;
	C6D3 : D6;
	C6D4 : D8;
	C6D5 : D8;
	C6D6 : D9;
	C6D7 : D9;
	C6D8 : DA;
	C6D9 : DB;
	C6DA : DC;
	C6DB : DD;
	C6DC : DE;
	C6DD : DF;
	C6DE : E0;
	C6DF : E0;
	C6E0 : E1;
	C6E1 : E2;
	C6E2 : E3;
	C6E3 : E4;
	C6E4 : E5;
	C6E5 : E6;
	C6E6 : E7;
	C6E7 : E8;
	C6E8 : E8;
	C6E9 : E9;
	C6EA : EA;
	C6EB : EB;
	C6EC : EC;
	C6ED : ED;
	C6EE : EE;
	C6EF : EF;
	C6F0 : F0;
	C6F1 : F1;
	C6F2 : F2;
	C6F3 : F3;
	C6F4 : F4;
	C6F5 : F5;
	C6F6 : F6;
	C6F7 : F7;
	C6F8 : F8;
	C6F9 : F9;
	C6FA : FA;
	C6FB : FB;
	C6FC : FC;
	C6FD : FD;
	C6FE : FE;
	C6FF : 7F;
	C700 : C7;
	C701 : C7;
	C702 : C7;
	C703 : C7;
	C704 : C7;
	C705 : C7;
	C706 : C7;
	C707 : C7;
	C708 : C7;
	C709 : C7;
	C70A : C7;
	C70B : C7;
	C70C : C7;
	C70D : C7;
	C70E : C7;
	C70F : C7;
	C710 : C7;
	C711 : C7;
	C712 : C7;
	C713 : C7;
	C714 : C7;
	C715 : C7;
	C716 : C7;
	C717 : C7;
	C718 : C7;
	C719 : C7;
	C71A : C7;
	C71B : C7;
	C71C : C7;
	C71D : C7;
	C71E : C7;
	C71F : C7;
	C720 : C6;
	C721 : C6;
	C722 : C6;
	C723 : C6;
	C724 : C6;
	C725 : C6;
	C726 : C6;
	C727 : C6;
	C728 : C6;
	C729 : C6;
	C72A : C6;
	C72B : C6;
	C72C : C6;
	C72D : C5;
	C72E : C5;
	C72F : C5;
	C730 : C5;
	C731 : C5;
	C732 : C4;
	C733 : C4;
	C734 : C4;
	C735 : C4;
	C736 : C4;
	C737 : C3;
	C738 : C3;
	C739 : C2;
	C73A : C2;
	C73B : C2;
	C73C : C1;
	C73D : C0;
	C73E : C0;
	C73F : BF;
	C740 : BE;
	C741 : BC;
	C742 : BA;
	C743 : B8;
	C744 : B4;
	C745 : B0;
	C746 : A8;
	C747 : 00;
	C748 : 28;
	C749 : 34;
	C74A : 3A;
	C74B : 3E;
	C74C : 41;
	C74D : 43;
	C74E : 45;
	C74F : 47;
	C750 : 48;
	C751 : 4A;
	C752 : 4C;
	C753 : 4E;
	C754 : 50;
	C755 : 51;
	C756 : 52;
	C757 : 53;
	C758 : 54;
	C759 : 56;
	C75A : 58;
	C75B : 59;
	C75C : 5A;
	C75D : 5B;
	C75E : 5C;
	C75F : 5D;
	C760 : 5E;
	C761 : 60;
	C762 : 61;
	C763 : 62;
	C764 : 63;
	C765 : 64;
	C766 : 65;
	C767 : 66;
	C768 : 67;
	C769 : 69;
	C76A : 6A;
	C76B : 6B;
	C76C : 6C;
	C76D : 6D;
	C76E : 6E;
	C76F : 6F;
	C770 : 70;
	C771 : 71;
	C772 : 72;
	C773 : 73;
	C774 : 74;
	C775 : 75;
	C776 : 76;
	C777 : 77;
	C778 : 78;
	C779 : 79;
	C77A : 7A;
	C77B : 7B;
	C77C : 7C;
	C77D : 7D;
	C77E : 7E;
	C77F : 7F;
	C780 : C7;
	C781 : C7;
	C782 : C7;
	C783 : C7;
	C784 : C7;
	C785 : C7;
	C786 : C7;
	C787 : C7;
	C788 : C7;
	C789 : C7;
	C78A : C7;
	C78B : C7;
	C78C : C7;
	C78D : C7;
	C78E : C7;
	C78F : C7;
	C790 : C7;
	C791 : C7;
	C792 : C7;
	C793 : C7;
	C794 : C7;
	C795 : C7;
	C796 : C7;
	C797 : C7;
	C798 : C7;
	C799 : C7;
	C79A : C7;
	C79B : C7;
	C79C : C7;
	C79D : C7;
	C79E : C7;
	C79F : C7;
	C7A0 : C8;
	C7A1 : C8;
	C7A2 : C8;
	C7A3 : C8;
	C7A4 : C8;
	C7A5 : C8;
	C7A6 : C8;
	C7A7 : C8;
	C7A8 : C8;
	C7A9 : C8;
	C7AA : C8;
	C7AB : C8;
	C7AC : C8;
	C7AD : C8;
	C7AE : C8;
	C7AF : C8;
	C7B0 : C8;
	C7B1 : C9;
	C7B2 : C9;
	C7B3 : C9;
	C7B4 : C9;
	C7B5 : C9;
	C7B6 : C9;
	C7B7 : C9;
	C7B8 : CA;
	C7B9 : CA;
	C7BA : CA;
	C7BB : CA;
	C7BC : CA;
	C7BD : CB;
	C7BE : CB;
	C7BF : CB;
	C7C0 : CC;
	C7C1 : CC;
	C7C2 : CC;
	C7C3 : CD;
	C7C4 : CE;
	C7C5 : CE;
	C7C6 : CE;
	C7C7 : CF;
	C7C8 : D0;
	C7C9 : D0;
	C7CA : D1;
	C7CB : D1;
	C7CC : D2;
	C7CD : D2;
	C7CE : D3;
	C7CF : D3;
	C7D0 : D4;
	C7D1 : D5;
	C7D2 : D6;
	C7D3 : D7;
	C7D4 : D8;
	C7D5 : D8;
	C7D6 : D9;
	C7D7 : D9;
	C7D8 : DA;
	C7D9 : DB;
	C7DA : DC;
	C7DB : DD;
	C7DC : DE;
	C7DD : DF;
	C7DE : E0;
	C7DF : E0;
	C7E0 : E1;
	C7E1 : E2;
	C7E2 : E3;
	C7E3 : E4;
	C7E4 : E5;
	C7E5 : E6;
	C7E6 : E7;
	C7E7 : E8;
	C7E8 : E8;
	C7E9 : E9;
	C7EA : EA;
	C7EB : EB;
	C7EC : EC;
	C7ED : ED;
	C7EE : EE;
	C7EF : EF;
	C7F0 : F0;
	C7F1 : F1;
	C7F2 : F2;
	C7F3 : F3;
	C7F4 : F4;
	C7F5 : F5;
	C7F6 : F6;
	C7F7 : F7;
	C7F8 : F8;
	C7F9 : F9;
	C7FA : FA;
	C7FB : FB;
	C7FC : FC;
	C7FD : FD;
	C7FE : FE;
	C7FF : 7F;
	C800 : C8;
	C801 : C8;
	C802 : C8;
	C803 : C8;
	C804 : C8;
	C805 : C8;
	C806 : C8;
	C807 : C8;
	C808 : C8;
	C809 : C8;
	C80A : C8;
	C80B : C8;
	C80C : C8;
	C80D : C8;
	C80E : C8;
	C80F : C8;
	C810 : C8;
	C811 : C8;
	C812 : C8;
	C813 : C8;
	C814 : C8;
	C815 : C8;
	C816 : C8;
	C817 : C8;
	C818 : C8;
	C819 : C8;
	C81A : C8;
	C81B : C8;
	C81C : C8;
	C81D : C8;
	C81E : C8;
	C81F : C8;
	C820 : C8;
	C821 : C7;
	C822 : C7;
	C823 : C7;
	C824 : C7;
	C825 : C7;
	C826 : C7;
	C827 : C7;
	C828 : C7;
	C829 : C7;
	C82A : C7;
	C82B : C7;
	C82C : C6;
	C82D : C6;
	C82E : C6;
	C82F : C6;
	C830 : C6;
	C831 : C6;
	C832 : C6;
	C833 : C5;
	C834 : C5;
	C835 : C5;
	C836 : C4;
	C837 : C4;
	C838 : C4;
	C839 : C4;
	C83A : C3;
	C83B : C2;
	C83C : C2;
	C83D : C2;
	C83E : C1;
	C83F : C0;
	C840 : C0;
	C841 : BE;
	C842 : BC;
	C843 : BA;
	C844 : B8;
	C845 : B4;
	C846 : B0;
	C847 : A8;
	C848 : 00;
	C849 : 30;
	C84A : 38;
	C84B : 3C;
	C84C : 40;
	C84D : 42;
	C84E : 44;
	C84F : 46;
	C850 : 48;
	C851 : 4A;
	C852 : 4C;
	C853 : 4E;
	C854 : 50;
	C855 : 51;
	C856 : 52;
	C857 : 53;
	C858 : 54;
	C859 : 56;
	C85A : 58;
	C85B : 59;
	C85C : 5A;
	C85D : 5B;
	C85E : 5C;
	C85F : 5D;
	C860 : 5E;
	C861 : 60;
	C862 : 61;
	C863 : 62;
	C864 : 63;
	C865 : 64;
	C866 : 65;
	C867 : 66;
	C868 : 67;
	C869 : 68;
	C86A : 6A;
	C86B : 6A;
	C86C : 6C;
	C86D : 6C;
	C86E : 6E;
	C86F : 6E;
	C870 : 70;
	C871 : 71;
	C872 : 72;
	C873 : 73;
	C874 : 74;
	C875 : 75;
	C876 : 76;
	C877 : 77;
	C878 : 78;
	C879 : 79;
	C87A : 7A;
	C87B : 7B;
	C87C : 7C;
	C87D : 7D;
	C87E : 7E;
	C87F : 7F;
	C880 : C8;
	C881 : C8;
	C882 : C8;
	C883 : C8;
	C884 : C8;
	C885 : C8;
	C886 : C8;
	C887 : C8;
	C888 : C8;
	C889 : C8;
	C88A : C8;
	C88B : C8;
	C88C : C8;
	C88D : C8;
	C88E : C8;
	C88F : C8;
	C890 : C8;
	C891 : C8;
	C892 : C8;
	C893 : C8;
	C894 : C8;
	C895 : C8;
	C896 : C8;
	C897 : C8;
	C898 : C8;
	C899 : C8;
	C89A : C8;
	C89B : C8;
	C89C : C8;
	C89D : C8;
	C89E : C8;
	C89F : C8;
	C8A0 : C8;
	C8A1 : C8;
	C8A2 : C8;
	C8A3 : C8;
	C8A4 : C8;
	C8A5 : C8;
	C8A6 : C8;
	C8A7 : C8;
	C8A8 : C8;
	C8A9 : C9;
	C8AA : C9;
	C8AB : C9;
	C8AC : C9;
	C8AD : C9;
	C8AE : C9;
	C8AF : C9;
	C8B0 : C9;
	C8B1 : C9;
	C8B2 : C9;
	C8B3 : C9;
	C8B4 : CA;
	C8B5 : CA;
	C8B6 : CA;
	C8B7 : CA;
	C8B8 : CA;
	C8B9 : CA;
	C8BA : CA;
	C8BB : CB;
	C8BC : CB;
	C8BD : CB;
	C8BE : CC;
	C8BF : CC;
	C8C0 : CC;
	C8C1 : CC;
	C8C2 : CD;
	C8C3 : CE;
	C8C4 : CE;
	C8C5 : CE;
	C8C6 : CF;
	C8C7 : D0;
	C8C8 : D0;
	C8C9 : D0;
	C8CA : D1;
	C8CB : D2;
	C8CC : D2;
	C8CD : D2;
	C8CE : D3;
	C8CF : D4;
	C8D0 : D4;
	C8D1 : D5;
	C8D2 : D6;
	C8D3 : D7;
	C8D4 : D8;
	C8D5 : D8;
	C8D6 : D9;
	C8D7 : DA;
	C8D8 : DA;
	C8D9 : DB;
	C8DA : DC;
	C8DB : DD;
	C8DC : DE;
	C8DD : DF;
	C8DE : E0;
	C8DF : E0;
	C8E0 : E1;
	C8E1 : E2;
	C8E2 : E3;
	C8E3 : E4;
	C8E4 : E5;
	C8E5 : E6;
	C8E6 : E7;
	C8E7 : E8;
	C8E8 : E8;
	C8E9 : EA;
	C8EA : EA;
	C8EB : EC;
	C8EC : EC;
	C8ED : EE;
	C8EE : EE;
	C8EF : F0;
	C8F0 : F0;
	C8F1 : F1;
	C8F2 : F2;
	C8F3 : F3;
	C8F4 : F4;
	C8F5 : F5;
	C8F6 : F6;
	C8F7 : F7;
	C8F8 : F8;
	C8F9 : F9;
	C8FA : FA;
	C8FB : FB;
	C8FC : FC;
	C8FD : FD;
	C8FE : FE;
	C8FF : 7F;
	C900 : C9;
	C901 : C9;
	C902 : C9;
	C903 : C9;
	C904 : C9;
	C905 : C9;
	C906 : C9;
	C907 : C9;
	C908 : C9;
	C909 : C9;
	C90A : C9;
	C90B : C9;
	C90C : C9;
	C90D : C9;
	C90E : C9;
	C90F : C9;
	C910 : C9;
	C911 : C9;
	C912 : C9;
	C913 : C9;
	C914 : C9;
	C915 : C9;
	C916 : C9;
	C917 : C9;
	C918 : C9;
	C919 : C9;
	C91A : C9;
	C91B : C9;
	C91C : C9;
	C91D : C9;
	C91E : C9;
	C91F : C9;
	C920 : C9;
	C921 : C9;
	C922 : C9;
	C923 : C9;
	C924 : C9;
	C925 : C9;
	C926 : C9;
	C927 : C9;
	C928 : C8;
	C929 : C8;
	C92A : C8;
	C92B : C8;
	C92C : C8;
	C92D : C8;
	C92E : C8;
	C92F : C8;
	C930 : C8;
	C931 : C8;
	C932 : C8;
	C933 : C7;
	C934 : C7;
	C935 : C7;
	C936 : C6;
	C937 : C6;
	C938 : C6;
	C939 : C6;
	C93A : C5;
	C93B : C4;
	C93C : C4;
	C93D : C4;
	C93E : C3;
	C93F : C2;
	C940 : C2;
	C941 : C1;
	C942 : C0;
	C943 : BE;
	C944 : BC;
	C945 : BA;
	C946 : B8;
	C947 : B4;
	C948 : B0;
	C949 : 00;
	C94A : 30;
	C94B : 38;
	C94C : 3C;
	C94D : 40;
	C94E : 42;
	C94F : 44;
	C950 : 46;
	C951 : 49;
	C952 : 4B;
	C953 : 4D;
	C954 : 4F;
	C955 : 50;
	C956 : 52;
	C957 : 52;
	C958 : 54;
	C959 : 56;
	C95A : 58;
	C95B : 59;
	C95C : 5A;
	C95D : 5B;
	C95E : 5C;
	C95F : 5D;
	C960 : 5E;
	C961 : 60;
	C962 : 61;
	C963 : 62;
	C964 : 63;
	C965 : 64;
	C966 : 65;
	C967 : 66;
	C968 : 67;
	C969 : 68;
	C96A : 69;
	C96B : 6A;
	C96C : 6B;
	C96D : 6C;
	C96E : 6D;
	C96F : 6E;
	C970 : 6F;
	C971 : 71;
	C972 : 72;
	C973 : 73;
	C974 : 74;
	C975 : 75;
	C976 : 76;
	C977 : 77;
	C978 : 78;
	C979 : 79;
	C97A : 7A;
	C97B : 7B;
	C97C : 7C;
	C97D : 7D;
	C97E : 7E;
	C97F : 7F;
	C980 : C9;
	C981 : C9;
	C982 : C9;
	C983 : C9;
	C984 : C9;
	C985 : C9;
	C986 : C9;
	C987 : C9;
	C988 : C9;
	C989 : C9;
	C98A : C9;
	C98B : C9;
	C98C : C9;
	C98D : C9;
	C98E : C9;
	C98F : C9;
	C990 : C9;
	C991 : C9;
	C992 : C9;
	C993 : C9;
	C994 : C9;
	C995 : C9;
	C996 : C9;
	C997 : C9;
	C998 : C9;
	C999 : C9;
	C99A : C9;
	C99B : C9;
	C99C : C9;
	C99D : C9;
	C99E : C9;
	C99F : C9;
	C9A0 : C9;
	C9A1 : C9;
	C9A2 : C9;
	C9A3 : C9;
	C9A4 : C9;
	C9A5 : C9;
	C9A6 : C9;
	C9A7 : C9;
	C9A8 : CA;
	C9A9 : CA;
	C9AA : CA;
	C9AB : CA;
	C9AC : CA;
	C9AD : CA;
	C9AE : CA;
	C9AF : CA;
	C9B0 : CA;
	C9B1 : CA;
	C9B2 : CA;
	C9B3 : CA;
	C9B4 : CA;
	C9B5 : CB;
	C9B6 : CB;
	C9B7 : CB;
	C9B8 : CB;
	C9B9 : CB;
	C9BA : CC;
	C9BB : CC;
	C9BC : CC;
	C9BD : CC;
	C9BE : CC;
	C9BF : CD;
	C9C0 : CD;
	C9C1 : CE;
	C9C2 : CE;
	C9C3 : CE;
	C9C4 : CF;
	C9C5 : D0;
	C9C6 : D0;
	C9C7 : D0;
	C9C8 : D0;
	C9C9 : D1;
	C9CA : D2;
	C9CB : D2;
	C9CC : D2;
	C9CD : D3;
	C9CE : D4;
	C9CF : D4;
	C9D0 : D4;
	C9D1 : D6;
	C9D2 : D6;
	C9D3 : D8;
	C9D4 : D8;
	C9D5 : D9;
	C9D6 : D9;
	C9D7 : DA;
	C9D8 : DA;
	C9D9 : DB;
	C9DA : DC;
	C9DB : DD;
	C9DC : DE;
	C9DD : DF;
	C9DE : E0;
	C9DF : E1;
	C9E0 : E1;
	C9E1 : E2;
	C9E2 : E3;
	C9E3 : E4;
	C9E4 : E5;
	C9E5 : E6;
	C9E6 : E7;
	C9E7 : E8;
	C9E8 : E9;
	C9E9 : EA;
	C9EA : EB;
	C9EB : EC;
	C9EC : ED;
	C9ED : EE;
	C9EE : EF;
	C9EF : F0;
	C9F0 : F0;
	C9F1 : F1;
	C9F2 : F2;
	C9F3 : F3;
	C9F4 : F4;
	C9F5 : F5;
	C9F6 : F6;
	C9F7 : F7;
	C9F8 : F8;
	C9F9 : F9;
	C9FA : FA;
	C9FB : FB;
	C9FC : FC;
	C9FD : FD;
	C9FE : FE;
	C9FF : 7F;
	CA00 : CA;
	CA01 : CA;
	CA02 : CA;
	CA03 : CA;
	CA04 : CA;
	CA05 : CA;
	CA06 : CA;
	CA07 : CA;
	CA08 : CA;
	CA09 : CA;
	CA0A : CA;
	CA0B : CA;
	CA0C : CA;
	CA0D : CA;
	CA0E : CA;
	CA0F : CA;
	CA10 : CA;
	CA11 : CA;
	CA12 : CA;
	CA13 : CA;
	CA14 : CA;
	CA15 : CA;
	CA16 : CA;
	CA17 : CA;
	CA18 : CA;
	CA19 : CA;
	CA1A : CA;
	CA1B : CA;
	CA1C : CA;
	CA1D : CA;
	CA1E : CA;
	CA1F : CA;
	CA20 : CA;
	CA21 : CA;
	CA22 : CA;
	CA23 : CA;
	CA24 : CA;
	CA25 : CA;
	CA26 : CA;
	CA27 : CA;
	CA28 : CA;
	CA29 : C9;
	CA2A : C9;
	CA2B : C9;
	CA2C : C9;
	CA2D : C9;
	CA2E : C9;
	CA2F : C9;
	CA30 : C9;
	CA31 : C9;
	CA32 : C9;
	CA33 : C9;
	CA34 : C8;
	CA35 : C8;
	CA36 : C8;
	CA37 : C8;
	CA38 : C8;
	CA39 : C8;
	CA3A : C7;
	CA3B : C6;
	CA3C : C6;
	CA3D : C6;
	CA3E : C5;
	CA3F : C4;
	CA40 : C4;
	CA41 : C3;
	CA42 : C2;
	CA43 : C1;
	CA44 : C0;
	CA45 : BE;
	CA46 : BC;
	CA47 : BA;
	CA48 : B8;
	CA49 : B0;
	CA4A : 00;
	CA4B : 30;
	CA4C : 38;
	CA4D : 3C;
	CA4E : 40;
	CA4F : 42;
	CA50 : 44;
	CA51 : 48;
	CA52 : 4A;
	CA53 : 4C;
	CA54 : 4E;
	CA55 : 50;
	CA56 : 51;
	CA57 : 52;
	CA58 : 53;
	CA59 : 55;
	CA5A : 57;
	CA5B : 58;
	CA5C : 5A;
	CA5D : 5A;
	CA5E : 5C;
	CA5F : 5C;
	CA60 : 5E;
	CA61 : 60;
	CA62 : 61;
	CA63 : 62;
	CA64 : 63;
	CA65 : 64;
	CA66 : 65;
	CA67 : 66;
	CA68 : 67;
	CA69 : 68;
	CA6A : 69;
	CA6B : 6A;
	CA6C : 6B;
	CA6D : 6C;
	CA6E : 6D;
	CA6F : 6E;
	CA70 : 6F;
	CA71 : 71;
	CA72 : 72;
	CA73 : 73;
	CA74 : 74;
	CA75 : 75;
	CA76 : 76;
	CA77 : 77;
	CA78 : 78;
	CA79 : 79;
	CA7A : 7A;
	CA7B : 7B;
	CA7C : 7C;
	CA7D : 7D;
	CA7E : 7E;
	CA7F : 7F;
	CA80 : CA;
	CA81 : CA;
	CA82 : CA;
	CA83 : CA;
	CA84 : CA;
	CA85 : CA;
	CA86 : CA;
	CA87 : CA;
	CA88 : CA;
	CA89 : CA;
	CA8A : CA;
	CA8B : CA;
	CA8C : CA;
	CA8D : CA;
	CA8E : CA;
	CA8F : CA;
	CA90 : CA;
	CA91 : CA;
	CA92 : CA;
	CA93 : CA;
	CA94 : CA;
	CA95 : CA;
	CA96 : CA;
	CA97 : CA;
	CA98 : CA;
	CA99 : CA;
	CA9A : CA;
	CA9B : CA;
	CA9C : CA;
	CA9D : CA;
	CA9E : CA;
	CA9F : CA;
	CAA0 : CA;
	CAA1 : CA;
	CAA2 : CA;
	CAA3 : CA;
	CAA4 : CA;
	CAA5 : CA;
	CAA6 : CA;
	CAA7 : CA;
	CAA8 : CA;
	CAA9 : CB;
	CAAA : CB;
	CAAB : CB;
	CAAC : CB;
	CAAD : CB;
	CAAE : CB;
	CAAF : CB;
	CAB0 : CB;
	CAB1 : CB;
	CAB2 : CB;
	CAB3 : CB;
	CAB4 : CC;
	CAB5 : CC;
	CAB6 : CC;
	CAB7 : CC;
	CAB8 : CC;
	CAB9 : CC;
	CABA : CC;
	CABB : CD;
	CABC : CD;
	CABD : CD;
	CABE : CE;
	CABF : CE;
	CAC0 : CE;
	CAC1 : CE;
	CAC2 : CF;
	CAC3 : D0;
	CAC4 : D0;
	CAC5 : D0;
	CAC6 : D0;
	CAC7 : D1;
	CAC8 : D1;
	CAC9 : D2;
	CACA : D2;
	CACB : D2;
	CACC : D3;
	CACD : D4;
	CACE : D4;
	CACF : D4;
	CAD0 : D5;
	CAD1 : D6;
	CAD2 : D7;
	CAD3 : D8;
	CAD4 : D8;
	CAD5 : D9;
	CAD6 : DA;
	CAD7 : DA;
	CAD8 : DA;
	CAD9 : DC;
	CADA : DC;
	CADB : DE;
	CADC : DE;
	CADD : E0;
	CADE : E0;
	CADF : E1;
	CAE0 : E1;
	CAE1 : E2;
	CAE2 : E3;
	CAE3 : E4;
	CAE4 : E5;
	CAE5 : E6;
	CAE6 : E7;
	CAE7 : E8;
	CAE8 : E9;
	CAE9 : EA;
	CAEA : EB;
	CAEB : EC;
	CAEC : ED;
	CAED : EE;
	CAEE : EF;
	CAEF : F0;
	CAF0 : F0;
	CAF1 : F1;
	CAF2 : F2;
	CAF3 : F3;
	CAF4 : F4;
	CAF5 : F5;
	CAF6 : F6;
	CAF7 : F7;
	CAF8 : F8;
	CAF9 : F9;
	CAFA : FA;
	CAFB : FB;
	CAFC : FC;
	CAFD : FD;
	CAFE : FE;
	CAFF : 7F;
	CB00 : CB;
	CB01 : CB;
	CB02 : CB;
	CB03 : CB;
	CB04 : CB;
	CB05 : CB;
	CB06 : CB;
	CB07 : CB;
	CB08 : CB;
	CB09 : CB;
	CB0A : CB;
	CB0B : CB;
	CB0C : CB;
	CB0D : CB;
	CB0E : CB;
	CB0F : CB;
	CB10 : CB;
	CB11 : CB;
	CB12 : CB;
	CB13 : CB;
	CB14 : CB;
	CB15 : CB;
	CB16 : CB;
	CB17 : CB;
	CB18 : CB;
	CB19 : CB;
	CB1A : CB;
	CB1B : CB;
	CB1C : CB;
	CB1D : CB;
	CB1E : CB;
	CB1F : CB;
	CB20 : CB;
	CB21 : CB;
	CB22 : CB;
	CB23 : CB;
	CB24 : CB;
	CB25 : CB;
	CB26 : CB;
	CB27 : CB;
	CB28 : CA;
	CB29 : CA;
	CB2A : CA;
	CB2B : CA;
	CB2C : CA;
	CB2D : CA;
	CB2E : CA;
	CB2F : CA;
	CB30 : CA;
	CB31 : CA;
	CB32 : CA;
	CB33 : CA;
	CB34 : CA;
	CB35 : C9;
	CB36 : C9;
	CB37 : C9;
	CB38 : C9;
	CB39 : C9;
	CB3A : C8;
	CB3B : C8;
	CB3C : C8;
	CB3D : C8;
	CB3E : C7;
	CB3F : C6;
	CB40 : C6;
	CB41 : C5;
	CB42 : C4;
	CB43 : C3;
	CB44 : C2;
	CB45 : C1;
	CB46 : C0;
	CB47 : BE;
	CB48 : BC;
	CB49 : B8;
	CB4A : B0;
	CB4B : 00;
	CB4C : 30;
	CB4D : 38;
	CB4E : 3C;
	CB4F : 40;
	CB50 : 42;
	CB51 : 46;
	CB52 : 49;
	CB53 : 4B;
	CB54 : 4D;
	CB55 : 4F;
	CB56 : 50;
	CB57 : 52;
	CB58 : 52;
	CB59 : 54;
	CB5A : 56;
	CB5B : 58;
	CB5C : 59;
	CB5D : 5A;
	CB5E : 5B;
	CB5F : 5C;
	CB60 : 5D;
	CB61 : 5F;
	CB62 : 61;
	CB63 : 62;
	CB64 : 63;
	CB65 : 64;
	CB66 : 65;
	CB67 : 66;
	CB68 : 67;
	CB69 : 68;
	CB6A : 69;
	CB6B : 6A;
	CB6C : 6B;
	CB6D : 6C;
	CB6E : 6D;
	CB6F : 6E;
	CB70 : 6F;
	CB71 : 71;
	CB72 : 72;
	CB73 : 73;
	CB74 : 74;
	CB75 : 75;
	CB76 : 76;
	CB77 : 77;
	CB78 : 78;
	CB79 : 79;
	CB7A : 7A;
	CB7B : 7B;
	CB7C : 7C;
	CB7D : 7D;
	CB7E : 7E;
	CB7F : 7F;
	CB80 : CB;
	CB81 : CB;
	CB82 : CB;
	CB83 : CB;
	CB84 : CB;
	CB85 : CB;
	CB86 : CB;
	CB87 : CB;
	CB88 : CB;
	CB89 : CB;
	CB8A : CB;
	CB8B : CB;
	CB8C : CB;
	CB8D : CB;
	CB8E : CB;
	CB8F : CB;
	CB90 : CB;
	CB91 : CB;
	CB92 : CB;
	CB93 : CB;
	CB94 : CB;
	CB95 : CB;
	CB96 : CB;
	CB97 : CB;
	CB98 : CB;
	CB99 : CB;
	CB9A : CB;
	CB9B : CB;
	CB9C : CB;
	CB9D : CB;
	CB9E : CB;
	CB9F : CB;
	CBA0 : CB;
	CBA1 : CB;
	CBA2 : CB;
	CBA3 : CB;
	CBA4 : CB;
	CBA5 : CB;
	CBA6 : CB;
	CBA7 : CB;
	CBA8 : CC;
	CBA9 : CC;
	CBAA : CC;
	CBAB : CC;
	CBAC : CC;
	CBAD : CC;
	CBAE : CC;
	CBAF : CC;
	CBB0 : CC;
	CBB1 : CC;
	CBB2 : CC;
	CBB3 : CC;
	CBB4 : CC;
	CBB5 : CD;
	CBB6 : CD;
	CBB7 : CD;
	CBB8 : CD;
	CBB9 : CD;
	CBBA : CE;
	CBBB : CE;
	CBBC : CE;
	CBBD : CE;
	CBBE : CE;
	CBBF : CF;
	CBC0 : CF;
	CBC1 : D0;
	CBC2 : D0;
	CBC3 : D0;
	CBC4 : D0;
	CBC5 : D1;
	CBC6 : D1;
	CBC7 : D1;
	CBC8 : D2;
	CBC9 : D2;
	CBCA : D2;
	CBCB : D3;
	CBCC : D4;
	CBCD : D4;
	CBCE : D4;
	CBCF : D5;
	CBD0 : D6;
	CBD1 : D6;
	CBD2 : D8;
	CBD3 : D8;
	CBD4 : D9;
	CBD5 : D9;
	CBD6 : DA;
	CBD7 : DA;
	CBD8 : DB;
	CBD9 : DC;
	CBDA : DD;
	CBDB : DE;
	CBDC : DF;
	CBDD : E0;
	CBDE : E0;
	CBDF : E1;
	CBE0 : E1;
	CBE1 : E2;
	CBE2 : E3;
	CBE3 : E4;
	CBE4 : E5;
	CBE5 : E6;
	CBE6 : E7;
	CBE7 : E8;
	CBE8 : E9;
	CBE9 : EA;
	CBEA : EB;
	CBEB : EC;
	CBEC : ED;
	CBED : EE;
	CBEE : EF;
	CBEF : F0;
	CBF0 : F0;
	CBF1 : F1;
	CBF2 : F2;
	CBF3 : F3;
	CBF4 : F4;
	CBF5 : F5;
	CBF6 : F6;
	CBF7 : F7;
	CBF8 : F8;
	CBF9 : F9;
	CBFA : FA;
	CBFB : FB;
	CBFC : FC;
	CBFD : FD;
	CBFE : FE;
	CBFF : 7F;
	CC00 : CC;
	CC01 : CC;
	CC02 : CC;
	CC03 : CC;
	CC04 : CC;
	CC05 : CC;
	CC06 : CC;
	CC07 : CC;
	CC08 : CC;
	CC09 : CC;
	CC0A : CC;
	CC0B : CC;
	CC0C : CC;
	CC0D : CC;
	CC0E : CC;
	CC0F : CC;
	CC10 : CC;
	CC11 : CC;
	CC12 : CC;
	CC13 : CC;
	CC14 : CC;
	CC15 : CC;
	CC16 : CC;
	CC17 : CC;
	CC18 : CC;
	CC19 : CC;
	CC1A : CC;
	CC1B : CC;
	CC1C : CC;
	CC1D : CC;
	CC1E : CC;
	CC1F : CC;
	CC20 : CC;
	CC21 : CC;
	CC22 : CC;
	CC23 : CC;
	CC24 : CC;
	CC25 : CC;
	CC26 : CC;
	CC27 : CC;
	CC28 : CC;
	CC29 : CB;
	CC2A : CB;
	CC2B : CB;
	CC2C : CB;
	CC2D : CB;
	CC2E : CB;
	CC2F : CB;
	CC30 : CB;
	CC31 : CB;
	CC32 : CB;
	CC33 : CB;
	CC34 : CA;
	CC35 : CA;
	CC36 : CA;
	CC37 : CA;
	CC38 : CA;
	CC39 : CA;
	CC3A : CA;
	CC3B : C9;
	CC3C : C9;
	CC3D : C9;
	CC3E : C8;
	CC3F : C8;
	CC40 : C8;
	CC41 : C7;
	CC42 : C6;
	CC43 : C5;
	CC44 : C4;
	CC45 : C3;
	CC46 : C2;
	CC47 : C1;
	CC48 : C0;
	CC49 : BC;
	CC4A : B8;
	CC4B : B0;
	CC4C : 00;
	CC4D : 30;
	CC4E : 38;
	CC4F : 3C;
	CC50 : 40;
	CC51 : 44;
	CC52 : 48;
	CC53 : 4A;
	CC54 : 4C;
	CC55 : 4E;
	CC56 : 50;
	CC57 : 51;
	CC58 : 52;
	CC59 : 54;
	CC5A : 56;
	CC5B : 58;
	CC5C : 59;
	CC5D : 5A;
	CC5E : 5B;
	CC5F : 5C;
	CC60 : 5D;
	CC61 : 5F;
	CC62 : 60;
	CC63 : 62;
	CC64 : 62;
	CC65 : 64;
	CC66 : 64;
	CC67 : 66;
	CC68 : 66;
	CC69 : 68;
	CC6A : 69;
	CC6B : 6A;
	CC6C : 6B;
	CC6D : 6C;
	CC6E : 6D;
	CC6F : 6E;
	CC70 : 6F;
	CC71 : 71;
	CC72 : 72;
	CC73 : 73;
	CC74 : 74;
	CC75 : 75;
	CC76 : 76;
	CC77 : 77;
	CC78 : 78;
	CC79 : 79;
	CC7A : 7A;
	CC7B : 7B;
	CC7C : 7C;
	CC7D : 7D;
	CC7E : 7E;
	CC7F : 7F;
	CC80 : CC;
	CC81 : CC;
	CC82 : CC;
	CC83 : CC;
	CC84 : CC;
	CC85 : CC;
	CC86 : CC;
	CC87 : CC;
	CC88 : CC;
	CC89 : CC;
	CC8A : CC;
	CC8B : CC;
	CC8C : CC;
	CC8D : CC;
	CC8E : CC;
	CC8F : CC;
	CC90 : CC;
	CC91 : CC;
	CC92 : CC;
	CC93 : CC;
	CC94 : CC;
	CC95 : CC;
	CC96 : CC;
	CC97 : CC;
	CC98 : CC;
	CC99 : CC;
	CC9A : CC;
	CC9B : CC;
	CC9C : CC;
	CC9D : CC;
	CC9E : CC;
	CC9F : CC;
	CCA0 : CC;
	CCA1 : CC;
	CCA2 : CC;
	CCA3 : CC;
	CCA4 : CC;
	CCA5 : CC;
	CCA6 : CC;
	CCA7 : CC;
	CCA8 : CC;
	CCA9 : CD;
	CCAA : CD;
	CCAB : CD;
	CCAC : CD;
	CCAD : CD;
	CCAE : CD;
	CCAF : CD;
	CCB0 : CD;
	CCB1 : CD;
	CCB2 : CD;
	CCB3 : CD;
	CCB4 : CE;
	CCB5 : CE;
	CCB6 : CE;
	CCB7 : CE;
	CCB8 : CE;
	CCB9 : CE;
	CCBA : CE;
	CCBB : CF;
	CCBC : CF;
	CCBD : CF;
	CCBE : D0;
	CCBF : D0;
	CCC0 : D0;
	CCC1 : D0;
	CCC2 : D0;
	CCC3 : D1;
	CCC4 : D1;
	CCC5 : D1;
	CCC6 : D2;
	CCC7 : D2;
	CCC8 : D2;
	CCC9 : D2;
	CCCA : D3;
	CCCB : D4;
	CCCC : D4;
	CCCD : D4;
	CCCE : D5;
	CCCF : D6;
	CCD0 : D6;
	CCD1 : D7;
	CCD2 : D8;
	CCD3 : D8;
	CCD4 : D9;
	CCD5 : DA;
	CCD6 : DA;
	CCD7 : DA;
	CCD8 : DB;
	CCD9 : DC;
	CCDA : DD;
	CCDB : DE;
	CCDC : DF;
	CCDD : E0;
	CCDE : E0;
	CCDF : E1;
	CCE0 : E2;
	CCE1 : E2;
	CCE2 : E4;
	CCE3 : E4;
	CCE4 : E6;
	CCE5 : E6;
	CCE6 : E8;
	CCE7 : E8;
	CCE8 : E9;
	CCE9 : EA;
	CCEA : EB;
	CCEB : EC;
	CCEC : ED;
	CCED : EE;
	CCEE : EF;
	CCEF : F0;
	CCF0 : F0;
	CCF1 : F1;
	CCF2 : F2;
	CCF3 : F3;
	CCF4 : F4;
	CCF5 : F5;
	CCF6 : F6;
	CCF7 : F7;
	CCF8 : F8;
	CCF9 : F9;
	CCFA : FA;
	CCFB : FB;
	CCFC : FC;
	CCFD : FD;
	CCFE : FE;
	CCFF : 7F;
	CD00 : CD;
	CD01 : CD;
	CD02 : CD;
	CD03 : CD;
	CD04 : CD;
	CD05 : CD;
	CD06 : CD;
	CD07 : CD;
	CD08 : CD;
	CD09 : CD;
	CD0A : CD;
	CD0B : CD;
	CD0C : CD;
	CD0D : CD;
	CD0E : CD;
	CD0F : CD;
	CD10 : CD;
	CD11 : CD;
	CD12 : CD;
	CD13 : CD;
	CD14 : CD;
	CD15 : CD;
	CD16 : CD;
	CD17 : CD;
	CD18 : CD;
	CD19 : CD;
	CD1A : CD;
	CD1B : CD;
	CD1C : CD;
	CD1D : CD;
	CD1E : CD;
	CD1F : CD;
	CD20 : CD;
	CD21 : CD;
	CD22 : CD;
	CD23 : CD;
	CD24 : CD;
	CD25 : CD;
	CD26 : CD;
	CD27 : CD;
	CD28 : CC;
	CD29 : CC;
	CD2A : CC;
	CD2B : CC;
	CD2C : CC;
	CD2D : CC;
	CD2E : CC;
	CD2F : CC;
	CD30 : CC;
	CD31 : CC;
	CD32 : CC;
	CD33 : CC;
	CD34 : CC;
	CD35 : CB;
	CD36 : CB;
	CD37 : CB;
	CD38 : CB;
	CD39 : CB;
	CD3A : CA;
	CD3B : CA;
	CD3C : CA;
	CD3D : CA;
	CD3E : CA;
	CD3F : C9;
	CD40 : C9;
	CD41 : C8;
	CD42 : C8;
	CD43 : C7;
	CD44 : C6;
	CD45 : C5;
	CD46 : C4;
	CD47 : C3;
	CD48 : C2;
	CD49 : C0;
	CD4A : BC;
	CD4B : B8;
	CD4C : B0;
	CD4D : 00;
	CD4E : 30;
	CD4F : 38;
	CD50 : 3C;
	CD51 : 42;
	CD52 : 46;
	CD53 : 49;
	CD54 : 4B;
	CD55 : 4D;
	CD56 : 4F;
	CD57 : 50;
	CD58 : 52;
	CD59 : 54;
	CD5A : 56;
	CD5B : 58;
	CD5C : 59;
	CD5D : 5A;
	CD5E : 5B;
	CD5F : 5C;
	CD60 : 5D;
	CD61 : 5F;
	CD62 : 60;
	CD63 : 61;
	CD64 : 62;
	CD65 : 63;
	CD66 : 64;
	CD67 : 65;
	CD68 : 66;
	CD69 : 68;
	CD6A : 69;
	CD6B : 6A;
	CD6C : 6B;
	CD6D : 6C;
	CD6E : 6D;
	CD6F : 6E;
	CD70 : 6F;
	CD71 : 71;
	CD72 : 72;
	CD73 : 73;
	CD74 : 74;
	CD75 : 75;
	CD76 : 76;
	CD77 : 77;
	CD78 : 78;
	CD79 : 79;
	CD7A : 7A;
	CD7B : 7B;
	CD7C : 7C;
	CD7D : 7D;
	CD7E : 7E;
	CD7F : 7F;
	CD80 : CD;
	CD81 : CD;
	CD82 : CD;
	CD83 : CD;
	CD84 : CD;
	CD85 : CD;
	CD86 : CD;
	CD87 : CD;
	CD88 : CD;
	CD89 : CD;
	CD8A : CD;
	CD8B : CD;
	CD8C : CD;
	CD8D : CD;
	CD8E : CD;
	CD8F : CD;
	CD90 : CD;
	CD91 : CD;
	CD92 : CD;
	CD93 : CD;
	CD94 : CD;
	CD95 : CD;
	CD96 : CD;
	CD97 : CD;
	CD98 : CD;
	CD99 : CD;
	CD9A : CD;
	CD9B : CD;
	CD9C : CD;
	CD9D : CD;
	CD9E : CD;
	CD9F : CD;
	CDA0 : CD;
	CDA1 : CD;
	CDA2 : CD;
	CDA3 : CD;
	CDA4 : CD;
	CDA5 : CD;
	CDA6 : CD;
	CDA7 : CD;
	CDA8 : CE;
	CDA9 : CE;
	CDAA : CE;
	CDAB : CE;
	CDAC : CE;
	CDAD : CE;
	CDAE : CE;
	CDAF : CE;
	CDB0 : CE;
	CDB1 : CE;
	CDB2 : CE;
	CDB3 : CE;
	CDB4 : CE;
	CDB5 : CF;
	CDB6 : CF;
	CDB7 : CF;
	CDB8 : CF;
	CDB9 : CF;
	CDBA : D0;
	CDBB : D0;
	CDBC : D0;
	CDBD : D0;
	CDBE : D0;
	CDBF : D0;
	CDC0 : D0;
	CDC1 : D1;
	CDC2 : D1;
	CDC3 : D1;
	CDC4 : D2;
	CDC5 : D2;
	CDC6 : D2;
	CDC7 : D2;
	CDC8 : D2;
	CDC9 : D3;
	CDCA : D4;
	CDCB : D4;
	CDCC : D4;
	CDCD : D5;
	CDCE : D6;
	CDCF : D6;
	CDD0 : D6;
	CDD1 : D8;
	CDD2 : D8;
	CDD3 : D9;
	CDD4 : D9;
	CDD5 : DA;
	CDD6 : DA;
	CDD7 : DB;
	CDD8 : DB;
	CDD9 : DC;
	CDDA : DD;
	CDDB : DE;
	CDDC : DF;
	CDDD : E0;
	CDDE : E1;
	CDDF : E1;
	CDE0 : E2;
	CDE1 : E3;
	CDE2 : E4;
	CDE3 : E5;
	CDE4 : E6;
	CDE5 : E7;
	CDE6 : E8;
	CDE7 : E8;
	CDE8 : E9;
	CDE9 : EA;
	CDEA : EB;
	CDEB : EC;
	CDEC : ED;
	CDED : EE;
	CDEE : EF;
	CDEF : F0;
	CDF0 : F0;
	CDF1 : F1;
	CDF2 : F2;
	CDF3 : F3;
	CDF4 : F4;
	CDF5 : F5;
	CDF6 : F6;
	CDF7 : F7;
	CDF8 : F8;
	CDF9 : F9;
	CDFA : FA;
	CDFB : FB;
	CDFC : FC;
	CDFD : FD;
	CDFE : FE;
	CDFF : 7F;
	CE00 : CE;
	CE01 : CE;
	CE02 : CE;
	CE03 : CE;
	CE04 : CE;
	CE05 : CE;
	CE06 : CE;
	CE07 : CE;
	CE08 : CE;
	CE09 : CE;
	CE0A : CE;
	CE0B : CE;
	CE0C : CE;
	CE0D : CE;
	CE0E : CE;
	CE0F : CE;
	CE10 : CE;
	CE11 : CE;
	CE12 : CE;
	CE13 : CE;
	CE14 : CE;
	CE15 : CE;
	CE16 : CE;
	CE17 : CE;
	CE18 : CE;
	CE19 : CE;
	CE1A : CE;
	CE1B : CE;
	CE1C : CE;
	CE1D : CE;
	CE1E : CE;
	CE1F : CE;
	CE20 : CE;
	CE21 : CE;
	CE22 : CE;
	CE23 : CE;
	CE24 : CE;
	CE25 : CE;
	CE26 : CE;
	CE27 : CE;
	CE28 : CE;
	CE29 : CD;
	CE2A : CD;
	CE2B : CD;
	CE2C : CD;
	CE2D : CD;
	CE2E : CD;
	CE2F : CD;
	CE30 : CD;
	CE31 : CD;
	CE32 : CD;
	CE33 : CD;
	CE34 : CC;
	CE35 : CC;
	CE36 : CC;
	CE37 : CC;
	CE38 : CC;
	CE39 : CC;
	CE3A : CC;
	CE3B : CB;
	CE3C : CB;
	CE3D : CB;
	CE3E : CA;
	CE3F : CA;
	CE40 : CA;
	CE41 : CA;
	CE42 : C9;
	CE43 : C8;
	CE44 : C8;
	CE45 : C7;
	CE46 : C6;
	CE47 : C5;
	CE48 : C4;
	CE49 : C2;
	CE4A : C0;
	CE4B : BC;
	CE4C : B8;
	CE4D : B0;
	CE4E : 00;
	CE4F : 30;
	CE50 : 38;
	CE51 : 40;
	CE52 : 44;
	CE53 : 48;
	CE54 : 4A;
	CE55 : 4C;
	CE56 : 4E;
	CE57 : 50;
	CE58 : 51;
	CE59 : 53;
	CE5A : 55;
	CE5B : 57;
	CE5C : 58;
	CE5D : 5A;
	CE5E : 5A;
	CE5F : 5C;
	CE60 : 5C;
	CE61 : 5E;
	CE62 : 60;
	CE63 : 61;
	CE64 : 62;
	CE65 : 63;
	CE66 : 64;
	CE67 : 65;
	CE68 : 66;
	CE69 : 68;
	CE6A : 69;
	CE6B : 6A;
	CE6C : 6B;
	CE6D : 6C;
	CE6E : 6D;
	CE6F : 6E;
	CE70 : 6F;
	CE71 : 71;
	CE72 : 72;
	CE73 : 73;
	CE74 : 74;
	CE75 : 75;
	CE76 : 76;
	CE77 : 77;
	CE78 : 78;
	CE79 : 79;
	CE7A : 7A;
	CE7B : 7B;
	CE7C : 7C;
	CE7D : 7D;
	CE7E : 7E;
	CE7F : 7F;
	CE80 : CE;
	CE81 : CE;
	CE82 : CE;
	CE83 : CE;
	CE84 : CE;
	CE85 : CE;
	CE86 : CE;
	CE87 : CE;
	CE88 : CE;
	CE89 : CE;
	CE8A : CE;
	CE8B : CE;
	CE8C : CE;
	CE8D : CE;
	CE8E : CE;
	CE8F : CE;
	CE90 : CE;
	CE91 : CE;
	CE92 : CE;
	CE93 : CE;
	CE94 : CE;
	CE95 : CE;
	CE96 : CE;
	CE97 : CE;
	CE98 : CE;
	CE99 : CE;
	CE9A : CE;
	CE9B : CE;
	CE9C : CE;
	CE9D : CE;
	CE9E : CE;
	CE9F : CE;
	CEA0 : CE;
	CEA1 : CE;
	CEA2 : CE;
	CEA3 : CE;
	CEA4 : CE;
	CEA5 : CE;
	CEA6 : CE;
	CEA7 : CE;
	CEA8 : CE;
	CEA9 : CF;
	CEAA : CF;
	CEAB : CF;
	CEAC : CF;
	CEAD : CF;
	CEAE : CF;
	CEAF : CF;
	CEB0 : CF;
	CEB1 : CF;
	CEB2 : CF;
	CEB3 : CF;
	CEB4 : D0;
	CEB5 : D0;
	CEB6 : D0;
	CEB7 : D0;
	CEB8 : D0;
	CEB9 : D0;
	CEBA : D0;
	CEBB : D0;
	CEBC : D0;
	CEBD : D1;
	CEBE : D1;
	CEBF : D1;
	CEC0 : D1;
	CEC1 : D1;
	CEC2 : D2;
	CEC3 : D2;
	CEC4 : D2;
	CEC5 : D2;
	CEC6 : D2;
	CEC7 : D3;
	CEC8 : D3;
	CEC9 : D4;
	CECA : D4;
	CECB : D4;
	CECC : D5;
	CECD : D6;
	CECE : D6;
	CECF : D6;
	CED0 : D7;
	CED1 : D8;
	CED2 : D8;
	CED3 : D9;
	CED4 : DA;
	CED5 : DA;
	CED6 : DA;
	CED7 : DB;
	CED8 : DC;
	CED9 : DC;
	CEDA : DE;
	CEDB : DE;
	CEDC : E0;
	CEDD : E0;
	CEDE : E1;
	CEDF : E1;
	CEE0 : E2;
	CEE1 : E3;
	CEE2 : E4;
	CEE3 : E5;
	CEE4 : E6;
	CEE5 : E7;
	CEE6 : E8;
	CEE7 : E8;
	CEE8 : E9;
	CEE9 : EA;
	CEEA : EB;
	CEEB : EC;
	CEEC : ED;
	CEED : EE;
	CEEE : EF;
	CEEF : F0;
	CEF0 : F0;
	CEF1 : F1;
	CEF2 : F2;
	CEF3 : F3;
	CEF4 : F4;
	CEF5 : F5;
	CEF6 : F6;
	CEF7 : F7;
	CEF8 : F8;
	CEF9 : F9;
	CEFA : FA;
	CEFB : FB;
	CEFC : FC;
	CEFD : FD;
	CEFE : FE;
	CEFF : 7F;
	CF00 : CF;
	CF01 : CF;
	CF02 : CF;
	CF03 : CF;
	CF04 : CF;
	CF05 : CF;
	CF06 : CF;
	CF07 : CF;
	CF08 : CF;
	CF09 : CF;
	CF0A : CF;
	CF0B : CF;
	CF0C : CF;
	CF0D : CF;
	CF0E : CF;
	CF0F : CF;
	CF10 : CF;
	CF11 : CF;
	CF12 : CF;
	CF13 : CF;
	CF14 : CF;
	CF15 : CF;
	CF16 : CF;
	CF17 : CF;
	CF18 : CF;
	CF19 : CF;
	CF1A : CF;
	CF1B : CF;
	CF1C : CF;
	CF1D : CF;
	CF1E : CF;
	CF1F : CF;
	CF20 : CF;
	CF21 : CF;
	CF22 : CF;
	CF23 : CF;
	CF24 : CF;
	CF25 : CF;
	CF26 : CF;
	CF27 : CF;
	CF28 : CE;
	CF29 : CE;
	CF2A : CE;
	CF2B : CE;
	CF2C : CE;
	CF2D : CE;
	CF2E : CE;
	CF2F : CE;
	CF30 : CE;
	CF31 : CE;
	CF32 : CE;
	CF33 : CE;
	CF34 : CE;
	CF35 : CD;
	CF36 : CD;
	CF37 : CD;
	CF38 : CD;
	CF39 : CD;
	CF3A : CC;
	CF3B : CC;
	CF3C : CC;
	CF3D : CC;
	CF3E : CC;
	CF3F : CB;
	CF40 : CB;
	CF41 : CA;
	CF42 : CA;
	CF43 : CA;
	CF44 : C9;
	CF45 : C8;
	CF46 : C8;
	CF47 : C7;
	CF48 : C6;
	CF49 : C4;
	CF4A : C2;
	CF4B : C0;
	CF4C : BC;
	CF4D : B8;
	CF4E : B0;
	CF4F : 00;
	CF50 : 30;
	CF51 : 3C;
	CF52 : 42;
	CF53 : 46;
	CF54 : 49;
	CF55 : 4B;
	CF56 : 4D;
	CF57 : 4F;
	CF58 : 50;
	CF59 : 52;
	CF5A : 54;
	CF5B : 56;
	CF5C : 58;
	CF5D : 59;
	CF5E : 5A;
	CF5F : 5B;
	CF60 : 5C;
	CF61 : 5E;
	CF62 : 60;
	CF63 : 61;
	CF64 : 62;
	CF65 : 63;
	CF66 : 64;
	CF67 : 65;
	CF68 : 66;
	CF69 : 68;
	CF6A : 69;
	CF6B : 6A;
	CF6C : 6B;
	CF6D : 6C;
	CF6E : 6D;
	CF6F : 6E;
	CF70 : 6F;
	CF71 : 71;
	CF72 : 72;
	CF73 : 73;
	CF74 : 74;
	CF75 : 75;
	CF76 : 76;
	CF77 : 77;
	CF78 : 78;
	CF79 : 79;
	CF7A : 7A;
	CF7B : 7B;
	CF7C : 7C;
	CF7D : 7D;
	CF7E : 7E;
	CF7F : 7F;
	CF80 : CF;
	CF81 : CF;
	CF82 : CF;
	CF83 : CF;
	CF84 : CF;
	CF85 : CF;
	CF86 : CF;
	CF87 : CF;
	CF88 : CF;
	CF89 : CF;
	CF8A : CF;
	CF8B : CF;
	CF8C : CF;
	CF8D : CF;
	CF8E : CF;
	CF8F : CF;
	CF90 : CF;
	CF91 : CF;
	CF92 : CF;
	CF93 : CF;
	CF94 : CF;
	CF95 : CF;
	CF96 : CF;
	CF97 : CF;
	CF98 : CF;
	CF99 : CF;
	CF9A : CF;
	CF9B : CF;
	CF9C : CF;
	CF9D : CF;
	CF9E : CF;
	CF9F : CF;
	CFA0 : CF;
	CFA1 : CF;
	CFA2 : CF;
	CFA3 : CF;
	CFA4 : CF;
	CFA5 : CF;
	CFA6 : CF;
	CFA7 : CF;
	CFA8 : D0;
	CFA9 : D0;
	CFAA : D0;
	CFAB : D0;
	CFAC : D0;
	CFAD : D0;
	CFAE : D0;
	CFAF : D0;
	CFB0 : D0;
	CFB1 : D0;
	CFB2 : D0;
	CFB3 : D0;
	CFB4 : D0;
	CFB5 : D0;
	CFB6 : D0;
	CFB7 : D0;
	CFB8 : D0;
	CFB9 : D1;
	CFBA : D1;
	CFBB : D1;
	CFBC : D1;
	CFBD : D1;
	CFBE : D1;
	CFBF : D1;
	CFC0 : D2;
	CFC1 : D2;
	CFC2 : D2;
	CFC3 : D2;
	CFC4 : D2;
	CFC5 : D3;
	CFC6 : D3;
	CFC7 : D3;
	CFC8 : D4;
	CFC9 : D4;
	CFCA : D4;
	CFCB : D5;
	CFCC : D6;
	CFCD : D6;
	CFCE : D6;
	CFCF : D7;
	CFD0 : D8;
	CFD1 : D8;
	CFD2 : D9;
	CFD3 : D9;
	CFD4 : DA;
	CFD5 : DA;
	CFD6 : DB;
	CFD7 : DB;
	CFD8 : DC;
	CFD9 : DD;
	CFDA : DE;
	CFDB : DF;
	CFDC : E0;
	CFDD : E0;
	CFDE : E1;
	CFDF : E1;
	CFE0 : E2;
	CFE1 : E3;
	CFE2 : E4;
	CFE3 : E5;
	CFE4 : E6;
	CFE5 : E7;
	CFE6 : E8;
	CFE7 : E8;
	CFE8 : E9;
	CFE9 : EA;
	CFEA : EB;
	CFEB : EC;
	CFEC : ED;
	CFED : EE;
	CFEE : EF;
	CFEF : F0;
	CFF0 : F0;
	CFF1 : F1;
	CFF2 : F2;
	CFF3 : F3;
	CFF4 : F4;
	CFF5 : F5;
	CFF6 : F6;
	CFF7 : F7;
	CFF8 : F8;
	CFF9 : F9;
	CFFA : FA;
	CFFB : FB;
	CFFC : FC;
	CFFD : FD;
	CFFE : FE;
	CFFF : 7F;
	D000 : D0;
	D001 : D0;
	D002 : D0;
	D003 : D0;
	D004 : D0;
	D005 : D0;
	D006 : D0;
	D007 : D0;
	D008 : D0;
	D009 : D0;
	D00A : D0;
	D00B : D0;
	D00C : D0;
	D00D : D0;
	D00E : D0;
	D00F : D0;
	D010 : D0;
	D011 : D0;
	D012 : D0;
	D013 : D0;
	D014 : D0;
	D015 : D0;
	D016 : D0;
	D017 : D0;
	D018 : D0;
	D019 : D0;
	D01A : D0;
	D01B : D0;
	D01C : D0;
	D01D : D0;
	D01E : D0;
	D01F : D0;
	D020 : D0;
	D021 : D0;
	D022 : D0;
	D023 : D0;
	D024 : D0;
	D025 : D0;
	D026 : D0;
	D027 : D0;
	D028 : D0;
	D029 : CF;
	D02A : CF;
	D02B : CF;
	D02C : CF;
	D02D : CF;
	D02E : CF;
	D02F : CF;
	D030 : CF;
	D031 : CF;
	D032 : CF;
	D033 : CF;
	D034 : CE;
	D035 : CE;
	D036 : CE;
	D037 : CE;
	D038 : CE;
	D039 : CE;
	D03A : CE;
	D03B : CD;
	D03C : CD;
	D03D : CD;
	D03E : CC;
	D03F : CC;
	D040 : CC;
	D041 : CC;
	D042 : CB;
	D043 : CA;
	D044 : CA;
	D045 : CA;
	D046 : C9;
	D047 : C8;
	D048 : C8;
	D049 : C6;
	D04A : C4;
	D04B : C2;
	D04C : C0;
	D04D : BC;
	D04E : B8;
	D04F : B0;
	D050 : 00;
	D051 : 38;
	D052 : 40;
	D053 : 44;
	D054 : 48;
	D055 : 4A;
	D056 : 4C;
	D057 : 4E;
	D058 : 50;
	D059 : 52;
	D05A : 54;
	D05B : 56;
	D05C : 58;
	D05D : 59;
	D05E : 5A;
	D05F : 5B;
	D060 : 5C;
	D061 : 5E;
	D062 : 60;
	D063 : 61;
	D064 : 62;
	D065 : 63;
	D066 : 64;
	D067 : 65;
	D068 : 66;
	D069 : 68;
	D06A : 69;
	D06B : 6A;
	D06C : 6B;
	D06D : 6C;
	D06E : 6D;
	D06F : 6E;
	D070 : 6F;
	D071 : 70;
	D072 : 72;
	D073 : 72;
	D074 : 74;
	D075 : 74;
	D076 : 76;
	D077 : 76;
	D078 : 78;
	D079 : 79;
	D07A : 7A;
	D07B : 7B;
	D07C : 7C;
	D07D : 7D;
	D07E : 7E;
	D07F : 7F;
	D080 : D0;
	D081 : D0;
	D082 : D0;
	D083 : D0;
	D084 : D0;
	D085 : D0;
	D086 : D0;
	D087 : D0;
	D088 : D0;
	D089 : D0;
	D08A : D0;
	D08B : D0;
	D08C : D0;
	D08D : D0;
	D08E : D0;
	D08F : D0;
	D090 : D0;
	D091 : D0;
	D092 : D0;
	D093 : D0;
	D094 : D0;
	D095 : D0;
	D096 : D0;
	D097 : D0;
	D098 : D0;
	D099 : D0;
	D09A : D0;
	D09B : D0;
	D09C : D0;
	D09D : D0;
	D09E : D0;
	D09F : D0;
	D0A0 : D0;
	D0A1 : D0;
	D0A2 : D0;
	D0A3 : D0;
	D0A4 : D0;
	D0A5 : D0;
	D0A6 : D0;
	D0A7 : D0;
	D0A8 : D0;
	D0A9 : D0;
	D0AA : D0;
	D0AB : D0;
	D0AC : D0;
	D0AD : D0;
	D0AE : D0;
	D0AF : D0;
	D0B0 : D0;
	D0B1 : D1;
	D0B2 : D1;
	D0B3 : D1;
	D0B4 : D1;
	D0B5 : D1;
	D0B6 : D1;
	D0B7 : D1;
	D0B8 : D1;
	D0B9 : D1;
	D0BA : D1;
	D0BB : D1;
	D0BC : D2;
	D0BD : D2;
	D0BE : D2;
	D0BF : D2;
	D0C0 : D2;
	D0C1 : D2;
	D0C2 : D2;
	D0C3 : D3;
	D0C4 : D3;
	D0C5 : D3;
	D0C6 : D4;
	D0C7 : D4;
	D0C8 : D4;
	D0C9 : D4;
	D0CA : D5;
	D0CB : D6;
	D0CC : D6;
	D0CD : D6;
	D0CE : D7;
	D0CF : D8;
	D0D0 : D8;
	D0D1 : D8;
	D0D2 : D9;
	D0D3 : DA;
	D0D4 : DA;
	D0D5 : DA;
	D0D6 : DB;
	D0D7 : DC;
	D0D8 : DC;
	D0D9 : DD;
	D0DA : DE;
	D0DB : DF;
	D0DC : E0;
	D0DD : E0;
	D0DE : E1;
	D0DF : E2;
	D0E0 : E2;
	D0E1 : E3;
	D0E2 : E4;
	D0E3 : E5;
	D0E4 : E6;
	D0E5 : E7;
	D0E6 : E8;
	D0E7 : E8;
	D0E8 : E9;
	D0E9 : EA;
	D0EA : EB;
	D0EB : EC;
	D0EC : ED;
	D0ED : EE;
	D0EE : EF;
	D0EF : F0;
	D0F0 : F0;
	D0F1 : F2;
	D0F2 : F2;
	D0F3 : F4;
	D0F4 : F4;
	D0F5 : F6;
	D0F6 : F6;
	D0F7 : F8;
	D0F8 : F8;
	D0F9 : F9;
	D0FA : FA;
	D0FB : FB;
	D0FC : FC;
	D0FD : FD;
	D0FE : FE;
	D0FF : 7F;
	D100 : D1;
	D101 : D1;
	D102 : D1;
	D103 : D1;
	D104 : D1;
	D105 : D1;
	D106 : D1;
	D107 : D1;
	D108 : D1;
	D109 : D1;
	D10A : D1;
	D10B : D1;
	D10C : D1;
	D10D : D1;
	D10E : D1;
	D10F : D1;
	D110 : D1;
	D111 : D1;
	D112 : D1;
	D113 : D1;
	D114 : D1;
	D115 : D1;
	D116 : D1;
	D117 : D1;
	D118 : D1;
	D119 : D1;
	D11A : D1;
	D11B : D1;
	D11C : D1;
	D11D : D1;
	D11E : D1;
	D11F : D1;
	D120 : D1;
	D121 : D1;
	D122 : D1;
	D123 : D1;
	D124 : D1;
	D125 : D1;
	D126 : D1;
	D127 : D1;
	D128 : D1;
	D129 : D1;
	D12A : D1;
	D12B : D1;
	D12C : D1;
	D12D : D1;
	D12E : D1;
	D12F : D1;
	D130 : D0;
	D131 : D0;
	D132 : D0;
	D133 : D0;
	D134 : D0;
	D135 : D0;
	D136 : D0;
	D137 : D0;
	D138 : D0;
	D139 : D0;
	D13A : D0;
	D13B : CF;
	D13C : CF;
	D13D : CF;
	D13E : CE;
	D13F : CE;
	D140 : CE;
	D141 : CE;
	D142 : CD;
	D143 : CC;
	D144 : CC;
	D145 : CC;
	D146 : CB;
	D147 : CA;
	D148 : CA;
	D149 : C9;
	D14A : C8;
	D14B : C6;
	D14C : C4;
	D14D : C2;
	D14E : C0;
	D14F : BC;
	D150 : B8;
	D151 : 00;
	D152 : 38;
	D153 : 40;
	D154 : 44;
	D155 : 48;
	D156 : 4A;
	D157 : 4C;
	D158 : 4E;
	D159 : 51;
	D15A : 53;
	D15B : 55;
	D15C : 57;
	D15D : 58;
	D15E : 5A;
	D15F : 5A;
	D160 : 5C;
	D161 : 5E;
	D162 : 60;
	D163 : 61;
	D164 : 62;
	D165 : 63;
	D166 : 64;
	D167 : 65;
	D168 : 66;
	D169 : 68;
	D16A : 69;
	D16B : 6A;
	D16C : 6B;
	D16D : 6C;
	D16E : 6D;
	D16F : 6E;
	D170 : 6F;
	D171 : 70;
	D172 : 71;
	D173 : 72;
	D174 : 73;
	D175 : 74;
	D176 : 75;
	D177 : 76;
	D178 : 77;
	D179 : 79;
	D17A : 7A;
	D17B : 7B;
	D17C : 7C;
	D17D : 7D;
	D17E : 7E;
	D17F : 7F;
	D180 : D1;
	D181 : D1;
	D182 : D1;
	D183 : D1;
	D184 : D1;
	D185 : D1;
	D186 : D1;
	D187 : D1;
	D188 : D1;
	D189 : D1;
	D18A : D1;
	D18B : D1;
	D18C : D1;
	D18D : D1;
	D18E : D1;
	D18F : D1;
	D190 : D1;
	D191 : D1;
	D192 : D1;
	D193 : D1;
	D194 : D1;
	D195 : D1;
	D196 : D1;
	D197 : D1;
	D198 : D1;
	D199 : D1;
	D19A : D1;
	D19B : D1;
	D19C : D1;
	D19D : D1;
	D19E : D1;
	D19F : D1;
	D1A0 : D1;
	D1A1 : D1;
	D1A2 : D1;
	D1A3 : D1;
	D1A4 : D1;
	D1A5 : D1;
	D1A6 : D1;
	D1A7 : D1;
	D1A8 : D1;
	D1A9 : D1;
	D1AA : D1;
	D1AB : D1;
	D1AC : D1;
	D1AD : D1;
	D1AE : D1;
	D1AF : D1;
	D1B0 : D2;
	D1B1 : D2;
	D1B2 : D2;
	D1B3 : D2;
	D1B4 : D2;
	D1B5 : D2;
	D1B6 : D2;
	D1B7 : D2;
	D1B8 : D2;
	D1B9 : D2;
	D1BA : D2;
	D1BB : D2;
	D1BC : D2;
	D1BD : D3;
	D1BE : D3;
	D1BF : D3;
	D1C0 : D3;
	D1C1 : D3;
	D1C2 : D4;
	D1C3 : D4;
	D1C4 : D4;
	D1C5 : D4;
	D1C6 : D4;
	D1C7 : D5;
	D1C8 : D5;
	D1C9 : D6;
	D1CA : D6;
	D1CB : D6;
	D1CC : D7;
	D1CD : D8;
	D1CE : D8;
	D1CF : D8;
	D1D0 : D8;
	D1D1 : D9;
	D1D2 : DA;
	D1D3 : DA;
	D1D4 : DA;
	D1D5 : DB;
	D1D6 : DC;
	D1D7 : DC;
	D1D8 : DC;
	D1D9 : DE;
	D1DA : DE;
	D1DB : E0;
	D1DC : E0;
	D1DD : E1;
	D1DE : E1;
	D1DF : E2;
	D1E0 : E2;
	D1E1 : E3;
	D1E2 : E4;
	D1E3 : E5;
	D1E4 : E6;
	D1E5 : E7;
	D1E6 : E8;
	D1E7 : E9;
	D1E8 : E9;
	D1E9 : EA;
	D1EA : EB;
	D1EB : EC;
	D1EC : ED;
	D1ED : EE;
	D1EE : EF;
	D1EF : F0;
	D1F0 : F1;
	D1F1 : F2;
	D1F2 : F3;
	D1F3 : F4;
	D1F4 : F5;
	D1F5 : F6;
	D1F6 : F7;
	D1F7 : F8;
	D1F8 : F8;
	D1F9 : F9;
	D1FA : FA;
	D1FB : FB;
	D1FC : FC;
	D1FD : FD;
	D1FE : FE;
	D1FF : 7F;
	D200 : D2;
	D201 : D2;
	D202 : D2;
	D203 : D2;
	D204 : D2;
	D205 : D2;
	D206 : D2;
	D207 : D2;
	D208 : D2;
	D209 : D2;
	D20A : D2;
	D20B : D2;
	D20C : D2;
	D20D : D2;
	D20E : D2;
	D20F : D2;
	D210 : D2;
	D211 : D2;
	D212 : D2;
	D213 : D2;
	D214 : D2;
	D215 : D2;
	D216 : D2;
	D217 : D2;
	D218 : D2;
	D219 : D2;
	D21A : D2;
	D21B : D2;
	D21C : D2;
	D21D : D2;
	D21E : D2;
	D21F : D2;
	D220 : D2;
	D221 : D2;
	D222 : D2;
	D223 : D2;
	D224 : D2;
	D225 : D2;
	D226 : D2;
	D227 : D2;
	D228 : D2;
	D229 : D2;
	D22A : D2;
	D22B : D2;
	D22C : D2;
	D22D : D2;
	D22E : D2;
	D22F : D2;
	D230 : D2;
	D231 : D1;
	D232 : D1;
	D233 : D1;
	D234 : D1;
	D235 : D1;
	D236 : D1;
	D237 : D1;
	D238 : D1;
	D239 : D1;
	D23A : D1;
	D23B : D1;
	D23C : D0;
	D23D : D0;
	D23E : D0;
	D23F : D0;
	D240 : D0;
	D241 : D0;
	D242 : CF;
	D243 : CE;
	D244 : CE;
	D245 : CE;
	D246 : CD;
	D247 : CC;
	D248 : CC;
	D249 : CB;
	D24A : CA;
	D24B : C9;
	D24C : C8;
	D24D : C6;
	D24E : C4;
	D24F : C2;
	D250 : C0;
	D251 : B8;
	D252 : 00;
	D253 : 38;
	D254 : 40;
	D255 : 44;
	D256 : 48;
	D257 : 4A;
	D258 : 4C;
	D259 : 50;
	D25A : 52;
	D25B : 54;
	D25C : 56;
	D25D : 58;
	D25E : 59;
	D25F : 5A;
	D260 : 5B;
	D261 : 5D;
	D262 : 5F;
	D263 : 60;
	D264 : 62;
	D265 : 62;
	D266 : 64;
	D267 : 64;
	D268 : 66;
	D269 : 68;
	D26A : 69;
	D26B : 6A;
	D26C : 6B;
	D26D : 6C;
	D26E : 6D;
	D26F : 6E;
	D270 : 6F;
	D271 : 70;
	D272 : 71;
	D273 : 72;
	D274 : 73;
	D275 : 74;
	D276 : 75;
	D277 : 76;
	D278 : 77;
	D279 : 79;
	D27A : 7A;
	D27B : 7B;
	D27C : 7C;
	D27D : 7D;
	D27E : 7E;
	D27F : 7F;
	D280 : D2;
	D281 : D2;
	D282 : D2;
	D283 : D2;
	D284 : D2;
	D285 : D2;
	D286 : D2;
	D287 : D2;
	D288 : D2;
	D289 : D2;
	D28A : D2;
	D28B : D2;
	D28C : D2;
	D28D : D2;
	D28E : D2;
	D28F : D2;
	D290 : D2;
	D291 : D2;
	D292 : D2;
	D293 : D2;
	D294 : D2;
	D295 : D2;
	D296 : D2;
	D297 : D2;
	D298 : D2;
	D299 : D2;
	D29A : D2;
	D29B : D2;
	D29C : D2;
	D29D : D2;
	D29E : D2;
	D29F : D2;
	D2A0 : D2;
	D2A1 : D2;
	D2A2 : D2;
	D2A3 : D2;
	D2A4 : D2;
	D2A5 : D2;
	D2A6 : D2;
	D2A7 : D2;
	D2A8 : D2;
	D2A9 : D2;
	D2AA : D2;
	D2AB : D2;
	D2AC : D2;
	D2AD : D2;
	D2AE : D2;
	D2AF : D2;
	D2B0 : D2;
	D2B1 : D3;
	D2B2 : D3;
	D2B3 : D3;
	D2B4 : D3;
	D2B5 : D3;
	D2B6 : D3;
	D2B7 : D3;
	D2B8 : D3;
	D2B9 : D3;
	D2BA : D3;
	D2BB : D3;
	D2BC : D4;
	D2BD : D4;
	D2BE : D4;
	D2BF : D4;
	D2C0 : D4;
	D2C1 : D4;
	D2C2 : D4;
	D2C3 : D5;
	D2C4 : D5;
	D2C5 : D5;
	D2C6 : D6;
	D2C7 : D6;
	D2C8 : D6;
	D2C9 : D6;
	D2CA : D7;
	D2CB : D8;
	D2CC : D8;
	D2CD : D8;
	D2CE : D8;
	D2CF : D9;
	D2D0 : D9;
	D2D1 : DA;
	D2D2 : DA;
	D2D3 : DA;
	D2D4 : DB;
	D2D5 : DC;
	D2D6 : DC;
	D2D7 : DC;
	D2D8 : DD;
	D2D9 : DE;
	D2DA : DF;
	D2DB : E0;
	D2DC : E0;
	D2DD : E1;
	D2DE : E2;
	D2DF : E2;
	D2E0 : E2;
	D2E1 : E4;
	D2E2 : E4;
	D2E3 : E6;
	D2E4 : E6;
	D2E5 : E8;
	D2E6 : E8;
	D2E7 : E9;
	D2E8 : E9;
	D2E9 : EA;
	D2EA : EB;
	D2EB : EC;
	D2EC : ED;
	D2ED : EE;
	D2EE : EF;
	D2EF : F0;
	D2F0 : F1;
	D2F1 : F2;
	D2F2 : F3;
	D2F3 : F4;
	D2F4 : F5;
	D2F5 : F6;
	D2F6 : F7;
	D2F7 : F8;
	D2F8 : F8;
	D2F9 : F9;
	D2FA : FA;
	D2FB : FB;
	D2FC : FC;
	D2FD : FD;
	D2FE : FE;
	D2FF : 7F;
	D300 : D3;
	D301 : D3;
	D302 : D3;
	D303 : D3;
	D304 : D3;
	D305 : D3;
	D306 : D3;
	D307 : D3;
	D308 : D3;
	D309 : D3;
	D30A : D3;
	D30B : D3;
	D30C : D3;
	D30D : D3;
	D30E : D3;
	D30F : D3;
	D310 : D3;
	D311 : D3;
	D312 : D3;
	D313 : D3;
	D314 : D3;
	D315 : D3;
	D316 : D3;
	D317 : D3;
	D318 : D3;
	D319 : D3;
	D31A : D3;
	D31B : D3;
	D31C : D3;
	D31D : D3;
	D31E : D3;
	D31F : D3;
	D320 : D3;
	D321 : D3;
	D322 : D3;
	D323 : D3;
	D324 : D3;
	D325 : D3;
	D326 : D3;
	D327 : D3;
	D328 : D3;
	D329 : D3;
	D32A : D3;
	D32B : D3;
	D32C : D3;
	D32D : D3;
	D32E : D3;
	D32F : D3;
	D330 : D2;
	D331 : D2;
	D332 : D2;
	D333 : D2;
	D334 : D2;
	D335 : D2;
	D336 : D2;
	D337 : D2;
	D338 : D2;
	D339 : D2;
	D33A : D2;
	D33B : D2;
	D33C : D2;
	D33D : D1;
	D33E : D1;
	D33F : D1;
	D340 : D1;
	D341 : D1;
	D342 : D0;
	D343 : D0;
	D344 : D0;
	D345 : D0;
	D346 : CF;
	D347 : CE;
	D348 : CE;
	D349 : CD;
	D34A : CC;
	D34B : CB;
	D34C : CA;
	D34D : C9;
	D34E : C8;
	D34F : C6;
	D350 : C4;
	D351 : C0;
	D352 : B8;
	D353 : 00;
	D354 : 38;
	D355 : 40;
	D356 : 44;
	D357 : 48;
	D358 : 4A;
	D359 : 4E;
	D35A : 51;
	D35B : 53;
	D35C : 55;
	D35D : 57;
	D35E : 58;
	D35F : 5A;
	D360 : 5A;
	D361 : 5C;
	D362 : 5E;
	D363 : 60;
	D364 : 61;
	D365 : 62;
	D366 : 63;
	D367 : 64;
	D368 : 65;
	D369 : 67;
	D36A : 69;
	D36B : 6A;
	D36C : 6B;
	D36D : 6C;
	D36E : 6D;
	D36F : 6E;
	D370 : 6F;
	D371 : 70;
	D372 : 71;
	D373 : 72;
	D374 : 73;
	D375 : 74;
	D376 : 75;
	D377 : 76;
	D378 : 77;
	D379 : 79;
	D37A : 7A;
	D37B : 7B;
	D37C : 7C;
	D37D : 7D;
	D37E : 7E;
	D37F : 7F;
	D380 : D3;
	D381 : D3;
	D382 : D3;
	D383 : D3;
	D384 : D3;
	D385 : D3;
	D386 : D3;
	D387 : D3;
	D388 : D3;
	D389 : D3;
	D38A : D3;
	D38B : D3;
	D38C : D3;
	D38D : D3;
	D38E : D3;
	D38F : D3;
	D390 : D3;
	D391 : D3;
	D392 : D3;
	D393 : D3;
	D394 : D3;
	D395 : D3;
	D396 : D3;
	D397 : D3;
	D398 : D3;
	D399 : D3;
	D39A : D3;
	D39B : D3;
	D39C : D3;
	D39D : D3;
	D39E : D3;
	D39F : D3;
	D3A0 : D3;
	D3A1 : D3;
	D3A2 : D3;
	D3A3 : D3;
	D3A4 : D3;
	D3A5 : D3;
	D3A6 : D3;
	D3A7 : D3;
	D3A8 : D3;
	D3A9 : D3;
	D3AA : D3;
	D3AB : D3;
	D3AC : D3;
	D3AD : D3;
	D3AE : D3;
	D3AF : D3;
	D3B0 : D4;
	D3B1 : D4;
	D3B2 : D4;
	D3B3 : D4;
	D3B4 : D4;
	D3B5 : D4;
	D3B6 : D4;
	D3B7 : D4;
	D3B8 : D4;
	D3B9 : D4;
	D3BA : D4;
	D3BB : D4;
	D3BC : D4;
	D3BD : D5;
	D3BE : D5;
	D3BF : D5;
	D3C0 : D5;
	D3C1 : D5;
	D3C2 : D6;
	D3C3 : D6;
	D3C4 : D6;
	D3C5 : D6;
	D3C6 : D6;
	D3C7 : D7;
	D3C8 : D7;
	D3C9 : D8;
	D3CA : D8;
	D3CB : D8;
	D3CC : D8;
	D3CD : D9;
	D3CE : D9;
	D3CF : D9;
	D3D0 : DA;
	D3D1 : DA;
	D3D2 : DA;
	D3D3 : DB;
	D3D4 : DC;
	D3D5 : DC;
	D3D6 : DC;
	D3D7 : DD;
	D3D8 : DE;
	D3D9 : DE;
	D3DA : E0;
	D3DB : E0;
	D3DC : E1;
	D3DD : E1;
	D3DE : E2;
	D3DF : E2;
	D3E0 : E3;
	D3E1 : E4;
	D3E2 : E5;
	D3E3 : E6;
	D3E4 : E7;
	D3E5 : E8;
	D3E6 : E8;
	D3E7 : E9;
	D3E8 : E9;
	D3E9 : EA;
	D3EA : EB;
	D3EB : EC;
	D3EC : ED;
	D3ED : EE;
	D3EE : EF;
	D3EF : F0;
	D3F0 : F1;
	D3F1 : F2;
	D3F2 : F3;
	D3F3 : F4;
	D3F4 : F5;
	D3F5 : F6;
	D3F6 : F7;
	D3F7 : F8;
	D3F8 : F8;
	D3F9 : F9;
	D3FA : FA;
	D3FB : FB;
	D3FC : FC;
	D3FD : FD;
	D3FE : FE;
	D3FF : 7F;
	D400 : D4;
	D401 : D4;
	D402 : D4;
	D403 : D4;
	D404 : D4;
	D405 : D4;
	D406 : D4;
	D407 : D4;
	D408 : D4;
	D409 : D4;
	D40A : D4;
	D40B : D4;
	D40C : D4;
	D40D : D4;
	D40E : D4;
	D40F : D4;
	D410 : D4;
	D411 : D4;
	D412 : D4;
	D413 : D4;
	D414 : D4;
	D415 : D4;
	D416 : D4;
	D417 : D4;
	D418 : D4;
	D419 : D4;
	D41A : D4;
	D41B : D4;
	D41C : D4;
	D41D : D4;
	D41E : D4;
	D41F : D4;
	D420 : D4;
	D421 : D4;
	D422 : D4;
	D423 : D4;
	D424 : D4;
	D425 : D4;
	D426 : D4;
	D427 : D4;
	D428 : D4;
	D429 : D4;
	D42A : D4;
	D42B : D4;
	D42C : D4;
	D42D : D4;
	D42E : D4;
	D42F : D4;
	D430 : D4;
	D431 : D3;
	D432 : D3;
	D433 : D3;
	D434 : D3;
	D435 : D3;
	D436 : D3;
	D437 : D3;
	D438 : D3;
	D439 : D3;
	D43A : D3;
	D43B : D3;
	D43C : D2;
	D43D : D2;
	D43E : D2;
	D43F : D2;
	D440 : D2;
	D441 : D2;
	D442 : D2;
	D443 : D1;
	D444 : D1;
	D445 : D1;
	D446 : D0;
	D447 : D0;
	D448 : D0;
	D449 : CF;
	D44A : CE;
	D44B : CD;
	D44C : CC;
	D44D : CB;
	D44E : CA;
	D44F : C9;
	D450 : C8;
	D451 : C4;
	D452 : C0;
	D453 : B8;
	D454 : 00;
	D455 : 38;
	D456 : 40;
	D457 : 44;
	D458 : 48;
	D459 : 4C;
	D45A : 50;
	D45B : 52;
	D45C : 54;
	D45D : 56;
	D45E : 58;
	D45F : 59;
	D460 : 5A;
	D461 : 5C;
	D462 : 5E;
	D463 : 60;
	D464 : 61;
	D465 : 62;
	D466 : 63;
	D467 : 64;
	D468 : 65;
	D469 : 67;
	D46A : 68;
	D46B : 6A;
	D46C : 6A;
	D46D : 6C;
	D46E : 6C;
	D46F : 6E;
	D470 : 6E;
	D471 : 70;
	D472 : 71;
	D473 : 72;
	D474 : 73;
	D475 : 74;
	D476 : 75;
	D477 : 76;
	D478 : 77;
	D479 : 79;
	D47A : 7A;
	D47B : 7B;
	D47C : 7C;
	D47D : 7D;
	D47E : 7E;
	D47F : 7F;
	D480 : D4;
	D481 : D4;
	D482 : D4;
	D483 : D4;
	D484 : D4;
	D485 : D4;
	D486 : D4;
	D487 : D4;
	D488 : D4;
	D489 : D4;
	D48A : D4;
	D48B : D4;
	D48C : D4;
	D48D : D4;
	D48E : D4;
	D48F : D4;
	D490 : D4;
	D491 : D4;
	D492 : D4;
	D493 : D4;
	D494 : D4;
	D495 : D4;
	D496 : D4;
	D497 : D4;
	D498 : D4;
	D499 : D4;
	D49A : D4;
	D49B : D4;
	D49C : D4;
	D49D : D4;
	D49E : D4;
	D49F : D4;
	D4A0 : D4;
	D4A1 : D4;
	D4A2 : D4;
	D4A3 : D4;
	D4A4 : D4;
	D4A5 : D4;
	D4A6 : D4;
	D4A7 : D4;
	D4A8 : D4;
	D4A9 : D4;
	D4AA : D4;
	D4AB : D4;
	D4AC : D4;
	D4AD : D4;
	D4AE : D4;
	D4AF : D4;
	D4B0 : D4;
	D4B1 : D5;
	D4B2 : D5;
	D4B3 : D5;
	D4B4 : D5;
	D4B5 : D5;
	D4B6 : D5;
	D4B7 : D5;
	D4B8 : D5;
	D4B9 : D5;
	D4BA : D5;
	D4BB : D5;
	D4BC : D6;
	D4BD : D6;
	D4BE : D6;
	D4BF : D6;
	D4C0 : D6;
	D4C1 : D6;
	D4C2 : D6;
	D4C3 : D7;
	D4C4 : D7;
	D4C5 : D7;
	D4C6 : D8;
	D4C7 : D8;
	D4C8 : D8;
	D4C9 : D8;
	D4CA : D8;
	D4CB : D9;
	D4CC : D9;
	D4CD : D9;
	D4CE : DA;
	D4CF : DA;
	D4D0 : DA;
	D4D1 : DA;
	D4D2 : DB;
	D4D3 : DC;
	D4D4 : DC;
	D4D5 : DC;
	D4D6 : DD;
	D4D7 : DE;
	D4D8 : DE;
	D4D9 : DF;
	D4DA : E0;
	D4DB : E0;
	D4DC : E1;
	D4DD : E2;
	D4DE : E2;
	D4DF : E2;
	D4E0 : E3;
	D4E1 : E4;
	D4E2 : E5;
	D4E3 : E6;
	D4E4 : E7;
	D4E5 : E8;
	D4E6 : E8;
	D4E7 : E9;
	D4E8 : EA;
	D4E9 : EA;
	D4EA : EC;
	D4EB : EC;
	D4EC : EE;
	D4ED : EE;
	D4EE : F0;
	D4EF : F0;
	D4F0 : F1;
	D4F1 : F2;
	D4F2 : F3;
	D4F3 : F4;
	D4F4 : F5;
	D4F5 : F6;
	D4F6 : F7;
	D4F7 : F8;
	D4F8 : F8;
	D4F9 : F9;
	D4FA : FA;
	D4FB : FB;
	D4FC : FC;
	D4FD : FD;
	D4FE : FE;
	D4FF : 7F;
	D500 : D5;
	D501 : D5;
	D502 : D5;
	D503 : D5;
	D504 : D5;
	D505 : D5;
	D506 : D5;
	D507 : D5;
	D508 : D5;
	D509 : D5;
	D50A : D5;
	D50B : D5;
	D50C : D5;
	D50D : D5;
	D50E : D5;
	D50F : D5;
	D510 : D5;
	D511 : D5;
	D512 : D5;
	D513 : D5;
	D514 : D5;
	D515 : D5;
	D516 : D5;
	D517 : D5;
	D518 : D5;
	D519 : D5;
	D51A : D5;
	D51B : D5;
	D51C : D5;
	D51D : D5;
	D51E : D5;
	D51F : D5;
	D520 : D5;
	D521 : D5;
	D522 : D5;
	D523 : D5;
	D524 : D5;
	D525 : D5;
	D526 : D5;
	D527 : D5;
	D528 : D5;
	D529 : D5;
	D52A : D5;
	D52B : D5;
	D52C : D5;
	D52D : D5;
	D52E : D5;
	D52F : D5;
	D530 : D4;
	D531 : D4;
	D532 : D4;
	D533 : D4;
	D534 : D4;
	D535 : D4;
	D536 : D4;
	D537 : D4;
	D538 : D4;
	D539 : D4;
	D53A : D4;
	D53B : D4;
	D53C : D4;
	D53D : D3;
	D53E : D3;
	D53F : D3;
	D540 : D3;
	D541 : D3;
	D542 : D2;
	D543 : D2;
	D544 : D2;
	D545 : D2;
	D546 : D2;
	D547 : D1;
	D548 : D1;
	D549 : D0;
	D54A : D0;
	D54B : CF;
	D54C : CE;
	D54D : CD;
	D54E : CC;
	D54F : CB;
	D550 : CA;
	D551 : C8;
	D552 : C4;
	D553 : C0;
	D554 : B8;
	D555 : 00;
	D556 : 38;
	D557 : 40;
	D558 : 44;
	D559 : 4A;
	D55A : 4E;
	D55B : 51;
	D55C : 53;
	D55D : 55;
	D55E : 57;
	D55F : 58;
	D560 : 5A;
	D561 : 5C;
	D562 : 5E;
	D563 : 60;
	D564 : 61;
	D565 : 62;
	D566 : 63;
	D567 : 64;
	D568 : 65;
	D569 : 67;
	D56A : 68;
	D56B : 69;
	D56C : 6A;
	D56D : 6B;
	D56E : 6C;
	D56F : 6D;
	D570 : 6E;
	D571 : 70;
	D572 : 71;
	D573 : 72;
	D574 : 73;
	D575 : 74;
	D576 : 75;
	D577 : 76;
	D578 : 77;
	D579 : 79;
	D57A : 7A;
	D57B : 7B;
	D57C : 7C;
	D57D : 7D;
	D57E : 7E;
	D57F : 7F;
	D580 : D5;
	D581 : D5;
	D582 : D5;
	D583 : D5;
	D584 : D5;
	D585 : D5;
	D586 : D5;
	D587 : D5;
	D588 : D5;
	D589 : D5;
	D58A : D5;
	D58B : D5;
	D58C : D5;
	D58D : D5;
	D58E : D5;
	D58F : D5;
	D590 : D5;
	D591 : D5;
	D592 : D5;
	D593 : D5;
	D594 : D5;
	D595 : D5;
	D596 : D5;
	D597 : D5;
	D598 : D5;
	D599 : D5;
	D59A : D5;
	D59B : D5;
	D59C : D5;
	D59D : D5;
	D59E : D5;
	D59F : D5;
	D5A0 : D5;
	D5A1 : D5;
	D5A2 : D5;
	D5A3 : D5;
	D5A4 : D5;
	D5A5 : D5;
	D5A6 : D5;
	D5A7 : D5;
	D5A8 : D5;
	D5A9 : D5;
	D5AA : D5;
	D5AB : D5;
	D5AC : D5;
	D5AD : D5;
	D5AE : D5;
	D5AF : D5;
	D5B0 : D6;
	D5B1 : D6;
	D5B2 : D6;
	D5B3 : D6;
	D5B4 : D6;
	D5B5 : D6;
	D5B6 : D6;
	D5B7 : D6;
	D5B8 : D6;
	D5B9 : D6;
	D5BA : D6;
	D5BB : D6;
	D5BC : D6;
	D5BD : D7;
	D5BE : D7;
	D5BF : D7;
	D5C0 : D7;
	D5C1 : D7;
	D5C2 : D8;
	D5C3 : D8;
	D5C4 : D8;
	D5C5 : D8;
	D5C6 : D8;
	D5C7 : D8;
	D5C8 : D8;
	D5C9 : D9;
	D5CA : D9;
	D5CB : D9;
	D5CC : DA;
	D5CD : DA;
	D5CE : DA;
	D5CF : DA;
	D5D0 : DA;
	D5D1 : DB;
	D5D2 : DC;
	D5D3 : DC;
	D5D4 : DC;
	D5D5 : DD;
	D5D6 : DE;
	D5D7 : DE;
	D5D8 : DE;
	D5D9 : E0;
	D5DA : E0;
	D5DB : E1;
	D5DC : E1;
	D5DD : E2;
	D5DE : E2;
	D5DF : E3;
	D5E0 : E3;
	D5E1 : E4;
	D5E2 : E5;
	D5E3 : E6;
	D5E4 : E7;
	D5E5 : E8;
	D5E6 : E9;
	D5E7 : E9;
	D5E8 : EA;
	D5E9 : EB;
	D5EA : EC;
	D5EB : ED;
	D5EC : EE;
	D5ED : EF;
	D5EE : F0;
	D5EF : F0;
	D5F0 : F1;
	D5F1 : F2;
	D5F2 : F3;
	D5F3 : F4;
	D5F4 : F5;
	D5F5 : F6;
	D5F6 : F7;
	D5F7 : F8;
	D5F8 : F8;
	D5F9 : F9;
	D5FA : FA;
	D5FB : FB;
	D5FC : FC;
	D5FD : FD;
	D5FE : FE;
	D5FF : 7F;
	D600 : D6;
	D601 : D6;
	D602 : D6;
	D603 : D6;
	D604 : D6;
	D605 : D6;
	D606 : D6;
	D607 : D6;
	D608 : D6;
	D609 : D6;
	D60A : D6;
	D60B : D6;
	D60C : D6;
	D60D : D6;
	D60E : D6;
	D60F : D6;
	D610 : D6;
	D611 : D6;
	D612 : D6;
	D613 : D6;
	D614 : D6;
	D615 : D6;
	D616 : D6;
	D617 : D6;
	D618 : D6;
	D619 : D6;
	D61A : D6;
	D61B : D6;
	D61C : D6;
	D61D : D6;
	D61E : D6;
	D61F : D6;
	D620 : D6;
	D621 : D6;
	D622 : D6;
	D623 : D6;
	D624 : D6;
	D625 : D6;
	D626 : D6;
	D627 : D6;
	D628 : D6;
	D629 : D6;
	D62A : D6;
	D62B : D6;
	D62C : D6;
	D62D : D6;
	D62E : D6;
	D62F : D6;
	D630 : D6;
	D631 : D5;
	D632 : D5;
	D633 : D5;
	D634 : D5;
	D635 : D5;
	D636 : D5;
	D637 : D5;
	D638 : D5;
	D639 : D5;
	D63A : D5;
	D63B : D5;
	D63C : D4;
	D63D : D4;
	D63E : D4;
	D63F : D4;
	D640 : D4;
	D641 : D4;
	D642 : D4;
	D643 : D3;
	D644 : D3;
	D645 : D3;
	D646 : D2;
	D647 : D2;
	D648 : D2;
	D649 : D2;
	D64A : D1;
	D64B : D0;
	D64C : D0;
	D64D : CF;
	D64E : CE;
	D64F : CD;
	D650 : CC;
	D651 : CA;
	D652 : C8;
	D653 : C4;
	D654 : C0;
	D655 : B8;
	D656 : 00;
	D657 : 38;
	D658 : 40;
	D659 : 48;
	D65A : 4C;
	D65B : 50;
	D65C : 52;
	D65D : 54;
	D65E : 56;
	D65F : 58;
	D660 : 59;
	D661 : 5B;
	D662 : 5D;
	D663 : 5F;
	D664 : 60;
	D665 : 62;
	D666 : 62;
	D667 : 64;
	D668 : 64;
	D669 : 66;
	D66A : 68;
	D66B : 69;
	D66C : 6A;
	D66D : 6B;
	D66E : 6C;
	D66F : 6D;
	D670 : 6E;
	D671 : 70;
	D672 : 71;
	D673 : 72;
	D674 : 73;
	D675 : 74;
	D676 : 75;
	D677 : 76;
	D678 : 77;
	D679 : 79;
	D67A : 7A;
	D67B : 7B;
	D67C : 7C;
	D67D : 7D;
	D67E : 7E;
	D67F : 7F;
	D680 : D6;
	D681 : D6;
	D682 : D6;
	D683 : D6;
	D684 : D6;
	D685 : D6;
	D686 : D6;
	D687 : D6;
	D688 : D6;
	D689 : D6;
	D68A : D6;
	D68B : D6;
	D68C : D6;
	D68D : D6;
	D68E : D6;
	D68F : D6;
	D690 : D6;
	D691 : D6;
	D692 : D6;
	D693 : D6;
	D694 : D6;
	D695 : D6;
	D696 : D6;
	D697 : D6;
	D698 : D6;
	D699 : D6;
	D69A : D6;
	D69B : D6;
	D69C : D6;
	D69D : D6;
	D69E : D6;
	D69F : D6;
	D6A0 : D6;
	D6A1 : D6;
	D6A2 : D6;
	D6A3 : D6;
	D6A4 : D6;
	D6A5 : D6;
	D6A6 : D6;
	D6A7 : D6;
	D6A8 : D6;
	D6A9 : D6;
	D6AA : D6;
	D6AB : D6;
	D6AC : D6;
	D6AD : D6;
	D6AE : D6;
	D6AF : D6;
	D6B0 : D6;
	D6B1 : D7;
	D6B2 : D7;
	D6B3 : D7;
	D6B4 : D7;
	D6B5 : D7;
	D6B6 : D7;
	D6B7 : D7;
	D6B8 : D7;
	D6B9 : D7;
	D6BA : D7;
	D6BB : D7;
	D6BC : D8;
	D6BD : D8;
	D6BE : D8;
	D6BF : D8;
	D6C0 : D8;
	D6C1 : D8;
	D6C2 : D8;
	D6C3 : D8;
	D6C4 : D8;
	D6C5 : D9;
	D6C6 : D9;
	D6C7 : D9;
	D6C8 : D9;
	D6C9 : D9;
	D6CA : DA;
	D6CB : DA;
	D6CC : DA;
	D6CD : DA;
	D6CE : DA;
	D6CF : DB;
	D6D0 : DB;
	D6D1 : DC;
	D6D2 : DC;
	D6D3 : DC;
	D6D4 : DD;
	D6D5 : DE;
	D6D6 : DE;
	D6D7 : DE;
	D6D8 : DF;
	D6D9 : E0;
	D6DA : E0;
	D6DB : E1;
	D6DC : E2;
	D6DD : E2;
	D6DE : E2;
	D6DF : E3;
	D6E0 : E4;
	D6E1 : E4;
	D6E2 : E6;
	D6E3 : E6;
	D6E4 : E8;
	D6E5 : E8;
	D6E6 : E9;
	D6E7 : E9;
	D6E8 : EA;
	D6E9 : EB;
	D6EA : EC;
	D6EB : ED;
	D6EC : EE;
	D6ED : EF;
	D6EE : F0;
	D6EF : F0;
	D6F0 : F1;
	D6F1 : F2;
	D6F2 : F3;
	D6F3 : F4;
	D6F4 : F5;
	D6F5 : F6;
	D6F6 : F7;
	D6F7 : F8;
	D6F8 : F8;
	D6F9 : F9;
	D6FA : FA;
	D6FB : FB;
	D6FC : FC;
	D6FD : FD;
	D6FE : FE;
	D6FF : 7F;
	D700 : D7;
	D701 : D7;
	D702 : D7;
	D703 : D7;
	D704 : D7;
	D705 : D7;
	D706 : D7;
	D707 : D7;
	D708 : D7;
	D709 : D7;
	D70A : D7;
	D70B : D7;
	D70C : D7;
	D70D : D7;
	D70E : D7;
	D70F : D7;
	D710 : D7;
	D711 : D7;
	D712 : D7;
	D713 : D7;
	D714 : D7;
	D715 : D7;
	D716 : D7;
	D717 : D7;
	D718 : D7;
	D719 : D7;
	D71A : D7;
	D71B : D7;
	D71C : D7;
	D71D : D7;
	D71E : D7;
	D71F : D7;
	D720 : D7;
	D721 : D7;
	D722 : D7;
	D723 : D7;
	D724 : D7;
	D725 : D7;
	D726 : D7;
	D727 : D7;
	D728 : D7;
	D729 : D7;
	D72A : D7;
	D72B : D7;
	D72C : D7;
	D72D : D7;
	D72E : D7;
	D72F : D7;
	D730 : D6;
	D731 : D6;
	D732 : D6;
	D733 : D6;
	D734 : D6;
	D735 : D6;
	D736 : D6;
	D737 : D6;
	D738 : D6;
	D739 : D6;
	D73A : D6;
	D73B : D6;
	D73C : D6;
	D73D : D5;
	D73E : D5;
	D73F : D5;
	D740 : D5;
	D741 : D5;
	D742 : D4;
	D743 : D4;
	D744 : D4;
	D745 : D4;
	D746 : D4;
	D747 : D3;
	D748 : D3;
	D749 : D2;
	D74A : D2;
	D74B : D2;
	D74C : D1;
	D74D : D0;
	D74E : D0;
	D74F : CF;
	D750 : CE;
	D751 : CC;
	D752 : CA;
	D753 : C8;
	D754 : C4;
	D755 : C0;
	D756 : B8;
	D757 : 00;
	D758 : 38;
	D759 : 44;
	D75A : 4A;
	D75B : 4E;
	D75C : 51;
	D75D : 53;
	D75E : 55;
	D75F : 57;
	D760 : 58;
	D761 : 5A;
	D762 : 5C;
	D763 : 5E;
	D764 : 60;
	D765 : 61;
	D766 : 62;
	D767 : 63;
	D768 : 64;
	D769 : 66;
	D76A : 68;
	D76B : 69;
	D76C : 6A;
	D76D : 6B;
	D76E : 6C;
	D76F : 6D;
	D770 : 6E;
	D771 : 70;
	D772 : 71;
	D773 : 72;
	D774 : 73;
	D775 : 74;
	D776 : 75;
	D777 : 76;
	D778 : 77;
	D779 : 79;
	D77A : 7A;
	D77B : 7B;
	D77C : 7C;
	D77D : 7D;
	D77E : 7E;
	D77F : 7F;
	D780 : D7;
	D781 : D7;
	D782 : D7;
	D783 : D7;
	D784 : D7;
	D785 : D7;
	D786 : D7;
	D787 : D7;
	D788 : D7;
	D789 : D7;
	D78A : D7;
	D78B : D7;
	D78C : D7;
	D78D : D7;
	D78E : D7;
	D78F : D7;
	D790 : D7;
	D791 : D7;
	D792 : D7;
	D793 : D7;
	D794 : D7;
	D795 : D7;
	D796 : D7;
	D797 : D7;
	D798 : D7;
	D799 : D7;
	D79A : D7;
	D79B : D7;
	D79C : D7;
	D79D : D7;
	D79E : D7;
	D79F : D7;
	D7A0 : D7;
	D7A1 : D7;
	D7A2 : D7;
	D7A3 : D7;
	D7A4 : D7;
	D7A5 : D7;
	D7A6 : D7;
	D7A7 : D7;
	D7A8 : D7;
	D7A9 : D7;
	D7AA : D7;
	D7AB : D7;
	D7AC : D7;
	D7AD : D7;
	D7AE : D7;
	D7AF : D7;
	D7B0 : D8;
	D7B1 : D8;
	D7B2 : D8;
	D7B3 : D8;
	D7B4 : D8;
	D7B5 : D8;
	D7B6 : D8;
	D7B7 : D8;
	D7B8 : D8;
	D7B9 : D8;
	D7BA : D8;
	D7BB : D8;
	D7BC : D8;
	D7BD : D8;
	D7BE : D8;
	D7BF : D8;
	D7C0 : D8;
	D7C1 : D9;
	D7C2 : D9;
	D7C3 : D9;
	D7C4 : D9;
	D7C5 : D9;
	D7C6 : D9;
	D7C7 : D9;
	D7C8 : DA;
	D7C9 : DA;
	D7CA : DA;
	D7CB : DA;
	D7CC : DA;
	D7CD : DB;
	D7CE : DB;
	D7CF : DB;
	D7D0 : DC;
	D7D1 : DC;
	D7D2 : DC;
	D7D3 : DD;
	D7D4 : DE;
	D7D5 : DE;
	D7D6 : DE;
	D7D7 : DF;
	D7D8 : E0;
	D7D9 : E0;
	D7DA : E1;
	D7DB : E1;
	D7DC : E2;
	D7DD : E2;
	D7DE : E3;
	D7DF : E3;
	D7E0 : E4;
	D7E1 : E5;
	D7E2 : E6;
	D7E3 : E7;
	D7E4 : E8;
	D7E5 : E8;
	D7E6 : E9;
	D7E7 : E9;
	D7E8 : EA;
	D7E9 : EB;
	D7EA : EC;
	D7EB : ED;
	D7EC : EE;
	D7ED : EF;
	D7EE : F0;
	D7EF : F0;
	D7F0 : F1;
	D7F1 : F2;
	D7F2 : F3;
	D7F3 : F4;
	D7F4 : F5;
	D7F5 : F6;
	D7F6 : F7;
	D7F7 : F8;
	D7F8 : F8;
	D7F9 : F9;
	D7FA : FA;
	D7FB : FB;
	D7FC : FC;
	D7FD : FD;
	D7FE : FE;
	D7FF : 7F;
	D800 : D8;
	D801 : D8;
	D802 : D8;
	D803 : D8;
	D804 : D8;
	D805 : D8;
	D806 : D8;
	D807 : D8;
	D808 : D8;
	D809 : D8;
	D80A : D8;
	D80B : D8;
	D80C : D8;
	D80D : D8;
	D80E : D8;
	D80F : D8;
	D810 : D8;
	D811 : D8;
	D812 : D8;
	D813 : D8;
	D814 : D8;
	D815 : D8;
	D816 : D8;
	D817 : D8;
	D818 : D8;
	D819 : D8;
	D81A : D8;
	D81B : D8;
	D81C : D8;
	D81D : D8;
	D81E : D8;
	D81F : D8;
	D820 : D8;
	D821 : D8;
	D822 : D8;
	D823 : D8;
	D824 : D8;
	D825 : D8;
	D826 : D8;
	D827 : D8;
	D828 : D8;
	D829 : D8;
	D82A : D8;
	D82B : D8;
	D82C : D8;
	D82D : D8;
	D82E : D8;
	D82F : D8;
	D830 : D8;
	D831 : D7;
	D832 : D7;
	D833 : D7;
	D834 : D7;
	D835 : D7;
	D836 : D7;
	D837 : D7;
	D838 : D7;
	D839 : D7;
	D83A : D7;
	D83B : D7;
	D83C : D6;
	D83D : D6;
	D83E : D6;
	D83F : D6;
	D840 : D6;
	D841 : D6;
	D842 : D6;
	D843 : D5;
	D844 : D5;
	D845 : D5;
	D846 : D4;
	D847 : D4;
	D848 : D4;
	D849 : D4;
	D84A : D3;
	D84B : D2;
	D84C : D2;
	D84D : D2;
	D84E : D1;
	D84F : D0;
	D850 : D0;
	D851 : CE;
	D852 : CC;
	D853 : CA;
	D854 : C8;
	D855 : C4;
	D856 : C0;
	D857 : B8;
	D858 : 00;
	D859 : 40;
	D85A : 48;
	D85B : 4C;
	D85C : 50;
	D85D : 52;
	D85E : 54;
	D85F : 56;
	D860 : 58;
	D861 : 5A;
	D862 : 5C;
	D863 : 5E;
	D864 : 60;
	D865 : 61;
	D866 : 62;
	D867 : 63;
	D868 : 64;
	D869 : 66;
	D86A : 68;
	D86B : 69;
	D86C : 6A;
	D86D : 6B;
	D86E : 6C;
	D86F : 6D;
	D870 : 6E;
	D871 : 70;
	D872 : 71;
	D873 : 72;
	D874 : 73;
	D875 : 74;
	D876 : 75;
	D877 : 76;
	D878 : 77;
	D879 : 78;
	D87A : 7A;
	D87B : 7A;
	D87C : 7C;
	D87D : 7C;
	D87E : 7E;
	D87F : 7F;
	D880 : D8;
	D881 : D8;
	D882 : D8;
	D883 : D8;
	D884 : D8;
	D885 : D8;
	D886 : D8;
	D887 : D8;
	D888 : D8;
	D889 : D8;
	D88A : D8;
	D88B : D8;
	D88C : D8;
	D88D : D8;
	D88E : D8;
	D88F : D8;
	D890 : D8;
	D891 : D8;
	D892 : D8;
	D893 : D8;
	D894 : D8;
	D895 : D8;
	D896 : D8;
	D897 : D8;
	D898 : D8;
	D899 : D8;
	D89A : D8;
	D89B : D8;
	D89C : D8;
	D89D : D8;
	D89E : D8;
	D89F : D8;
	D8A0 : D8;
	D8A1 : D8;
	D8A2 : D8;
	D8A3 : D8;
	D8A4 : D8;
	D8A5 : D8;
	D8A6 : D8;
	D8A7 : D8;
	D8A8 : D8;
	D8A9 : D8;
	D8AA : D8;
	D8AB : D8;
	D8AC : D8;
	D8AD : D8;
	D8AE : D8;
	D8AF : D8;
	D8B0 : D8;
	D8B1 : D8;
	D8B2 : D8;
	D8B3 : D8;
	D8B4 : D8;
	D8B5 : D8;
	D8B6 : D8;
	D8B7 : D8;
	D8B8 : D8;
	D8B9 : D9;
	D8BA : D9;
	D8BB : D9;
	D8BC : D9;
	D8BD : D9;
	D8BE : D9;
	D8BF : D9;
	D8C0 : D9;
	D8C1 : D9;
	D8C2 : D9;
	D8C3 : D9;
	D8C4 : DA;
	D8C5 : DA;
	D8C6 : DA;
	D8C7 : DA;
	D8C8 : DA;
	D8C9 : DA;
	D8CA : DA;
	D8CB : DB;
	D8CC : DB;
	D8CD : DB;
	D8CE : DC;
	D8CF : DC;
	D8D0 : DC;
	D8D1 : DC;
	D8D2 : DD;
	D8D3 : DE;
	D8D4 : DE;
	D8D5 : DE;
	D8D6 : DF;
	D8D7 : E0;
	D8D8 : E0;
	D8D9 : E0;
	D8DA : E1;
	D8DB : E2;
	D8DC : E2;
	D8DD : E2;
	D8DE : E3;
	D8DF : E4;
	D8E0 : E4;
	D8E1 : E5;
	D8E2 : E6;
	D8E3 : E7;
	D8E4 : E8;
	D8E5 : E8;
	D8E6 : E9;
	D8E7 : EA;
	D8E8 : EA;
	D8E9 : EB;
	D8EA : EC;
	D8EB : ED;
	D8EC : EE;
	D8ED : EF;
	D8EE : F0;
	D8EF : F0;
	D8F0 : F1;
	D8F1 : F2;
	D8F2 : F3;
	D8F3 : F4;
	D8F4 : F5;
	D8F5 : F6;
	D8F6 : F7;
	D8F7 : F8;
	D8F8 : F8;
	D8F9 : FA;
	D8FA : FA;
	D8FB : FC;
	D8FC : FC;
	D8FD : FE;
	D8FE : FE;
	D8FF : 7F;
	D900 : D9;
	D901 : D9;
	D902 : D9;
	D903 : D9;
	D904 : D9;
	D905 : D9;
	D906 : D9;
	D907 : D9;
	D908 : D9;
	D909 : D9;
	D90A : D9;
	D90B : D9;
	D90C : D9;
	D90D : D9;
	D90E : D9;
	D90F : D9;
	D910 : D9;
	D911 : D9;
	D912 : D9;
	D913 : D9;
	D914 : D9;
	D915 : D9;
	D916 : D9;
	D917 : D9;
	D918 : D9;
	D919 : D9;
	D91A : D9;
	D91B : D9;
	D91C : D9;
	D91D : D9;
	D91E : D9;
	D91F : D9;
	D920 : D9;
	D921 : D9;
	D922 : D9;
	D923 : D9;
	D924 : D9;
	D925 : D9;
	D926 : D9;
	D927 : D9;
	D928 : D9;
	D929 : D9;
	D92A : D9;
	D92B : D9;
	D92C : D9;
	D92D : D9;
	D92E : D9;
	D92F : D9;
	D930 : D9;
	D931 : D9;
	D932 : D9;
	D933 : D9;
	D934 : D9;
	D935 : D9;
	D936 : D9;
	D937 : D9;
	D938 : D8;
	D939 : D8;
	D93A : D8;
	D93B : D8;
	D93C : D8;
	D93D : D8;
	D93E : D8;
	D93F : D8;
	D940 : D8;
	D941 : D8;
	D942 : D8;
	D943 : D7;
	D944 : D7;
	D945 : D7;
	D946 : D6;
	D947 : D6;
	D948 : D6;
	D949 : D6;
	D94A : D5;
	D94B : D4;
	D94C : D4;
	D94D : D4;
	D94E : D3;
	D94F : D2;
	D950 : D2;
	D951 : D1;
	D952 : D0;
	D953 : CE;
	D954 : CC;
	D955 : CA;
	D956 : C8;
	D957 : C4;
	D958 : C0;
	D959 : 00;
	D95A : 40;
	D95B : 48;
	D95C : 4C;
	D95D : 50;
	D95E : 52;
	D95F : 54;
	D960 : 56;
	D961 : 59;
	D962 : 5B;
	D963 : 5D;
	D964 : 5F;
	D965 : 60;
	D966 : 62;
	D967 : 62;
	D968 : 64;
	D969 : 66;
	D96A : 68;
	D96B : 69;
	D96C : 6A;
	D96D : 6B;
	D96E : 6C;
	D96F : 6D;
	D970 : 6E;
	D971 : 70;
	D972 : 71;
	D973 : 72;
	D974 : 73;
	D975 : 74;
	D976 : 75;
	D977 : 76;
	D978 : 77;
	D979 : 78;
	D97A : 79;
	D97B : 7A;
	D97C : 7B;
	D97D : 7C;
	D97E : 7D;
	D97F : 7F;
	D980 : D9;
	D981 : D9;
	D982 : D9;
	D983 : D9;
	D984 : D9;
	D985 : D9;
	D986 : D9;
	D987 : D9;
	D988 : D9;
	D989 : D9;
	D98A : D9;
	D98B : D9;
	D98C : D9;
	D98D : D9;
	D98E : D9;
	D98F : D9;
	D990 : D9;
	D991 : D9;
	D992 : D9;
	D993 : D9;
	D994 : D9;
	D995 : D9;
	D996 : D9;
	D997 : D9;
	D998 : D9;
	D999 : D9;
	D99A : D9;
	D99B : D9;
	D99C : D9;
	D99D : D9;
	D99E : D9;
	D99F : D9;
	D9A0 : D9;
	D9A1 : D9;
	D9A2 : D9;
	D9A3 : D9;
	D9A4 : D9;
	D9A5 : D9;
	D9A6 : D9;
	D9A7 : D9;
	D9A8 : D9;
	D9A9 : D9;
	D9AA : D9;
	D9AB : D9;
	D9AC : D9;
	D9AD : D9;
	D9AE : D9;
	D9AF : D9;
	D9B0 : D9;
	D9B1 : D9;
	D9B2 : D9;
	D9B3 : D9;
	D9B4 : D9;
	D9B5 : D9;
	D9B6 : D9;
	D9B7 : D9;
	D9B8 : DA;
	D9B9 : DA;
	D9BA : DA;
	D9BB : DA;
	D9BC : DA;
	D9BD : DA;
	D9BE : DA;
	D9BF : DA;
	D9C0 : DA;
	D9C1 : DA;
	D9C2 : DA;
	D9C3 : DA;
	D9C4 : DA;
	D9C5 : DB;
	D9C6 : DB;
	D9C7 : DB;
	D9C8 : DB;
	D9C9 : DB;
	D9CA : DC;
	D9CB : DC;
	D9CC : DC;
	D9CD : DC;
	D9CE : DC;
	D9CF : DD;
	D9D0 : DD;
	D9D1 : DE;
	D9D2 : DE;
	D9D3 : DE;
	D9D4 : DF;
	D9D5 : E0;
	D9D6 : E0;
	D9D7 : E0;
	D9D8 : E0;
	D9D9 : E1;
	D9DA : E2;
	D9DB : E2;
	D9DC : E2;
	D9DD : E3;
	D9DE : E4;
	D9DF : E4;
	D9E0 : E4;
	D9E1 : E6;
	D9E2 : E6;
	D9E3 : E8;
	D9E4 : E8;
	D9E5 : E9;
	D9E6 : E9;
	D9E7 : EA;
	D9E8 : EA;
	D9E9 : EB;
	D9EA : EC;
	D9EB : ED;
	D9EC : EE;
	D9ED : EF;
	D9EE : F0;
	D9EF : F1;
	D9F0 : F1;
	D9F1 : F2;
	D9F2 : F3;
	D9F3 : F4;
	D9F4 : F5;
	D9F5 : F6;
	D9F6 : F7;
	D9F7 : F8;
	D9F8 : F9;
	D9F9 : FA;
	D9FA : FB;
	D9FB : FC;
	D9FC : FD;
	D9FD : FE;
	D9FE : FE;
	D9FF : 7F;
	DA00 : DA;
	DA01 : DA;
	DA02 : DA;
	DA03 : DA;
	DA04 : DA;
	DA05 : DA;
	DA06 : DA;
	DA07 : DA;
	DA08 : DA;
	DA09 : DA;
	DA0A : DA;
	DA0B : DA;
	DA0C : DA;
	DA0D : DA;
	DA0E : DA;
	DA0F : DA;
	DA10 : DA;
	DA11 : DA;
	DA12 : DA;
	DA13 : DA;
	DA14 : DA;
	DA15 : DA;
	DA16 : DA;
	DA17 : DA;
	DA18 : DA;
	DA19 : DA;
	DA1A : DA;
	DA1B : DA;
	DA1C : DA;
	DA1D : DA;
	DA1E : DA;
	DA1F : DA;
	DA20 : DA;
	DA21 : DA;
	DA22 : DA;
	DA23 : DA;
	DA24 : DA;
	DA25 : DA;
	DA26 : DA;
	DA27 : DA;
	DA28 : DA;
	DA29 : DA;
	DA2A : DA;
	DA2B : DA;
	DA2C : DA;
	DA2D : DA;
	DA2E : DA;
	DA2F : DA;
	DA30 : DA;
	DA31 : DA;
	DA32 : DA;
	DA33 : DA;
	DA34 : DA;
	DA35 : DA;
	DA36 : DA;
	DA37 : DA;
	DA38 : DA;
	DA39 : D9;
	DA3A : D9;
	DA3B : D9;
	DA3C : D9;
	DA3D : D9;
	DA3E : D9;
	DA3F : D9;
	DA40 : D9;
	DA41 : D9;
	DA42 : D9;
	DA43 : D9;
	DA44 : D8;
	DA45 : D8;
	DA46 : D8;
	DA47 : D8;
	DA48 : D8;
	DA49 : D8;
	DA4A : D7;
	DA4B : D6;
	DA4C : D6;
	DA4D : D6;
	DA4E : D5;
	DA4F : D4;
	DA50 : D4;
	DA51 : D3;
	DA52 : D2;
	DA53 : D1;
	DA54 : D0;
	DA55 : CE;
	DA56 : CC;
	DA57 : CA;
	DA58 : C8;
	DA59 : C0;
	DA5A : 00;
	DA5B : 40;
	DA5C : 48;
	DA5D : 4C;
	DA5E : 50;
	DA5F : 52;
	DA60 : 54;
	DA61 : 58;
	DA62 : 5A;
	DA63 : 5C;
	DA64 : 5E;
	DA65 : 60;
	DA66 : 61;
	DA67 : 62;
	DA68 : 63;
	DA69 : 65;
	DA6A : 67;
	DA6B : 68;
	DA6C : 6A;
	DA6D : 6A;
	DA6E : 6C;
	DA6F : 6C;
	DA70 : 6E;
	DA71 : 70;
	DA72 : 71;
	DA73 : 72;
	DA74 : 73;
	DA75 : 74;
	DA76 : 75;
	DA77 : 76;
	DA78 : 77;
	DA79 : 78;
	DA7A : 79;
	DA7B : 7A;
	DA7C : 7B;
	DA7D : 7C;
	DA7E : 7D;
	DA7F : 7F;
	DA80 : DA;
	DA81 : DA;
	DA82 : DA;
	DA83 : DA;
	DA84 : DA;
	DA85 : DA;
	DA86 : DA;
	DA87 : DA;
	DA88 : DA;
	DA89 : DA;
	DA8A : DA;
	DA8B : DA;
	DA8C : DA;
	DA8D : DA;
	DA8E : DA;
	DA8F : DA;
	DA90 : DA;
	DA91 : DA;
	DA92 : DA;
	DA93 : DA;
	DA94 : DA;
	DA95 : DA;
	DA96 : DA;
	DA97 : DA;
	DA98 : DA;
	DA99 : DA;
	DA9A : DA;
	DA9B : DA;
	DA9C : DA;
	DA9D : DA;
	DA9E : DA;
	DA9F : DA;
	DAA0 : DA;
	DAA1 : DA;
	DAA2 : DA;
	DAA3 : DA;
	DAA4 : DA;
	DAA5 : DA;
	DAA6 : DA;
	DAA7 : DA;
	DAA8 : DA;
	DAA9 : DA;
	DAAA : DA;
	DAAB : DA;
	DAAC : DA;
	DAAD : DA;
	DAAE : DA;
	DAAF : DA;
	DAB0 : DA;
	DAB1 : DA;
	DAB2 : DA;
	DAB3 : DA;
	DAB4 : DA;
	DAB5 : DA;
	DAB6 : DA;
	DAB7 : DA;
	DAB8 : DA;
	DAB9 : DB;
	DABA : DB;
	DABB : DB;
	DABC : DB;
	DABD : DB;
	DABE : DB;
	DABF : DB;
	DAC0 : DB;
	DAC1 : DB;
	DAC2 : DB;
	DAC3 : DB;
	DAC4 : DC;
	DAC5 : DC;
	DAC6 : DC;
	DAC7 : DC;
	DAC8 : DC;
	DAC9 : DC;
	DACA : DC;
	DACB : DD;
	DACC : DD;
	DACD : DD;
	DACE : DE;
	DACF : DE;
	DAD0 : DE;
	DAD1 : DE;
	DAD2 : DF;
	DAD3 : E0;
	DAD4 : E0;
	DAD5 : E0;
	DAD6 : E0;
	DAD7 : E1;
	DAD8 : E1;
	DAD9 : E2;
	DADA : E2;
	DADB : E2;
	DADC : E3;
	DADD : E4;
	DADE : E4;
	DADF : E4;
	DAE0 : E5;
	DAE1 : E6;
	DAE2 : E7;
	DAE3 : E8;
	DAE4 : E8;
	DAE5 : E9;
	DAE6 : EA;
	DAE7 : EA;
	DAE8 : EA;
	DAE9 : EC;
	DAEA : EC;
	DAEB : EE;
	DAEC : EE;
	DAED : F0;
	DAEE : F0;
	DAEF : F1;
	DAF0 : F1;
	DAF1 : F2;
	DAF2 : F3;
	DAF3 : F4;
	DAF4 : F5;
	DAF5 : F6;
	DAF6 : F7;
	DAF7 : F8;
	DAF8 : F9;
	DAF9 : FA;
	DAFA : FB;
	DAFB : FC;
	DAFC : FD;
	DAFD : FE;
	DAFE : FE;
	DAFF : 7F;
	DB00 : DB;
	DB01 : DB;
	DB02 : DB;
	DB03 : DB;
	DB04 : DB;
	DB05 : DB;
	DB06 : DB;
	DB07 : DB;
	DB08 : DB;
	DB09 : DB;
	DB0A : DB;
	DB0B : DB;
	DB0C : DB;
	DB0D : DB;
	DB0E : DB;
	DB0F : DB;
	DB10 : DB;
	DB11 : DB;
	DB12 : DB;
	DB13 : DB;
	DB14 : DB;
	DB15 : DB;
	DB16 : DB;
	DB17 : DB;
	DB18 : DB;
	DB19 : DB;
	DB1A : DB;
	DB1B : DB;
	DB1C : DB;
	DB1D : DB;
	DB1E : DB;
	DB1F : DB;
	DB20 : DB;
	DB21 : DB;
	DB22 : DB;
	DB23 : DB;
	DB24 : DB;
	DB25 : DB;
	DB26 : DB;
	DB27 : DB;
	DB28 : DB;
	DB29 : DB;
	DB2A : DB;
	DB2B : DB;
	DB2C : DB;
	DB2D : DB;
	DB2E : DB;
	DB2F : DB;
	DB30 : DB;
	DB31 : DB;
	DB32 : DB;
	DB33 : DB;
	DB34 : DB;
	DB35 : DB;
	DB36 : DB;
	DB37 : DB;
	DB38 : DA;
	DB39 : DA;
	DB3A : DA;
	DB3B : DA;
	DB3C : DA;
	DB3D : DA;
	DB3E : DA;
	DB3F : DA;
	DB40 : DA;
	DB41 : DA;
	DB42 : DA;
	DB43 : DA;
	DB44 : DA;
	DB45 : D9;
	DB46 : D9;
	DB47 : D9;
	DB48 : D9;
	DB49 : D9;
	DB4A : D8;
	DB4B : D8;
	DB4C : D8;
	DB4D : D8;
	DB4E : D7;
	DB4F : D6;
	DB50 : D6;
	DB51 : D5;
	DB52 : D4;
	DB53 : D3;
	DB54 : D2;
	DB55 : D1;
	DB56 : D0;
	DB57 : CE;
	DB58 : CC;
	DB59 : C8;
	DB5A : C0;
	DB5B : 00;
	DB5C : 40;
	DB5D : 48;
	DB5E : 4C;
	DB5F : 50;
	DB60 : 52;
	DB61 : 56;
	DB62 : 59;
	DB63 : 5B;
	DB64 : 5D;
	DB65 : 5F;
	DB66 : 60;
	DB67 : 62;
	DB68 : 62;
	DB69 : 64;
	DB6A : 66;
	DB6B : 68;
	DB6C : 69;
	DB6D : 6A;
	DB6E : 6B;
	DB6F : 6C;
	DB70 : 6D;
	DB71 : 6F;
	DB72 : 71;
	DB73 : 72;
	DB74 : 73;
	DB75 : 74;
	DB76 : 75;
	DB77 : 76;
	DB78 : 77;
	DB79 : 78;
	DB7A : 79;
	DB7B : 7A;
	DB7C : 7B;
	DB7D : 7C;
	DB7E : 7D;
	DB7F : 7F;
	DB80 : DB;
	DB81 : DB;
	DB82 : DB;
	DB83 : DB;
	DB84 : DB;
	DB85 : DB;
	DB86 : DB;
	DB87 : DB;
	DB88 : DB;
	DB89 : DB;
	DB8A : DB;
	DB8B : DB;
	DB8C : DB;
	DB8D : DB;
	DB8E : DB;
	DB8F : DB;
	DB90 : DB;
	DB91 : DB;
	DB92 : DB;
	DB93 : DB;
	DB94 : DB;
	DB95 : DB;
	DB96 : DB;
	DB97 : DB;
	DB98 : DB;
	DB99 : DB;
	DB9A : DB;
	DB9B : DB;
	DB9C : DB;
	DB9D : DB;
	DB9E : DB;
	DB9F : DB;
	DBA0 : DB;
	DBA1 : DB;
	DBA2 : DB;
	DBA3 : DB;
	DBA4 : DB;
	DBA5 : DB;
	DBA6 : DB;
	DBA7 : DB;
	DBA8 : DB;
	DBA9 : DB;
	DBAA : DB;
	DBAB : DB;
	DBAC : DB;
	DBAD : DB;
	DBAE : DB;
	DBAF : DB;
	DBB0 : DB;
	DBB1 : DB;
	DBB2 : DB;
	DBB3 : DB;
	DBB4 : DB;
	DBB5 : DB;
	DBB6 : DB;
	DBB7 : DB;
	DBB8 : DC;
	DBB9 : DC;
	DBBA : DC;
	DBBB : DC;
	DBBC : DC;
	DBBD : DC;
	DBBE : DC;
	DBBF : DC;
	DBC0 : DC;
	DBC1 : DC;
	DBC2 : DC;
	DBC3 : DC;
	DBC4 : DC;
	DBC5 : DD;
	DBC6 : DD;
	DBC7 : DD;
	DBC8 : DD;
	DBC9 : DD;
	DBCA : DE;
	DBCB : DE;
	DBCC : DE;
	DBCD : DE;
	DBCE : DE;
	DBCF : DF;
	DBD0 : DF;
	DBD1 : E0;
	DBD2 : E0;
	DBD3 : E0;
	DBD4 : E0;
	DBD5 : E1;
	DBD6 : E1;
	DBD7 : E1;
	DBD8 : E2;
	DBD9 : E2;
	DBDA : E2;
	DBDB : E3;
	DBDC : E4;
	DBDD : E4;
	DBDE : E4;
	DBDF : E5;
	DBE0 : E6;
	DBE1 : E6;
	DBE2 : E8;
	DBE3 : E8;
	DBE4 : E9;
	DBE5 : E9;
	DBE6 : EA;
	DBE7 : EA;
	DBE8 : EB;
	DBE9 : EC;
	DBEA : ED;
	DBEB : EE;
	DBEC : EF;
	DBED : F0;
	DBEE : F0;
	DBEF : F1;
	DBF0 : F1;
	DBF1 : F2;
	DBF2 : F3;
	DBF3 : F4;
	DBF4 : F5;
	DBF5 : F6;
	DBF6 : F7;
	DBF7 : F8;
	DBF8 : F9;
	DBF9 : FA;
	DBFA : FB;
	DBFB : FC;
	DBFC : FD;
	DBFD : FE;
	DBFE : FE;
	DBFF : 7F;
	DC00 : DC;
	DC01 : DC;
	DC02 : DC;
	DC03 : DC;
	DC04 : DC;
	DC05 : DC;
	DC06 : DC;
	DC07 : DC;
	DC08 : DC;
	DC09 : DC;
	DC0A : DC;
	DC0B : DC;
	DC0C : DC;
	DC0D : DC;
	DC0E : DC;
	DC0F : DC;
	DC10 : DC;
	DC11 : DC;
	DC12 : DC;
	DC13 : DC;
	DC14 : DC;
	DC15 : DC;
	DC16 : DC;
	DC17 : DC;
	DC18 : DC;
	DC19 : DC;
	DC1A : DC;
	DC1B : DC;
	DC1C : DC;
	DC1D : DC;
	DC1E : DC;
	DC1F : DC;
	DC20 : DC;
	DC21 : DC;
	DC22 : DC;
	DC23 : DC;
	DC24 : DC;
	DC25 : DC;
	DC26 : DC;
	DC27 : DC;
	DC28 : DC;
	DC29 : DC;
	DC2A : DC;
	DC2B : DC;
	DC2C : DC;
	DC2D : DC;
	DC2E : DC;
	DC2F : DC;
	DC30 : DC;
	DC31 : DC;
	DC32 : DC;
	DC33 : DC;
	DC34 : DC;
	DC35 : DC;
	DC36 : DC;
	DC37 : DC;
	DC38 : DC;
	DC39 : DB;
	DC3A : DB;
	DC3B : DB;
	DC3C : DB;
	DC3D : DB;
	DC3E : DB;
	DC3F : DB;
	DC40 : DB;
	DC41 : DB;
	DC42 : DB;
	DC43 : DB;
	DC44 : DA;
	DC45 : DA;
	DC46 : DA;
	DC47 : DA;
	DC48 : DA;
	DC49 : DA;
	DC4A : DA;
	DC4B : D9;
	DC4C : D9;
	DC4D : D9;
	DC4E : D8;
	DC4F : D8;
	DC50 : D8;
	DC51 : D7;
	DC52 : D6;
	DC53 : D5;
	DC54 : D4;
	DC55 : D3;
	DC56 : D2;
	DC57 : D1;
	DC58 : D0;
	DC59 : CC;
	DC5A : C8;
	DC5B : C0;
	DC5C : 00;
	DC5D : 40;
	DC5E : 48;
	DC5F : 4C;
	DC60 : 50;
	DC61 : 54;
	DC62 : 58;
	DC63 : 5A;
	DC64 : 5C;
	DC65 : 5E;
	DC66 : 60;
	DC67 : 61;
	DC68 : 62;
	DC69 : 64;
	DC6A : 66;
	DC6B : 68;
	DC6C : 69;
	DC6D : 6A;
	DC6E : 6B;
	DC6F : 6C;
	DC70 : 6D;
	DC71 : 6F;
	DC72 : 70;
	DC73 : 72;
	DC74 : 72;
	DC75 : 74;
	DC76 : 74;
	DC77 : 76;
	DC78 : 76;
	DC79 : 78;
	DC7A : 79;
	DC7B : 7A;
	DC7C : 7B;
	DC7D : 7C;
	DC7E : 7D;
	DC7F : 7F;
	DC80 : DC;
	DC81 : DC;
	DC82 : DC;
	DC83 : DC;
	DC84 : DC;
	DC85 : DC;
	DC86 : DC;
	DC87 : DC;
	DC88 : DC;
	DC89 : DC;
	DC8A : DC;
	DC8B : DC;
	DC8C : DC;
	DC8D : DC;
	DC8E : DC;
	DC8F : DC;
	DC90 : DC;
	DC91 : DC;
	DC92 : DC;
	DC93 : DC;
	DC94 : DC;
	DC95 : DC;
	DC96 : DC;
	DC97 : DC;
	DC98 : DC;
	DC99 : DC;
	DC9A : DC;
	DC9B : DC;
	DC9C : DC;
	DC9D : DC;
	DC9E : DC;
	DC9F : DC;
	DCA0 : DC;
	DCA1 : DC;
	DCA2 : DC;
	DCA3 : DC;
	DCA4 : DC;
	DCA5 : DC;
	DCA6 : DC;
	DCA7 : DC;
	DCA8 : DC;
	DCA9 : DC;
	DCAA : DC;
	DCAB : DC;
	DCAC : DC;
	DCAD : DC;
	DCAE : DC;
	DCAF : DC;
	DCB0 : DC;
	DCB1 : DC;
	DCB2 : DC;
	DCB3 : DC;
	DCB4 : DC;
	DCB5 : DC;
	DCB6 : DC;
	DCB7 : DC;
	DCB8 : DC;
	DCB9 : DD;
	DCBA : DD;
	DCBB : DD;
	DCBC : DD;
	DCBD : DD;
	DCBE : DD;
	DCBF : DD;
	DCC0 : DD;
	DCC1 : DD;
	DCC2 : DD;
	DCC3 : DD;
	DCC4 : DE;
	DCC5 : DE;
	DCC6 : DE;
	DCC7 : DE;
	DCC8 : DE;
	DCC9 : DE;
	DCCA : DE;
	DCCB : DF;
	DCCC : DF;
	DCCD : DF;
	DCCE : E0;
	DCCF : E0;
	DCD0 : E0;
	DCD1 : E0;
	DCD2 : E0;
	DCD3 : E1;
	DCD4 : E1;
	DCD5 : E1;
	DCD6 : E2;
	DCD7 : E2;
	DCD8 : E2;
	DCD9 : E2;
	DCDA : E3;
	DCDB : E4;
	DCDC : E4;
	DCDD : E4;
	DCDE : E5;
	DCDF : E6;
	DCE0 : E6;
	DCE1 : E7;
	DCE2 : E8;
	DCE3 : E8;
	DCE4 : E9;
	DCE5 : EA;
	DCE6 : EA;
	DCE7 : EA;
	DCE8 : EB;
	DCE9 : EC;
	DCEA : ED;
	DCEB : EE;
	DCEC : EF;
	DCED : F0;
	DCEE : F0;
	DCEF : F1;
	DCF0 : F2;
	DCF1 : F2;
	DCF2 : F4;
	DCF3 : F4;
	DCF4 : F6;
	DCF5 : F6;
	DCF6 : F8;
	DCF7 : F8;
	DCF8 : F9;
	DCF9 : FA;
	DCFA : FB;
	DCFB : FC;
	DCFC : FD;
	DCFD : FE;
	DCFE : FE;
	DCFF : 7F;
	DD00 : DD;
	DD01 : DD;
	DD02 : DD;
	DD03 : DD;
	DD04 : DD;
	DD05 : DD;
	DD06 : DD;
	DD07 : DD;
	DD08 : DD;
	DD09 : DD;
	DD0A : DD;
	DD0B : DD;
	DD0C : DD;
	DD0D : DD;
	DD0E : DD;
	DD0F : DD;
	DD10 : DD;
	DD11 : DD;
	DD12 : DD;
	DD13 : DD;
	DD14 : DD;
	DD15 : DD;
	DD16 : DD;
	DD17 : DD;
	DD18 : DD;
	DD19 : DD;
	DD1A : DD;
	DD1B : DD;
	DD1C : DD;
	DD1D : DD;
	DD1E : DD;
	DD1F : DD;
	DD20 : DD;
	DD21 : DD;
	DD22 : DD;
	DD23 : DD;
	DD24 : DD;
	DD25 : DD;
	DD26 : DD;
	DD27 : DD;
	DD28 : DD;
	DD29 : DD;
	DD2A : DD;
	DD2B : DD;
	DD2C : DD;
	DD2D : DD;
	DD2E : DD;
	DD2F : DD;
	DD30 : DD;
	DD31 : DD;
	DD32 : DD;
	DD33 : DD;
	DD34 : DD;
	DD35 : DD;
	DD36 : DD;
	DD37 : DD;
	DD38 : DC;
	DD39 : DC;
	DD3A : DC;
	DD3B : DC;
	DD3C : DC;
	DD3D : DC;
	DD3E : DC;
	DD3F : DC;
	DD40 : DC;
	DD41 : DC;
	DD42 : DC;
	DD43 : DC;
	DD44 : DC;
	DD45 : DB;
	DD46 : DB;
	DD47 : DB;
	DD48 : DB;
	DD49 : DB;
	DD4A : DA;
	DD4B : DA;
	DD4C : DA;
	DD4D : DA;
	DD4E : DA;
	DD4F : D9;
	DD50 : D9;
	DD51 : D8;
	DD52 : D8;
	DD53 : D7;
	DD54 : D6;
	DD55 : D5;
	DD56 : D4;
	DD57 : D3;
	DD58 : D2;
	DD59 : D0;
	DD5A : CC;
	DD5B : C8;
	DD5C : C0;
	DD5D : 00;
	DD5E : 40;
	DD5F : 48;
	DD60 : 4C;
	DD61 : 52;
	DD62 : 56;
	DD63 : 59;
	DD64 : 5B;
	DD65 : 5D;
	DD66 : 5F;
	DD67 : 60;
	DD68 : 62;
	DD69 : 64;
	DD6A : 66;
	DD6B : 68;
	DD6C : 69;
	DD6D : 6A;
	DD6E : 6B;
	DD6F : 6C;
	DD70 : 6D;
	DD71 : 6F;
	DD72 : 70;
	DD73 : 71;
	DD74 : 72;
	DD75 : 73;
	DD76 : 74;
	DD77 : 75;
	DD78 : 76;
	DD79 : 78;
	DD7A : 79;
	DD7B : 7A;
	DD7C : 7B;
	DD7D : 7C;
	DD7E : 7D;
	DD7F : 7F;
	DD80 : DD;
	DD81 : DD;
	DD82 : DD;
	DD83 : DD;
	DD84 : DD;
	DD85 : DD;
	DD86 : DD;
	DD87 : DD;
	DD88 : DD;
	DD89 : DD;
	DD8A : DD;
	DD8B : DD;
	DD8C : DD;
	DD8D : DD;
	DD8E : DD;
	DD8F : DD;
	DD90 : DD;
	DD91 : DD;
	DD92 : DD;
	DD93 : DD;
	DD94 : DD;
	DD95 : DD;
	DD96 : DD;
	DD97 : DD;
	DD98 : DD;
	DD99 : DD;
	DD9A : DD;
	DD9B : DD;
	DD9C : DD;
	DD9D : DD;
	DD9E : DD;
	DD9F : DD;
	DDA0 : DD;
	DDA1 : DD;
	DDA2 : DD;
	DDA3 : DD;
	DDA4 : DD;
	DDA5 : DD;
	DDA6 : DD;
	DDA7 : DD;
	DDA8 : DD;
	DDA9 : DD;
	DDAA : DD;
	DDAB : DD;
	DDAC : DD;
	DDAD : DD;
	DDAE : DD;
	DDAF : DD;
	DDB0 : DD;
	DDB1 : DD;
	DDB2 : DD;
	DDB3 : DD;
	DDB4 : DD;
	DDB5 : DD;
	DDB6 : DD;
	DDB7 : DD;
	DDB8 : DE;
	DDB9 : DE;
	DDBA : DE;
	DDBB : DE;
	DDBC : DE;
	DDBD : DE;
	DDBE : DE;
	DDBF : DE;
	DDC0 : DE;
	DDC1 : DE;
	DDC2 : DE;
	DDC3 : DE;
	DDC4 : DE;
	DDC5 : DF;
	DDC6 : DF;
	DDC7 : DF;
	DDC8 : DF;
	DDC9 : DF;
	DDCA : E0;
	DDCB : E0;
	DDCC : E0;
	DDCD : E0;
	DDCE : E0;
	DDCF : E0;
	DDD0 : E0;
	DDD1 : E1;
	DDD2 : E1;
	DDD3 : E1;
	DDD4 : E2;
	DDD5 : E2;
	DDD6 : E2;
	DDD7 : E2;
	DDD8 : E2;
	DDD9 : E3;
	DDDA : E4;
	DDDB : E4;
	DDDC : E4;
	DDDD : E5;
	DDDE : E6;
	DDDF : E6;
	DDE0 : E6;
	DDE1 : E8;
	DDE2 : E8;
	DDE3 : E9;
	DDE4 : E9;
	DDE5 : EA;
	DDE6 : EA;
	DDE7 : EB;
	DDE8 : EB;
	DDE9 : EC;
	DDEA : ED;
	DDEB : EE;
	DDEC : EF;
	DDED : F0;
	DDEE : F1;
	DDEF : F1;
	DDF0 : F2;
	DDF1 : F3;
	DDF2 : F4;
	DDF3 : F5;
	DDF4 : F6;
	DDF5 : F7;
	DDF6 : F8;
	DDF7 : F8;
	DDF8 : F9;
	DDF9 : FA;
	DDFA : FB;
	DDFB : FC;
	DDFC : FD;
	DDFD : FE;
	DDFE : FE;
	DDFF : 7F;
	DE00 : DE;
	DE01 : DE;
	DE02 : DE;
	DE03 : DE;
	DE04 : DE;
	DE05 : DE;
	DE06 : DE;
	DE07 : DE;
	DE08 : DE;
	DE09 : DE;
	DE0A : DE;
	DE0B : DE;
	DE0C : DE;
	DE0D : DE;
	DE0E : DE;
	DE0F : DE;
	DE10 : DE;
	DE11 : DE;
	DE12 : DE;
	DE13 : DE;
	DE14 : DE;
	DE15 : DE;
	DE16 : DE;
	DE17 : DE;
	DE18 : DE;
	DE19 : DE;
	DE1A : DE;
	DE1B : DE;
	DE1C : DE;
	DE1D : DE;
	DE1E : DE;
	DE1F : DE;
	DE20 : DE;
	DE21 : DE;
	DE22 : DE;
	DE23 : DE;
	DE24 : DE;
	DE25 : DE;
	DE26 : DE;
	DE27 : DE;
	DE28 : DE;
	DE29 : DE;
	DE2A : DE;
	DE2B : DE;
	DE2C : DE;
	DE2D : DE;
	DE2E : DE;
	DE2F : DE;
	DE30 : DE;
	DE31 : DE;
	DE32 : DE;
	DE33 : DE;
	DE34 : DE;
	DE35 : DE;
	DE36 : DE;
	DE37 : DE;
	DE38 : DE;
	DE39 : DD;
	DE3A : DD;
	DE3B : DD;
	DE3C : DD;
	DE3D : DD;
	DE3E : DD;
	DE3F : DD;
	DE40 : DD;
	DE41 : DD;
	DE42 : DD;
	DE43 : DD;
	DE44 : DC;
	DE45 : DC;
	DE46 : DC;
	DE47 : DC;
	DE48 : DC;
	DE49 : DC;
	DE4A : DC;
	DE4B : DB;
	DE4C : DB;
	DE4D : DB;
	DE4E : DA;
	DE4F : DA;
	DE50 : DA;
	DE51 : DA;
	DE52 : D9;
	DE53 : D8;
	DE54 : D8;
	DE55 : D7;
	DE56 : D6;
	DE57 : D5;
	DE58 : D4;
	DE59 : D2;
	DE5A : D0;
	DE5B : CC;
	DE5C : C8;
	DE5D : C0;
	DE5E : 00;
	DE5F : 40;
	DE60 : 48;
	DE61 : 50;
	DE62 : 54;
	DE63 : 58;
	DE64 : 5A;
	DE65 : 5C;
	DE66 : 5E;
	DE67 : 60;
	DE68 : 61;
	DE69 : 63;
	DE6A : 65;
	DE6B : 67;
	DE6C : 68;
	DE6D : 6A;
	DE6E : 6A;
	DE6F : 6C;
	DE70 : 6C;
	DE71 : 6E;
	DE72 : 70;
	DE73 : 71;
	DE74 : 72;
	DE75 : 73;
	DE76 : 74;
	DE77 : 75;
	DE78 : 76;
	DE79 : 78;
	DE7A : 79;
	DE7B : 7A;
	DE7C : 7B;
	DE7D : 7C;
	DE7E : 7D;
	DE7F : 7F;
	DE80 : DE;
	DE81 : DE;
	DE82 : DE;
	DE83 : DE;
	DE84 : DE;
	DE85 : DE;
	DE86 : DE;
	DE87 : DE;
	DE88 : DE;
	DE89 : DE;
	DE8A : DE;
	DE8B : DE;
	DE8C : DE;
	DE8D : DE;
	DE8E : DE;
	DE8F : DE;
	DE90 : DE;
	DE91 : DE;
	DE92 : DE;
	DE93 : DE;
	DE94 : DE;
	DE95 : DE;
	DE96 : DE;
	DE97 : DE;
	DE98 : DE;
	DE99 : DE;
	DE9A : DE;
	DE9B : DE;
	DE9C : DE;
	DE9D : DE;
	DE9E : DE;
	DE9F : DE;
	DEA0 : DE;
	DEA1 : DE;
	DEA2 : DE;
	DEA3 : DE;
	DEA4 : DE;
	DEA5 : DE;
	DEA6 : DE;
	DEA7 : DE;
	DEA8 : DE;
	DEA9 : DE;
	DEAA : DE;
	DEAB : DE;
	DEAC : DE;
	DEAD : DE;
	DEAE : DE;
	DEAF : DE;
	DEB0 : DE;
	DEB1 : DE;
	DEB2 : DE;
	DEB3 : DE;
	DEB4 : DE;
	DEB5 : DE;
	DEB6 : DE;
	DEB7 : DE;
	DEB8 : DE;
	DEB9 : DF;
	DEBA : DF;
	DEBB : DF;
	DEBC : DF;
	DEBD : DF;
	DEBE : DF;
	DEBF : DF;
	DEC0 : DF;
	DEC1 : DF;
	DEC2 : DF;
	DEC3 : DF;
	DEC4 : E0;
	DEC5 : E0;
	DEC6 : E0;
	DEC7 : E0;
	DEC8 : E0;
	DEC9 : E0;
	DECA : E0;
	DECB : E0;
	DECC : E0;
	DECD : E1;
	DECE : E1;
	DECF : E1;
	DED0 : E1;
	DED1 : E1;
	DED2 : E2;
	DED3 : E2;
	DED4 : E2;
	DED5 : E2;
	DED6 : E2;
	DED7 : E3;
	DED8 : E3;
	DED9 : E4;
	DEDA : E4;
	DEDB : E4;
	DEDC : E5;
	DEDD : E6;
	DEDE : E6;
	DEDF : E6;
	DEE0 : E7;
	DEE1 : E8;
	DEE2 : E8;
	DEE3 : E9;
	DEE4 : EA;
	DEE5 : EA;
	DEE6 : EA;
	DEE7 : EB;
	DEE8 : EC;
	DEE9 : EC;
	DEEA : EE;
	DEEB : EE;
	DEEC : F0;
	DEED : F0;
	DEEE : F1;
	DEEF : F1;
	DEF0 : F2;
	DEF1 : F3;
	DEF2 : F4;
	DEF3 : F5;
	DEF4 : F6;
	DEF5 : F7;
	DEF6 : F8;
	DEF7 : F8;
	DEF8 : F9;
	DEF9 : FA;
	DEFA : FB;
	DEFB : FC;
	DEFC : FD;
	DEFD : FE;
	DEFE : FE;
	DEFF : 7F;
	DF00 : DF;
	DF01 : DF;
	DF02 : DF;
	DF03 : DF;
	DF04 : DF;
	DF05 : DF;
	DF06 : DF;
	DF07 : DF;
	DF08 : DF;
	DF09 : DF;
	DF0A : DF;
	DF0B : DF;
	DF0C : DF;
	DF0D : DF;
	DF0E : DF;
	DF0F : DF;
	DF10 : DF;
	DF11 : DF;
	DF12 : DF;
	DF13 : DF;
	DF14 : DF;
	DF15 : DF;
	DF16 : DF;
	DF17 : DF;
	DF18 : DF;
	DF19 : DF;
	DF1A : DF;
	DF1B : DF;
	DF1C : DF;
	DF1D : DF;
	DF1E : DF;
	DF1F : DF;
	DF20 : DF;
	DF21 : DF;
	DF22 : DF;
	DF23 : DF;
	DF24 : DF;
	DF25 : DF;
	DF26 : DF;
	DF27 : DF;
	DF28 : DF;
	DF29 : DF;
	DF2A : DF;
	DF2B : DF;
	DF2C : DF;
	DF2D : DF;
	DF2E : DF;
	DF2F : DF;
	DF30 : DF;
	DF31 : DF;
	DF32 : DF;
	DF33 : DF;
	DF34 : DF;
	DF35 : DF;
	DF36 : DF;
	DF37 : DF;
	DF38 : DE;
	DF39 : DE;
	DF3A : DE;
	DF3B : DE;
	DF3C : DE;
	DF3D : DE;
	DF3E : DE;
	DF3F : DE;
	DF40 : DE;
	DF41 : DE;
	DF42 : DE;
	DF43 : DE;
	DF44 : DE;
	DF45 : DD;
	DF46 : DD;
	DF47 : DD;
	DF48 : DD;
	DF49 : DD;
	DF4A : DC;
	DF4B : DC;
	DF4C : DC;
	DF4D : DC;
	DF4E : DC;
	DF4F : DB;
	DF50 : DB;
	DF51 : DA;
	DF52 : DA;
	DF53 : DA;
	DF54 : D9;
	DF55 : D8;
	DF56 : D8;
	DF57 : D7;
	DF58 : D6;
	DF59 : D4;
	DF5A : D2;
	DF5B : D0;
	DF5C : CC;
	DF5D : C8;
	DF5E : C0;
	DF5F : 00;
	DF60 : 40;
	DF61 : 4C;
	DF62 : 52;
	DF63 : 56;
	DF64 : 59;
	DF65 : 5B;
	DF66 : 5D;
	DF67 : 5F;
	DF68 : 60;
	DF69 : 62;
	DF6A : 64;
	DF6B : 66;
	DF6C : 68;
	DF6D : 69;
	DF6E : 6A;
	DF6F : 6B;
	DF70 : 6C;
	DF71 : 6E;
	DF72 : 70;
	DF73 : 71;
	DF74 : 72;
	DF75 : 73;
	DF76 : 74;
	DF77 : 75;
	DF78 : 76;
	DF79 : 78;
	DF7A : 79;
	DF7B : 7A;
	DF7C : 7B;
	DF7D : 7C;
	DF7E : 7D;
	DF7F : 7F;
	DF80 : DF;
	DF81 : DF;
	DF82 : DF;
	DF83 : DF;
	DF84 : DF;
	DF85 : DF;
	DF86 : DF;
	DF87 : DF;
	DF88 : DF;
	DF89 : DF;
	DF8A : DF;
	DF8B : DF;
	DF8C : DF;
	DF8D : DF;
	DF8E : DF;
	DF8F : DF;
	DF90 : DF;
	DF91 : DF;
	DF92 : DF;
	DF93 : DF;
	DF94 : DF;
	DF95 : DF;
	DF96 : DF;
	DF97 : DF;
	DF98 : DF;
	DF99 : DF;
	DF9A : DF;
	DF9B : DF;
	DF9C : DF;
	DF9D : DF;
	DF9E : DF;
	DF9F : DF;
	DFA0 : DF;
	DFA1 : DF;
	DFA2 : DF;
	DFA3 : DF;
	DFA4 : DF;
	DFA5 : DF;
	DFA6 : DF;
	DFA7 : DF;
	DFA8 : DF;
	DFA9 : DF;
	DFAA : DF;
	DFAB : DF;
	DFAC : DF;
	DFAD : DF;
	DFAE : DF;
	DFAF : DF;
	DFB0 : DF;
	DFB1 : DF;
	DFB2 : DF;
	DFB3 : DF;
	DFB4 : DF;
	DFB5 : DF;
	DFB6 : DF;
	DFB7 : DF;
	DFB8 : E0;
	DFB9 : E0;
	DFBA : E0;
	DFBB : E0;
	DFBC : E0;
	DFBD : E0;
	DFBE : E0;
	DFBF : E0;
	DFC0 : E0;
	DFC1 : E0;
	DFC2 : E0;
	DFC3 : E0;
	DFC4 : E0;
	DFC5 : E0;
	DFC6 : E0;
	DFC7 : E0;
	DFC8 : E0;
	DFC9 : E1;
	DFCA : E1;
	DFCB : E1;
	DFCC : E1;
	DFCD : E1;
	DFCE : E1;
	DFCF : E1;
	DFD0 : E2;
	DFD1 : E2;
	DFD2 : E2;
	DFD3 : E2;
	DFD4 : E2;
	DFD5 : E3;
	DFD6 : E3;
	DFD7 : E3;
	DFD8 : E4;
	DFD9 : E4;
	DFDA : E4;
	DFDB : E5;
	DFDC : E6;
	DFDD : E6;
	DFDE : E6;
	DFDF : E7;
	DFE0 : E8;
	DFE1 : E8;
	DFE2 : E9;
	DFE3 : E9;
	DFE4 : EA;
	DFE5 : EA;
	DFE6 : EB;
	DFE7 : EB;
	DFE8 : EC;
	DFE9 : ED;
	DFEA : EE;
	DFEB : EF;
	DFEC : F0;
	DFED : F0;
	DFEE : F1;
	DFEF : F1;
	DFF0 : F2;
	DFF1 : F3;
	DFF2 : F4;
	DFF3 : F5;
	DFF4 : F6;
	DFF5 : F7;
	DFF6 : F8;
	DFF7 : F8;
	DFF8 : F9;
	DFF9 : FA;
	DFFA : FB;
	DFFB : FC;
	DFFC : FD;
	DFFD : FE;
	DFFE : FE;
	DFFF : 7F;
	E000 : E0;
	E001 : E0;
	E002 : E0;
	E003 : E0;
	E004 : E0;
	E005 : E0;
	E006 : E0;
	E007 : E0;
	E008 : E0;
	E009 : E0;
	E00A : E0;
	E00B : E0;
	E00C : E0;
	E00D : E0;
	E00E : E0;
	E00F : E0;
	E010 : E0;
	E011 : E0;
	E012 : E0;
	E013 : E0;
	E014 : E0;
	E015 : E0;
	E016 : E0;
	E017 : E0;
	E018 : E0;
	E019 : E0;
	E01A : E0;
	E01B : E0;
	E01C : E0;
	E01D : E0;
	E01E : E0;
	E01F : E0;
	E020 : E0;
	E021 : E0;
	E022 : E0;
	E023 : E0;
	E024 : E0;
	E025 : E0;
	E026 : E0;
	E027 : E0;
	E028 : E0;
	E029 : E0;
	E02A : E0;
	E02B : E0;
	E02C : E0;
	E02D : E0;
	E02E : E0;
	E02F : E0;
	E030 : E0;
	E031 : E0;
	E032 : E0;
	E033 : E0;
	E034 : E0;
	E035 : E0;
	E036 : E0;
	E037 : E0;
	E038 : E0;
	E039 : DF;
	E03A : DF;
	E03B : DF;
	E03C : DF;
	E03D : DF;
	E03E : DF;
	E03F : DF;
	E040 : DF;
	E041 : DF;
	E042 : DF;
	E043 : DF;
	E044 : DE;
	E045 : DE;
	E046 : DE;
	E047 : DE;
	E048 : DE;
	E049 : DE;
	E04A : DE;
	E04B : DD;
	E04C : DD;
	E04D : DD;
	E04E : DC;
	E04F : DC;
	E050 : DC;
	E051 : DC;
	E052 : DB;
	E053 : DA;
	E054 : DA;
	E055 : DA;
	E056 : D9;
	E057 : D8;
	E058 : D8;
	E059 : D6;
	E05A : D4;
	E05B : D2;
	E05C : D0;
	E05D : CC;
	E05E : C8;
	E05F : C0;
	E060 : 00;
	E061 : 48;
	E062 : 50;
	E063 : 54;
	E064 : 58;
	E065 : 5A;
	E066 : 5C;
	E067 : 5E;
	E068 : 60;
	E069 : 62;
	E06A : 64;
	E06B : 66;
	E06C : 68;
	E06D : 69;
	E06E : 6A;
	E06F : 6B;
	E070 : 6C;
	E071 : 6E;
	E072 : 70;
	E073 : 71;
	E074 : 72;
	E075 : 73;
	E076 : 74;
	E077 : 75;
	E078 : 76;
	E079 : 78;
	E07A : 79;
	E07B : 7A;
	E07C : 7B;
	E07D : 7C;
	E07E : 7D;
	E07F : 7F;
	E080 : E0;
	E081 : E0;
	E082 : E0;
	E083 : E0;
	E084 : E0;
	E085 : E0;
	E086 : E0;
	E087 : E0;
	E088 : E0;
	E089 : E0;
	E08A : E0;
	E08B : E0;
	E08C : E0;
	E08D : E0;
	E08E : E0;
	E08F : E0;
	E090 : E0;
	E091 : E0;
	E092 : E0;
	E093 : E0;
	E094 : E0;
	E095 : E0;
	E096 : E0;
	E097 : E0;
	E098 : E0;
	E099 : E0;
	E09A : E0;
	E09B : E0;
	E09C : E0;
	E09D : E0;
	E09E : E0;
	E09F : E0;
	E0A0 : E0;
	E0A1 : E0;
	E0A2 : E0;
	E0A3 : E0;
	E0A4 : E0;
	E0A5 : E0;
	E0A6 : E0;
	E0A7 : E0;
	E0A8 : E0;
	E0A9 : E0;
	E0AA : E0;
	E0AB : E0;
	E0AC : E0;
	E0AD : E0;
	E0AE : E0;
	E0AF : E0;
	E0B0 : E0;
	E0B1 : E0;
	E0B2 : E0;
	E0B3 : E0;
	E0B4 : E0;
	E0B5 : E0;
	E0B6 : E0;
	E0B7 : E0;
	E0B8 : E0;
	E0B9 : E0;
	E0BA : E0;
	E0BB : E0;
	E0BC : E0;
	E0BD : E0;
	E0BE : E0;
	E0BF : E0;
	E0C0 : E0;
	E0C1 : E1;
	E0C2 : E1;
	E0C3 : E1;
	E0C4 : E1;
	E0C5 : E1;
	E0C6 : E1;
	E0C7 : E1;
	E0C8 : E1;
	E0C9 : E1;
	E0CA : E1;
	E0CB : E1;
	E0CC : E2;
	E0CD : E2;
	E0CE : E2;
	E0CF : E2;
	E0D0 : E2;
	E0D1 : E2;
	E0D2 : E2;
	E0D3 : E3;
	E0D4 : E3;
	E0D5 : E3;
	E0D6 : E4;
	E0D7 : E4;
	E0D8 : E4;
	E0D9 : E4;
	E0DA : E5;
	E0DB : E6;
	E0DC : E6;
	E0DD : E6;
	E0DE : E7;
	E0DF : E8;
	E0E0 : E8;
	E0E1 : E8;
	E0E2 : E9;
	E0E3 : EA;
	E0E4 : EA;
	E0E5 : EA;
	E0E6 : EB;
	E0E7 : EC;
	E0E8 : EC;
	E0E9 : ED;
	E0EA : EE;
	E0EB : EF;
	E0EC : F0;
	E0ED : F0;
	E0EE : F1;
	E0EF : F2;
	E0F0 : F2;
	E0F1 : F3;
	E0F2 : F4;
	E0F3 : F5;
	E0F4 : F6;
	E0F5 : F7;
	E0F6 : F8;
	E0F7 : F8;
	E0F8 : F9;
	E0F9 : FA;
	E0FA : FB;
	E0FB : FC;
	E0FC : FD;
	E0FD : FE;
	E0FE : FE;
	E0FF : 7F;
	E100 : E1;
	E101 : E1;
	E102 : E1;
	E103 : E1;
	E104 : E1;
	E105 : E1;
	E106 : E1;
	E107 : E1;
	E108 : E1;
	E109 : E1;
	E10A : E1;
	E10B : E1;
	E10C : E1;
	E10D : E1;
	E10E : E1;
	E10F : E1;
	E110 : E1;
	E111 : E1;
	E112 : E1;
	E113 : E1;
	E114 : E1;
	E115 : E1;
	E116 : E1;
	E117 : E1;
	E118 : E1;
	E119 : E1;
	E11A : E1;
	E11B : E1;
	E11C : E1;
	E11D : E1;
	E11E : E1;
	E11F : E1;
	E120 : E1;
	E121 : E1;
	E122 : E1;
	E123 : E1;
	E124 : E1;
	E125 : E1;
	E126 : E1;
	E127 : E1;
	E128 : E1;
	E129 : E1;
	E12A : E1;
	E12B : E1;
	E12C : E1;
	E12D : E1;
	E12E : E1;
	E12F : E1;
	E130 : E1;
	E131 : E1;
	E132 : E1;
	E133 : E1;
	E134 : E1;
	E135 : E1;
	E136 : E1;
	E137 : E1;
	E138 : E1;
	E139 : E1;
	E13A : E1;
	E13B : E1;
	E13C : E1;
	E13D : E1;
	E13E : E1;
	E13F : E1;
	E140 : E0;
	E141 : E0;
	E142 : E0;
	E143 : E0;
	E144 : E0;
	E145 : E0;
	E146 : E0;
	E147 : E0;
	E148 : E0;
	E149 : E0;
	E14A : E0;
	E14B : DF;
	E14C : DF;
	E14D : DF;
	E14E : DE;
	E14F : DE;
	E150 : DE;
	E151 : DE;
	E152 : DD;
	E153 : DC;
	E154 : DC;
	E155 : DC;
	E156 : DB;
	E157 : DA;
	E158 : DA;
	E159 : D9;
	E15A : D8;
	E15B : D6;
	E15C : D4;
	E15D : D2;
	E15E : D0;
	E15F : CC;
	E160 : C8;
	E161 : 00;
	E162 : 48;
	E163 : 50;
	E164 : 54;
	E165 : 58;
	E166 : 5A;
	E167 : 5C;
	E168 : 5E;
	E169 : 61;
	E16A : 63;
	E16B : 65;
	E16C : 67;
	E16D : 68;
	E16E : 6A;
	E16F : 6A;
	E170 : 6C;
	E171 : 6E;
	E172 : 70;
	E173 : 71;
	E174 : 72;
	E175 : 73;
	E176 : 74;
	E177 : 75;
	E178 : 76;
	E179 : 78;
	E17A : 79;
	E17B : 7A;
	E17C : 7B;
	E17D : 7C;
	E17E : 7D;
	E17F : 7F;
	E180 : E1;
	E181 : E1;
	E182 : E1;
	E183 : E1;
	E184 : E1;
	E185 : E1;
	E186 : E1;
	E187 : E1;
	E188 : E1;
	E189 : E1;
	E18A : E1;
	E18B : E1;
	E18C : E1;
	E18D : E1;
	E18E : E1;
	E18F : E1;
	E190 : E1;
	E191 : E1;
	E192 : E1;
	E193 : E1;
	E194 : E1;
	E195 : E1;
	E196 : E1;
	E197 : E1;
	E198 : E1;
	E199 : E1;
	E19A : E1;
	E19B : E1;
	E19C : E1;
	E19D : E1;
	E19E : E1;
	E19F : E1;
	E1A0 : E1;
	E1A1 : E1;
	E1A2 : E1;
	E1A3 : E1;
	E1A4 : E1;
	E1A5 : E1;
	E1A6 : E1;
	E1A7 : E1;
	E1A8 : E1;
	E1A9 : E1;
	E1AA : E1;
	E1AB : E1;
	E1AC : E1;
	E1AD : E1;
	E1AE : E1;
	E1AF : E1;
	E1B0 : E1;
	E1B1 : E1;
	E1B2 : E1;
	E1B3 : E1;
	E1B4 : E1;
	E1B5 : E1;
	E1B6 : E1;
	E1B7 : E1;
	E1B8 : E1;
	E1B9 : E1;
	E1BA : E1;
	E1BB : E1;
	E1BC : E1;
	E1BD : E1;
	E1BE : E1;
	E1BF : E1;
	E1C0 : E2;
	E1C1 : E2;
	E1C2 : E2;
	E1C3 : E2;
	E1C4 : E2;
	E1C5 : E2;
	E1C6 : E2;
	E1C7 : E2;
	E1C8 : E2;
	E1C9 : E2;
	E1CA : E2;
	E1CB : E2;
	E1CC : E2;
	E1CD : E3;
	E1CE : E3;
	E1CF : E3;
	E1D0 : E3;
	E1D1 : E3;
	E1D2 : E4;
	E1D3 : E4;
	E1D4 : E4;
	E1D5 : E4;
	E1D6 : E4;
	E1D7 : E5;
	E1D8 : E5;
	E1D9 : E6;
	E1DA : E6;
	E1DB : E6;
	E1DC : E7;
	E1DD : E8;
	E1DE : E8;
	E1DF : E8;
	E1E0 : E8;
	E1E1 : E9;
	E1E2 : EA;
	E1E3 : EA;
	E1E4 : EA;
	E1E5 : EB;
	E1E6 : EC;
	E1E7 : EC;
	E1E8 : EC;
	E1E9 : EE;
	E1EA : EE;
	E1EB : F0;
	E1EC : F0;
	E1ED : F1;
	E1EE : F1;
	E1EF : F2;
	E1F0 : F2;
	E1F1 : F3;
	E1F2 : F4;
	E1F3 : F5;
	E1F4 : F6;
	E1F5 : F7;
	E1F6 : F8;
	E1F7 : F9;
	E1F8 : F9;
	E1F9 : FA;
	E1FA : FB;
	E1FB : FC;
	E1FC : FD;
	E1FD : FE;
	E1FE : FE;
	E1FF : 7F;
	E200 : E2;
	E201 : E2;
	E202 : E2;
	E203 : E2;
	E204 : E2;
	E205 : E2;
	E206 : E2;
	E207 : E2;
	E208 : E2;
	E209 : E2;
	E20A : E2;
	E20B : E2;
	E20C : E2;
	E20D : E2;
	E20E : E2;
	E20F : E2;
	E210 : E2;
	E211 : E2;
	E212 : E2;
	E213 : E2;
	E214 : E2;
	E215 : E2;
	E216 : E2;
	E217 : E2;
	E218 : E2;
	E219 : E2;
	E21A : E2;
	E21B : E2;
	E21C : E2;
	E21D : E2;
	E21E : E2;
	E21F : E2;
	E220 : E2;
	E221 : E2;
	E222 : E2;
	E223 : E2;
	E224 : E2;
	E225 : E2;
	E226 : E2;
	E227 : E2;
	E228 : E2;
	E229 : E2;
	E22A : E2;
	E22B : E2;
	E22C : E2;
	E22D : E2;
	E22E : E2;
	E22F : E2;
	E230 : E2;
	E231 : E2;
	E232 : E2;
	E233 : E2;
	E234 : E2;
	E235 : E2;
	E236 : E2;
	E237 : E2;
	E238 : E2;
	E239 : E2;
	E23A : E2;
	E23B : E2;
	E23C : E2;
	E23D : E2;
	E23E : E2;
	E23F : E2;
	E240 : E2;
	E241 : E1;
	E242 : E1;
	E243 : E1;
	E244 : E1;
	E245 : E1;
	E246 : E1;
	E247 : E1;
	E248 : E1;
	E249 : E1;
	E24A : E1;
	E24B : E1;
	E24C : E0;
	E24D : E0;
	E24E : E0;
	E24F : E0;
	E250 : E0;
	E251 : E0;
	E252 : DF;
	E253 : DE;
	E254 : DE;
	E255 : DE;
	E256 : DD;
	E257 : DC;
	E258 : DC;
	E259 : DB;
	E25A : DA;
	E25B : D9;
	E25C : D8;
	E25D : D6;
	E25E : D4;
	E25F : D2;
	E260 : D0;
	E261 : C8;
	E262 : 00;
	E263 : 48;
	E264 : 50;
	E265 : 54;
	E266 : 58;
	E267 : 5A;
	E268 : 5C;
	E269 : 60;
	E26A : 62;
	E26B : 64;
	E26C : 66;
	E26D : 68;
	E26E : 69;
	E26F : 6A;
	E270 : 6B;
	E271 : 6D;
	E272 : 6F;
	E273 : 70;
	E274 : 72;
	E275 : 72;
	E276 : 74;
	E277 : 74;
	E278 : 76;
	E279 : 78;
	E27A : 79;
	E27B : 7A;
	E27C : 7B;
	E27D : 7C;
	E27E : 7D;
	E27F : 7F;
	E280 : E2;
	E281 : E2;
	E282 : E2;
	E283 : E2;
	E284 : E2;
	E285 : E2;
	E286 : E2;
	E287 : E2;
	E288 : E2;
	E289 : E2;
	E28A : E2;
	E28B : E2;
	E28C : E2;
	E28D : E2;
	E28E : E2;
	E28F : E2;
	E290 : E2;
	E291 : E2;
	E292 : E2;
	E293 : E2;
	E294 : E2;
	E295 : E2;
	E296 : E2;
	E297 : E2;
	E298 : E2;
	E299 : E2;
	E29A : E2;
	E29B : E2;
	E29C : E2;
	E29D : E2;
	E29E : E2;
	E29F : E2;
	E2A0 : E2;
	E2A1 : E2;
	E2A2 : E2;
	E2A3 : E2;
	E2A4 : E2;
	E2A5 : E2;
	E2A6 : E2;
	E2A7 : E2;
	E2A8 : E2;
	E2A9 : E2;
	E2AA : E2;
	E2AB : E2;
	E2AC : E2;
	E2AD : E2;
	E2AE : E2;
	E2AF : E2;
	E2B0 : E2;
	E2B1 : E2;
	E2B2 : E2;
	E2B3 : E2;
	E2B4 : E2;
	E2B5 : E2;
	E2B6 : E2;
	E2B7 : E2;
	E2B8 : E2;
	E2B9 : E2;
	E2BA : E2;
	E2BB : E2;
	E2BC : E2;
	E2BD : E2;
	E2BE : E2;
	E2BF : E2;
	E2C0 : E2;
	E2C1 : E3;
	E2C2 : E3;
	E2C3 : E3;
	E2C4 : E3;
	E2C5 : E3;
	E2C6 : E3;
	E2C7 : E3;
	E2C8 : E3;
	E2C9 : E3;
	E2CA : E3;
	E2CB : E3;
	E2CC : E4;
	E2CD : E4;
	E2CE : E4;
	E2CF : E4;
	E2D0 : E4;
	E2D1 : E4;
	E2D2 : E4;
	E2D3 : E5;
	E2D4 : E5;
	E2D5 : E5;
	E2D6 : E6;
	E2D7 : E6;
	E2D8 : E6;
	E2D9 : E6;
	E2DA : E7;
	E2DB : E8;
	E2DC : E8;
	E2DD : E8;
	E2DE : E8;
	E2DF : E9;
	E2E0 : E9;
	E2E1 : EA;
	E2E2 : EA;
	E2E3 : EA;
	E2E4 : EB;
	E2E5 : EC;
	E2E6 : EC;
	E2E7 : EC;
	E2E8 : ED;
	E2E9 : EE;
	E2EA : EF;
	E2EB : F0;
	E2EC : F0;
	E2ED : F1;
	E2EE : F2;
	E2EF : F2;
	E2F0 : F2;
	E2F1 : F4;
	E2F2 : F4;
	E2F3 : F6;
	E2F4 : F6;
	E2F5 : F8;
	E2F6 : F8;
	E2F7 : F9;
	E2F8 : F9;
	E2F9 : FA;
	E2FA : FB;
	E2FB : FC;
	E2FC : FD;
	E2FD : FE;
	E2FE : FE;
	E2FF : 7F;
	E300 : E3;
	E301 : E3;
	E302 : E3;
	E303 : E3;
	E304 : E3;
	E305 : E3;
	E306 : E3;
	E307 : E3;
	E308 : E3;
	E309 : E3;
	E30A : E3;
	E30B : E3;
	E30C : E3;
	E30D : E3;
	E30E : E3;
	E30F : E3;
	E310 : E3;
	E311 : E3;
	E312 : E3;
	E313 : E3;
	E314 : E3;
	E315 : E3;
	E316 : E3;
	E317 : E3;
	E318 : E3;
	E319 : E3;
	E31A : E3;
	E31B : E3;
	E31C : E3;
	E31D : E3;
	E31E : E3;
	E31F : E3;
	E320 : E3;
	E321 : E3;
	E322 : E3;
	E323 : E3;
	E324 : E3;
	E325 : E3;
	E326 : E3;
	E327 : E3;
	E328 : E3;
	E329 : E3;
	E32A : E3;
	E32B : E3;
	E32C : E3;
	E32D : E3;
	E32E : E3;
	E32F : E3;
	E330 : E3;
	E331 : E3;
	E332 : E3;
	E333 : E3;
	E334 : E3;
	E335 : E3;
	E336 : E3;
	E337 : E3;
	E338 : E3;
	E339 : E3;
	E33A : E3;
	E33B : E3;
	E33C : E3;
	E33D : E3;
	E33E : E3;
	E33F : E3;
	E340 : E2;
	E341 : E2;
	E342 : E2;
	E343 : E2;
	E344 : E2;
	E345 : E2;
	E346 : E2;
	E347 : E2;
	E348 : E2;
	E349 : E2;
	E34A : E2;
	E34B : E2;
	E34C : E2;
	E34D : E1;
	E34E : E1;
	E34F : E1;
	E350 : E1;
	E351 : E1;
	E352 : E0;
	E353 : E0;
	E354 : E0;
	E355 : E0;
	E356 : DF;
	E357 : DE;
	E358 : DE;
	E359 : DD;
	E35A : DC;
	E35B : DB;
	E35C : DA;
	E35D : D9;
	E35E : D8;
	E35F : D6;
	E360 : D4;
	E361 : D0;
	E362 : C8;
	E363 : 00;
	E364 : 48;
	E365 : 50;
	E366 : 54;
	E367 : 58;
	E368 : 5A;
	E369 : 5E;
	E36A : 61;
	E36B : 63;
	E36C : 65;
	E36D : 67;
	E36E : 68;
	E36F : 6A;
	E370 : 6A;
	E371 : 6C;
	E372 : 6E;
	E373 : 70;
	E374 : 71;
	E375 : 72;
	E376 : 73;
	E377 : 74;
	E378 : 75;
	E379 : 77;
	E37A : 79;
	E37B : 7A;
	E37C : 7B;
	E37D : 7C;
	E37E : 7D;
	E37F : 7F;
	E380 : E3;
	E381 : E3;
	E382 : E3;
	E383 : E3;
	E384 : E3;
	E385 : E3;
	E386 : E3;
	E387 : E3;
	E388 : E3;
	E389 : E3;
	E38A : E3;
	E38B : E3;
	E38C : E3;
	E38D : E3;
	E38E : E3;
	E38F : E3;
	E390 : E3;
	E391 : E3;
	E392 : E3;
	E393 : E3;
	E394 : E3;
	E395 : E3;
	E396 : E3;
	E397 : E3;
	E398 : E3;
	E399 : E3;
	E39A : E3;
	E39B : E3;
	E39C : E3;
	E39D : E3;
	E39E : E3;
	E39F : E3;
	E3A0 : E3;
	E3A1 : E3;
	E3A2 : E3;
	E3A3 : E3;
	E3A4 : E3;
	E3A5 : E3;
	E3A6 : E3;
	E3A7 : E3;
	E3A8 : E3;
	E3A9 : E3;
	E3AA : E3;
	E3AB : E3;
	E3AC : E3;
	E3AD : E3;
	E3AE : E3;
	E3AF : E3;
	E3B0 : E3;
	E3B1 : E3;
	E3B2 : E3;
	E3B3 : E3;
	E3B4 : E3;
	E3B5 : E3;
	E3B6 : E3;
	E3B7 : E3;
	E3B8 : E3;
	E3B9 : E3;
	E3BA : E3;
	E3BB : E3;
	E3BC : E3;
	E3BD : E3;
	E3BE : E3;
	E3BF : E3;
	E3C0 : E4;
	E3C1 : E4;
	E3C2 : E4;
	E3C3 : E4;
	E3C4 : E4;
	E3C5 : E4;
	E3C6 : E4;
	E3C7 : E4;
	E3C8 : E4;
	E3C9 : E4;
	E3CA : E4;
	E3CB : E4;
	E3CC : E4;
	E3CD : E5;
	E3CE : E5;
	E3CF : E5;
	E3D0 : E5;
	E3D1 : E5;
	E3D2 : E6;
	E3D3 : E6;
	E3D4 : E6;
	E3D5 : E6;
	E3D6 : E6;
	E3D7 : E7;
	E3D8 : E7;
	E3D9 : E8;
	E3DA : E8;
	E3DB : E8;
	E3DC : E8;
	E3DD : E9;
	E3DE : E9;
	E3DF : E9;
	E3E0 : EA;
	E3E1 : EA;
	E3E2 : EA;
	E3E3 : EB;
	E3E4 : EC;
	E3E5 : EC;
	E3E6 : EC;
	E3E7 : ED;
	E3E8 : EE;
	E3E9 : EE;
	E3EA : F0;
	E3EB : F0;
	E3EC : F1;
	E3ED : F1;
	E3EE : F2;
	E3EF : F2;
	E3F0 : F3;
	E3F1 : F4;
	E3F2 : F5;
	E3F3 : F6;
	E3F4 : F7;
	E3F5 : F8;
	E3F6 : F8;
	E3F7 : F9;
	E3F8 : F9;
	E3F9 : FA;
	E3FA : FB;
	E3FB : FC;
	E3FC : FD;
	E3FD : FE;
	E3FE : FE;
	E3FF : 7F;
	E400 : E4;
	E401 : E4;
	E402 : E4;
	E403 : E4;
	E404 : E4;
	E405 : E4;
	E406 : E4;
	E407 : E4;
	E408 : E4;
	E409 : E4;
	E40A : E4;
	E40B : E4;
	E40C : E4;
	E40D : E4;
	E40E : E4;
	E40F : E4;
	E410 : E4;
	E411 : E4;
	E412 : E4;
	E413 : E4;
	E414 : E4;
	E415 : E4;
	E416 : E4;
	E417 : E4;
	E418 : E4;
	E419 : E4;
	E41A : E4;
	E41B : E4;
	E41C : E4;
	E41D : E4;
	E41E : E4;
	E41F : E4;
	E420 : E4;
	E421 : E4;
	E422 : E4;
	E423 : E4;
	E424 : E4;
	E425 : E4;
	E426 : E4;
	E427 : E4;
	E428 : E4;
	E429 : E4;
	E42A : E4;
	E42B : E4;
	E42C : E4;
	E42D : E4;
	E42E : E4;
	E42F : E4;
	E430 : E4;
	E431 : E4;
	E432 : E4;
	E433 : E4;
	E434 : E4;
	E435 : E4;
	E436 : E4;
	E437 : E4;
	E438 : E4;
	E439 : E4;
	E43A : E4;
	E43B : E4;
	E43C : E4;
	E43D : E4;
	E43E : E4;
	E43F : E4;
	E440 : E4;
	E441 : E3;
	E442 : E3;
	E443 : E3;
	E444 : E3;
	E445 : E3;
	E446 : E3;
	E447 : E3;
	E448 : E3;
	E449 : E3;
	E44A : E3;
	E44B : E3;
	E44C : E2;
	E44D : E2;
	E44E : E2;
	E44F : E2;
	E450 : E2;
	E451 : E2;
	E452 : E2;
	E453 : E1;
	E454 : E1;
	E455 : E1;
	E456 : E0;
	E457 : E0;
	E458 : E0;
	E459 : DF;
	E45A : DE;
	E45B : DD;
	E45C : DC;
	E45D : DB;
	E45E : DA;
	E45F : D9;
	E460 : D8;
	E461 : D4;
	E462 : D0;
	E463 : C8;
	E464 : 00;
	E465 : 48;
	E466 : 50;
	E467 : 54;
	E468 : 58;
	E469 : 5C;
	E46A : 60;
	E46B : 62;
	E46C : 64;
	E46D : 66;
	E46E : 68;
	E46F : 69;
	E470 : 6A;
	E471 : 6C;
	E472 : 6E;
	E473 : 70;
	E474 : 71;
	E475 : 72;
	E476 : 73;
	E477 : 74;
	E478 : 75;
	E479 : 77;
	E47A : 78;
	E47B : 7A;
	E47C : 7A;
	E47D : 7C;
	E47E : 7C;
	E47F : 7F;
	E480 : E4;
	E481 : E4;
	E482 : E4;
	E483 : E4;
	E484 : E4;
	E485 : E4;
	E486 : E4;
	E487 : E4;
	E488 : E4;
	E489 : E4;
	E48A : E4;
	E48B : E4;
	E48C : E4;
	E48D : E4;
	E48E : E4;
	E48F : E4;
	E490 : E4;
	E491 : E4;
	E492 : E4;
	E493 : E4;
	E494 : E4;
	E495 : E4;
	E496 : E4;
	E497 : E4;
	E498 : E4;
	E499 : E4;
	E49A : E4;
	E49B : E4;
	E49C : E4;
	E49D : E4;
	E49E : E4;
	E49F : E4;
	E4A0 : E4;
	E4A1 : E4;
	E4A2 : E4;
	E4A3 : E4;
	E4A4 : E4;
	E4A5 : E4;
	E4A6 : E4;
	E4A7 : E4;
	E4A8 : E4;
	E4A9 : E4;
	E4AA : E4;
	E4AB : E4;
	E4AC : E4;
	E4AD : E4;
	E4AE : E4;
	E4AF : E4;
	E4B0 : E4;
	E4B1 : E4;
	E4B2 : E4;
	E4B3 : E4;
	E4B4 : E4;
	E4B5 : E4;
	E4B6 : E4;
	E4B7 : E4;
	E4B8 : E4;
	E4B9 : E4;
	E4BA : E4;
	E4BB : E4;
	E4BC : E4;
	E4BD : E4;
	E4BE : E4;
	E4BF : E4;
	E4C0 : E4;
	E4C1 : E5;
	E4C2 : E5;
	E4C3 : E5;
	E4C4 : E5;
	E4C5 : E5;
	E4C6 : E5;
	E4C7 : E5;
	E4C8 : E5;
	E4C9 : E5;
	E4CA : E5;
	E4CB : E5;
	E4CC : E6;
	E4CD : E6;
	E4CE : E6;
	E4CF : E6;
	E4D0 : E6;
	E4D1 : E6;
	E4D2 : E6;
	E4D3 : E7;
	E4D4 : E7;
	E4D5 : E7;
	E4D6 : E8;
	E4D7 : E8;
	E4D8 : E8;
	E4D9 : E8;
	E4DA : E8;
	E4DB : E9;
	E4DC : E9;
	E4DD : E9;
	E4DE : EA;
	E4DF : EA;
	E4E0 : EA;
	E4E1 : EA;
	E4E2 : EB;
	E4E3 : EC;
	E4E4 : EC;
	E4E5 : EC;
	E4E6 : ED;
	E4E7 : EE;
	E4E8 : EE;
	E4E9 : EF;
	E4EA : F0;
	E4EB : F0;
	E4EC : F1;
	E4ED : F2;
	E4EE : F2;
	E4EF : F2;
	E4F0 : F3;
	E4F1 : F4;
	E4F2 : F5;
	E4F3 : F6;
	E4F4 : F7;
	E4F5 : F8;
	E4F6 : F8;
	E4F7 : F9;
	E4F8 : FA;
	E4F9 : FA;
	E4FA : FC;
	E4FB : FC;
	E4FC : FE;
	E4FD : FE;
	E4FE : FE;
	E4FF : 7F;
	E500 : E5;
	E501 : E5;
	E502 : E5;
	E503 : E5;
	E504 : E5;
	E505 : E5;
	E506 : E5;
	E507 : E5;
	E508 : E5;
	E509 : E5;
	E50A : E5;
	E50B : E5;
	E50C : E5;
	E50D : E5;
	E50E : E5;
	E50F : E5;
	E510 : E5;
	E511 : E5;
	E512 : E5;
	E513 : E5;
	E514 : E5;
	E515 : E5;
	E516 : E5;
	E517 : E5;
	E518 : E5;
	E519 : E5;
	E51A : E5;
	E51B : E5;
	E51C : E5;
	E51D : E5;
	E51E : E5;
	E51F : E5;
	E520 : E5;
	E521 : E5;
	E522 : E5;
	E523 : E5;
	E524 : E5;
	E525 : E5;
	E526 : E5;
	E527 : E5;
	E528 : E5;
	E529 : E5;
	E52A : E5;
	E52B : E5;
	E52C : E5;
	E52D : E5;
	E52E : E5;
	E52F : E5;
	E530 : E5;
	E531 : E5;
	E532 : E5;
	E533 : E5;
	E534 : E5;
	E535 : E5;
	E536 : E5;
	E537 : E5;
	E538 : E5;
	E539 : E5;
	E53A : E5;
	E53B : E5;
	E53C : E5;
	E53D : E5;
	E53E : E5;
	E53F : E5;
	E540 : E4;
	E541 : E4;
	E542 : E4;
	E543 : E4;
	E544 : E4;
	E545 : E4;
	E546 : E4;
	E547 : E4;
	E548 : E4;
	E549 : E4;
	E54A : E4;
	E54B : E4;
	E54C : E4;
	E54D : E3;
	E54E : E3;
	E54F : E3;
	E550 : E3;
	E551 : E3;
	E552 : E2;
	E553 : E2;
	E554 : E2;
	E555 : E2;
	E556 : E2;
	E557 : E1;
	E558 : E1;
	E559 : E0;
	E55A : E0;
	E55B : DF;
	E55C : DE;
	E55D : DD;
	E55E : DC;
	E55F : DB;
	E560 : DA;
	E561 : D8;
	E562 : D4;
	E563 : D0;
	E564 : C8;
	E565 : 00;
	E566 : 48;
	E567 : 50;
	E568 : 54;
	E569 : 5A;
	E56A : 5E;
	E56B : 61;
	E56C : 63;
	E56D : 65;
	E56E : 67;
	E56F : 68;
	E570 : 6A;
	E571 : 6C;
	E572 : 6E;
	E573 : 70;
	E574 : 71;
	E575 : 72;
	E576 : 73;
	E577 : 74;
	E578 : 75;
	E579 : 77;
	E57A : 78;
	E57B : 79;
	E57C : 7A;
	E57D : 7B;
	E57E : 7C;
	E57F : 7F;
	E580 : E5;
	E581 : E5;
	E582 : E5;
	E583 : E5;
	E584 : E5;
	E585 : E5;
	E586 : E5;
	E587 : E5;
	E588 : E5;
	E589 : E5;
	E58A : E5;
	E58B : E5;
	E58C : E5;
	E58D : E5;
	E58E : E5;
	E58F : E5;
	E590 : E5;
	E591 : E5;
	E592 : E5;
	E593 : E5;
	E594 : E5;
	E595 : E5;
	E596 : E5;
	E597 : E5;
	E598 : E5;
	E599 : E5;
	E59A : E5;
	E59B : E5;
	E59C : E5;
	E59D : E5;
	E59E : E5;
	E59F : E5;
	E5A0 : E5;
	E5A1 : E5;
	E5A2 : E5;
	E5A3 : E5;
	E5A4 : E5;
	E5A5 : E5;
	E5A6 : E5;
	E5A7 : E5;
	E5A8 : E5;
	E5A9 : E5;
	E5AA : E5;
	E5AB : E5;
	E5AC : E5;
	E5AD : E5;
	E5AE : E5;
	E5AF : E5;
	E5B0 : E5;
	E5B1 : E5;
	E5B2 : E5;
	E5B3 : E5;
	E5B4 : E5;
	E5B5 : E5;
	E5B6 : E5;
	E5B7 : E5;
	E5B8 : E5;
	E5B9 : E5;
	E5BA : E5;
	E5BB : E5;
	E5BC : E5;
	E5BD : E5;
	E5BE : E5;
	E5BF : E5;
	E5C0 : E6;
	E5C1 : E6;
	E5C2 : E6;
	E5C3 : E6;
	E5C4 : E6;
	E5C5 : E6;
	E5C6 : E6;
	E5C7 : E6;
	E5C8 : E6;
	E5C9 : E6;
	E5CA : E6;
	E5CB : E6;
	E5CC : E6;
	E5CD : E7;
	E5CE : E7;
	E5CF : E7;
	E5D0 : E7;
	E5D1 : E7;
	E5D2 : E8;
	E5D3 : E8;
	E5D4 : E8;
	E5D5 : E8;
	E5D6 : E8;
	E5D7 : E8;
	E5D8 : E8;
	E5D9 : E9;
	E5DA : E9;
	E5DB : E9;
	E5DC : EA;
	E5DD : EA;
	E5DE : EA;
	E5DF : EA;
	E5E0 : EA;
	E5E1 : EB;
	E5E2 : EC;
	E5E3 : EC;
	E5E4 : EC;
	E5E5 : ED;
	E5E6 : EE;
	E5E7 : EE;
	E5E8 : EE;
	E5E9 : F0;
	E5EA : F0;
	E5EB : F1;
	E5EC : F1;
	E5ED : F2;
	E5EE : F2;
	E5EF : F3;
	E5F0 : F3;
	E5F1 : F4;
	E5F2 : F5;
	E5F3 : F6;
	E5F4 : F7;
	E5F5 : F8;
	E5F6 : F9;
	E5F7 : F9;
	E5F8 : FA;
	E5F9 : FB;
	E5FA : FC;
	E5FB : FD;
	E5FC : FE;
	E5FD : FE;
	E5FE : FE;
	E5FF : 7F;
	E600 : E6;
	E601 : E6;
	E602 : E6;
	E603 : E6;
	E604 : E6;
	E605 : E6;
	E606 : E6;
	E607 : E6;
	E608 : E6;
	E609 : E6;
	E60A : E6;
	E60B : E6;
	E60C : E6;
	E60D : E6;
	E60E : E6;
	E60F : E6;
	E610 : E6;
	E611 : E6;
	E612 : E6;
	E613 : E6;
	E614 : E6;
	E615 : E6;
	E616 : E6;
	E617 : E6;
	E618 : E6;
	E619 : E6;
	E61A : E6;
	E61B : E6;
	E61C : E6;
	E61D : E6;
	E61E : E6;
	E61F : E6;
	E620 : E6;
	E621 : E6;
	E622 : E6;
	E623 : E6;
	E624 : E6;
	E625 : E6;
	E626 : E6;
	E627 : E6;
	E628 : E6;
	E629 : E6;
	E62A : E6;
	E62B : E6;
	E62C : E6;
	E62D : E6;
	E62E : E6;
	E62F : E6;
	E630 : E6;
	E631 : E6;
	E632 : E6;
	E633 : E6;
	E634 : E6;
	E635 : E6;
	E636 : E6;
	E637 : E6;
	E638 : E6;
	E639 : E6;
	E63A : E6;
	E63B : E6;
	E63C : E6;
	E63D : E6;
	E63E : E6;
	E63F : E6;
	E640 : E6;
	E641 : E5;
	E642 : E5;
	E643 : E5;
	E644 : E5;
	E645 : E5;
	E646 : E5;
	E647 : E5;
	E648 : E5;
	E649 : E5;
	E64A : E5;
	E64B : E5;
	E64C : E4;
	E64D : E4;
	E64E : E4;
	E64F : E4;
	E650 : E4;
	E651 : E4;
	E652 : E4;
	E653 : E3;
	E654 : E3;
	E655 : E3;
	E656 : E2;
	E657 : E2;
	E658 : E2;
	E659 : E2;
	E65A : E1;
	E65B : E0;
	E65C : E0;
	E65D : DF;
	E65E : DE;
	E65F : DD;
	E660 : DC;
	E661 : DA;
	E662 : D8;
	E663 : D4;
	E664 : D0;
	E665 : C8;
	E666 : 00;
	E667 : 48;
	E668 : 50;
	E669 : 58;
	E66A : 5C;
	E66B : 60;
	E66C : 62;
	E66D : 64;
	E66E : 66;
	E66F : 68;
	E670 : 69;
	E671 : 6B;
	E672 : 6D;
	E673 : 6F;
	E674 : 70;
	E675 : 72;
	E676 : 72;
	E677 : 74;
	E678 : 74;
	E679 : 76;
	E67A : 78;
	E67B : 79;
	E67C : 7A;
	E67D : 7B;
	E67E : 7C;
	E67F : 7F;
	E680 : E6;
	E681 : E6;
	E682 : E6;
	E683 : E6;
	E684 : E6;
	E685 : E6;
	E686 : E6;
	E687 : E6;
	E688 : E6;
	E689 : E6;
	E68A : E6;
	E68B : E6;
	E68C : E6;
	E68D : E6;
	E68E : E6;
	E68F : E6;
	E690 : E6;
	E691 : E6;
	E692 : E6;
	E693 : E6;
	E694 : E6;
	E695 : E6;
	E696 : E6;
	E697 : E6;
	E698 : E6;
	E699 : E6;
	E69A : E6;
	E69B : E6;
	E69C : E6;
	E69D : E6;
	E69E : E6;
	E69F : E6;
	E6A0 : E6;
	E6A1 : E6;
	E6A2 : E6;
	E6A3 : E6;
	E6A4 : E6;
	E6A5 : E6;
	E6A6 : E6;
	E6A7 : E6;
	E6A8 : E6;
	E6A9 : E6;
	E6AA : E6;
	E6AB : E6;
	E6AC : E6;
	E6AD : E6;
	E6AE : E6;
	E6AF : E6;
	E6B0 : E6;
	E6B1 : E6;
	E6B2 : E6;
	E6B3 : E6;
	E6B4 : E6;
	E6B5 : E6;
	E6B6 : E6;
	E6B7 : E6;
	E6B8 : E6;
	E6B9 : E6;
	E6BA : E6;
	E6BB : E6;
	E6BC : E6;
	E6BD : E6;
	E6BE : E6;
	E6BF : E6;
	E6C0 : E6;
	E6C1 : E7;
	E6C2 : E7;
	E6C3 : E7;
	E6C4 : E7;
	E6C5 : E7;
	E6C6 : E7;
	E6C7 : E7;
	E6C8 : E7;
	E6C9 : E7;
	E6CA : E7;
	E6CB : E7;
	E6CC : E8;
	E6CD : E8;
	E6CE : E8;
	E6CF : E8;
	E6D0 : E8;
	E6D1 : E8;
	E6D2 : E8;
	E6D3 : E8;
	E6D4 : E8;
	E6D5 : E9;
	E6D6 : E9;
	E6D7 : E9;
	E6D8 : E9;
	E6D9 : E9;
	E6DA : EA;
	E6DB : EA;
	E6DC : EA;
	E6DD : EA;
	E6DE : EA;
	E6DF : EB;
	E6E0 : EB;
	E6E1 : EC;
	E6E2 : EC;
	E6E3 : EC;
	E6E4 : ED;
	E6E5 : EE;
	E6E6 : EE;
	E6E7 : EE;
	E6E8 : EF;
	E6E9 : F0;
	E6EA : F0;
	E6EB : F1;
	E6EC : F2;
	E6ED : F2;
	E6EE : F2;
	E6EF : F3;
	E6F0 : F4;
	E6F1 : F4;
	E6F2 : F6;
	E6F3 : F6;
	E6F4 : F8;
	E6F5 : F8;
	E6F6 : F9;
	E6F7 : F9;
	E6F8 : FA;
	E6F9 : FB;
	E6FA : FC;
	E6FB : FD;
	E6FC : FE;
	E6FD : FE;
	E6FE : FE;
	E6FF : 7F;
	E700 : E7;
	E701 : E7;
	E702 : E7;
	E703 : E7;
	E704 : E7;
	E705 : E7;
	E706 : E7;
	E707 : E7;
	E708 : E7;
	E709 : E7;
	E70A : E7;
	E70B : E7;
	E70C : E7;
	E70D : E7;
	E70E : E7;
	E70F : E7;
	E710 : E7;
	E711 : E7;
	E712 : E7;
	E713 : E7;
	E714 : E7;
	E715 : E7;
	E716 : E7;
	E717 : E7;
	E718 : E7;
	E719 : E7;
	E71A : E7;
	E71B : E7;
	E71C : E7;
	E71D : E7;
	E71E : E7;
	E71F : E7;
	E720 : E7;
	E721 : E7;
	E722 : E7;
	E723 : E7;
	E724 : E7;
	E725 : E7;
	E726 : E7;
	E727 : E7;
	E728 : E7;
	E729 : E7;
	E72A : E7;
	E72B : E7;
	E72C : E7;
	E72D : E7;
	E72E : E7;
	E72F : E7;
	E730 : E7;
	E731 : E7;
	E732 : E7;
	E733 : E7;
	E734 : E7;
	E735 : E7;
	E736 : E7;
	E737 : E7;
	E738 : E7;
	E739 : E7;
	E73A : E7;
	E73B : E7;
	E73C : E7;
	E73D : E7;
	E73E : E7;
	E73F : E7;
	E740 : E6;
	E741 : E6;
	E742 : E6;
	E743 : E6;
	E744 : E6;
	E745 : E6;
	E746 : E6;
	E747 : E6;
	E748 : E6;
	E749 : E6;
	E74A : E6;
	E74B : E6;
	E74C : E6;
	E74D : E5;
	E74E : E5;
	E74F : E5;
	E750 : E5;
	E751 : E5;
	E752 : E4;
	E753 : E4;
	E754 : E4;
	E755 : E4;
	E756 : E4;
	E757 : E3;
	E758 : E3;
	E759 : E2;
	E75A : E2;
	E75B : E2;
	E75C : E1;
	E75D : E0;
	E75E : E0;
	E75F : DF;
	E760 : DE;
	E761 : DC;
	E762 : DA;
	E763 : D8;
	E764 : D4;
	E765 : D0;
	E766 : C8;
	E767 : 00;
	E768 : 48;
	E769 : 54;
	E76A : 5A;
	E76B : 5E;
	E76C : 61;
	E76D : 63;
	E76E : 65;
	E76F : 67;
	E770 : 68;
	E771 : 6A;
	E772 : 6C;
	E773 : 6E;
	E774 : 70;
	E775 : 71;
	E776 : 72;
	E777 : 73;
	E778 : 74;
	E779 : 76;
	E77A : 78;
	E77B : 79;
	E77C : 7A;
	E77D : 7B;
	E77E : 7C;
	E77F : 7F;
	E780 : E7;
	E781 : E7;
	E782 : E7;
	E783 : E7;
	E784 : E7;
	E785 : E7;
	E786 : E7;
	E787 : E7;
	E788 : E7;
	E789 : E7;
	E78A : E7;
	E78B : E7;
	E78C : E7;
	E78D : E7;
	E78E : E7;
	E78F : E7;
	E790 : E7;
	E791 : E7;
	E792 : E7;
	E793 : E7;
	E794 : E7;
	E795 : E7;
	E796 : E7;
	E797 : E7;
	E798 : E7;
	E799 : E7;
	E79A : E7;
	E79B : E7;
	E79C : E7;
	E79D : E7;
	E79E : E7;
	E79F : E7;
	E7A0 : E7;
	E7A1 : E7;
	E7A2 : E7;
	E7A3 : E7;
	E7A4 : E7;
	E7A5 : E7;
	E7A6 : E7;
	E7A7 : E7;
	E7A8 : E7;
	E7A9 : E7;
	E7AA : E7;
	E7AB : E7;
	E7AC : E7;
	E7AD : E7;
	E7AE : E7;
	E7AF : E7;
	E7B0 : E7;
	E7B1 : E7;
	E7B2 : E7;
	E7B3 : E7;
	E7B4 : E7;
	E7B5 : E7;
	E7B6 : E7;
	E7B7 : E7;
	E7B8 : E7;
	E7B9 : E7;
	E7BA : E7;
	E7BB : E7;
	E7BC : E7;
	E7BD : E7;
	E7BE : E7;
	E7BF : E7;
	E7C0 : E8;
	E7C1 : E8;
	E7C2 : E8;
	E7C3 : E8;
	E7C4 : E8;
	E7C5 : E8;
	E7C6 : E8;
	E7C7 : E8;
	E7C8 : E8;
	E7C9 : E8;
	E7CA : E8;
	E7CB : E8;
	E7CC : E8;
	E7CD : E8;
	E7CE : E8;
	E7CF : E8;
	E7D0 : E8;
	E7D1 : E9;
	E7D2 : E9;
	E7D3 : E9;
	E7D4 : E9;
	E7D5 : E9;
	E7D6 : E9;
	E7D7 : E9;
	E7D8 : EA;
	E7D9 : EA;
	E7DA : EA;
	E7DB : EA;
	E7DC : EA;
	E7DD : EB;
	E7DE : EB;
	E7DF : EB;
	E7E0 : EC;
	E7E1 : EC;
	E7E2 : EC;
	E7E3 : ED;
	E7E4 : EE;
	E7E5 : EE;
	E7E6 : EE;
	E7E7 : EF;
	E7E8 : F0;
	E7E9 : F0;
	E7EA : F1;
	E7EB : F1;
	E7EC : F2;
	E7ED : F2;
	E7EE : F3;
	E7EF : F3;
	E7F0 : F4;
	E7F1 : F5;
	E7F2 : F6;
	E7F3 : F7;
	E7F4 : F8;
	E7F5 : F8;
	E7F6 : F9;
	E7F7 : F9;
	E7F8 : FA;
	E7F9 : FB;
	E7FA : FC;
	E7FB : FD;
	E7FC : FE;
	E7FD : FE;
	E7FE : FE;
	E7FF : 7F;
	E800 : E8;
	E801 : E8;
	E802 : E8;
	E803 : E8;
	E804 : E8;
	E805 : E8;
	E806 : E8;
	E807 : E8;
	E808 : E8;
	E809 : E8;
	E80A : E8;
	E80B : E8;
	E80C : E8;
	E80D : E8;
	E80E : E8;
	E80F : E8;
	E810 : E8;
	E811 : E8;
	E812 : E8;
	E813 : E8;
	E814 : E8;
	E815 : E8;
	E816 : E8;
	E817 : E8;
	E818 : E8;
	E819 : E8;
	E81A : E8;
	E81B : E8;
	E81C : E8;
	E81D : E8;
	E81E : E8;
	E81F : E8;
	E820 : E8;
	E821 : E8;
	E822 : E8;
	E823 : E8;
	E824 : E8;
	E825 : E8;
	E826 : E8;
	E827 : E8;
	E828 : E8;
	E829 : E8;
	E82A : E8;
	E82B : E8;
	E82C : E8;
	E82D : E8;
	E82E : E8;
	E82F : E8;
	E830 : E8;
	E831 : E8;
	E832 : E8;
	E833 : E8;
	E834 : E8;
	E835 : E8;
	E836 : E8;
	E837 : E8;
	E838 : E8;
	E839 : E8;
	E83A : E8;
	E83B : E8;
	E83C : E8;
	E83D : E8;
	E83E : E8;
	E83F : E8;
	E840 : E8;
	E841 : E7;
	E842 : E7;
	E843 : E7;
	E844 : E7;
	E845 : E7;
	E846 : E7;
	E847 : E7;
	E848 : E7;
	E849 : E7;
	E84A : E7;
	E84B : E7;
	E84C : E6;
	E84D : E6;
	E84E : E6;
	E84F : E6;
	E850 : E6;
	E851 : E6;
	E852 : E6;
	E853 : E5;
	E854 : E5;
	E855 : E5;
	E856 : E4;
	E857 : E4;
	E858 : E4;
	E859 : E4;
	E85A : E3;
	E85B : E2;
	E85C : E2;
	E85D : E2;
	E85E : E1;
	E85F : E0;
	E860 : E0;
	E861 : DE;
	E862 : DC;
	E863 : DA;
	E864 : D8;
	E865 : D4;
	E866 : D0;
	E867 : C8;
	E868 : 00;
	E869 : 50;
	E86A : 58;
	E86B : 5C;
	E86C : 60;
	E86D : 62;
	E86E : 64;
	E86F : 66;
	E870 : 68;
	E871 : 6A;
	E872 : 6C;
	E873 : 6E;
	E874 : 70;
	E875 : 71;
	E876 : 72;
	E877 : 73;
	E878 : 74;
	E879 : 76;
	E87A : 78;
	E87B : 79;
	E87C : 7A;
	E87D : 7B;
	E87E : 7C;
	E87F : 7F;
	E880 : E8;
	E881 : E8;
	E882 : E8;
	E883 : E8;
	E884 : E8;
	E885 : E8;
	E886 : E8;
	E887 : E8;
	E888 : E8;
	E889 : E8;
	E88A : E8;
	E88B : E8;
	E88C : E8;
	E88D : E8;
	E88E : E8;
	E88F : E8;
	E890 : E8;
	E891 : E8;
	E892 : E8;
	E893 : E8;
	E894 : E8;
	E895 : E8;
	E896 : E8;
	E897 : E8;
	E898 : E8;
	E899 : E8;
	E89A : E8;
	E89B : E8;
	E89C : E8;
	E89D : E8;
	E89E : E8;
	E89F : E8;
	E8A0 : E8;
	E8A1 : E8;
	E8A2 : E8;
	E8A3 : E8;
	E8A4 : E8;
	E8A5 : E8;
	E8A6 : E8;
	E8A7 : E8;
	E8A8 : E8;
	E8A9 : E8;
	E8AA : E8;
	E8AB : E8;
	E8AC : E8;
	E8AD : E8;
	E8AE : E8;
	E8AF : E8;
	E8B0 : E8;
	E8B1 : E8;
	E8B2 : E8;
	E8B3 : E8;
	E8B4 : E8;
	E8B5 : E8;
	E8B6 : E8;
	E8B7 : E8;
	E8B8 : E8;
	E8B9 : E8;
	E8BA : E8;
	E8BB : E8;
	E8BC : E8;
	E8BD : E8;
	E8BE : E8;
	E8BF : E8;
	E8C0 : E8;
	E8C1 : E8;
	E8C2 : E8;
	E8C3 : E8;
	E8C4 : E8;
	E8C5 : E8;
	E8C6 : E8;
	E8C7 : E8;
	E8C8 : E8;
	E8C9 : E9;
	E8CA : E9;
	E8CB : E9;
	E8CC : E9;
	E8CD : E9;
	E8CE : E9;
	E8CF : E9;
	E8D0 : E9;
	E8D1 : E9;
	E8D2 : E9;
	E8D3 : E9;
	E8D4 : EA;
	E8D5 : EA;
	E8D6 : EA;
	E8D7 : EA;
	E8D8 : EA;
	E8D9 : EA;
	E8DA : EA;
	E8DB : EB;
	E8DC : EB;
	E8DD : EB;
	E8DE : EC;
	E8DF : EC;
	E8E0 : EC;
	E8E1 : EC;
	E8E2 : ED;
	E8E3 : EE;
	E8E4 : EE;
	E8E5 : EE;
	E8E6 : EF;
	E8E7 : F0;
	E8E8 : F0;
	E8E9 : F0;
	E8EA : F1;
	E8EB : F2;
	E8EC : F2;
	E8ED : F2;
	E8EE : F3;
	E8EF : F4;
	E8F0 : F4;
	E8F1 : F5;
	E8F2 : F6;
	E8F3 : F7;
	E8F4 : F8;
	E8F5 : F8;
	E8F6 : F9;
	E8F7 : FA;
	E8F8 : FA;
	E8F9 : FB;
	E8FA : FC;
	E8FB : FD;
	E8FC : FE;
	E8FD : FE;
	E8FE : FE;
	E8FF : 7F;
	E900 : E9;
	E901 : E9;
	E902 : E9;
	E903 : E9;
	E904 : E9;
	E905 : E9;
	E906 : E9;
	E907 : E9;
	E908 : E9;
	E909 : E9;
	E90A : E9;
	E90B : E9;
	E90C : E9;
	E90D : E9;
	E90E : E9;
	E90F : E9;
	E910 : E9;
	E911 : E9;
	E912 : E9;
	E913 : E9;
	E914 : E9;
	E915 : E9;
	E916 : E9;
	E917 : E9;
	E918 : E9;
	E919 : E9;
	E91A : E9;
	E91B : E9;
	E91C : E9;
	E91D : E9;
	E91E : E9;
	E91F : E9;
	E920 : E9;
	E921 : E9;
	E922 : E9;
	E923 : E9;
	E924 : E9;
	E925 : E9;
	E926 : E9;
	E927 : E9;
	E928 : E9;
	E929 : E9;
	E92A : E9;
	E92B : E9;
	E92C : E9;
	E92D : E9;
	E92E : E9;
	E92F : E9;
	E930 : E9;
	E931 : E9;
	E932 : E9;
	E933 : E9;
	E934 : E9;
	E935 : E9;
	E936 : E9;
	E937 : E9;
	E938 : E9;
	E939 : E9;
	E93A : E9;
	E93B : E9;
	E93C : E9;
	E93D : E9;
	E93E : E9;
	E93F : E9;
	E940 : E9;
	E941 : E9;
	E942 : E9;
	E943 : E9;
	E944 : E9;
	E945 : E9;
	E946 : E9;
	E947 : E9;
	E948 : E8;
	E949 : E8;
	E94A : E8;
	E94B : E8;
	E94C : E8;
	E94D : E8;
	E94E : E8;
	E94F : E8;
	E950 : E8;
	E951 : E8;
	E952 : E8;
	E953 : E7;
	E954 : E7;
	E955 : E7;
	E956 : E6;
	E957 : E6;
	E958 : E6;
	E959 : E6;
	E95A : E5;
	E95B : E4;
	E95C : E4;
	E95D : E4;
	E95E : E3;
	E95F : E2;
	E960 : E2;
	E961 : E1;
	E962 : E0;
	E963 : DE;
	E964 : DC;
	E965 : DA;
	E966 : D8;
	E967 : D4;
	E968 : D0;
	E969 : 00;
	E96A : 50;
	E96B : 58;
	E96C : 5C;
	E96D : 60;
	E96E : 62;
	E96F : 64;
	E970 : 66;
	E971 : 69;
	E972 : 6B;
	E973 : 6D;
	E974 : 6F;
	E975 : 70;
	E976 : 72;
	E977 : 72;
	E978 : 74;
	E979 : 76;
	E97A : 78;
	E97B : 79;
	E97C : 7A;
	E97D : 7B;
	E97E : 7C;
	E97F : 7F;
	E980 : E9;
	E981 : E9;
	E982 : E9;
	E983 : E9;
	E984 : E9;
	E985 : E9;
	E986 : E9;
	E987 : E9;
	E988 : E9;
	E989 : E9;
	E98A : E9;
	E98B : E9;
	E98C : E9;
	E98D : E9;
	E98E : E9;
	E98F : E9;
	E990 : E9;
	E991 : E9;
	E992 : E9;
	E993 : E9;
	E994 : E9;
	E995 : E9;
	E996 : E9;
	E997 : E9;
	E998 : E9;
	E999 : E9;
	E99A : E9;
	E99B : E9;
	E99C : E9;
	E99D : E9;
	E99E : E9;
	E99F : E9;
	E9A0 : E9;
	E9A1 : E9;
	E9A2 : E9;
	E9A3 : E9;
	E9A4 : E9;
	E9A5 : E9;
	E9A6 : E9;
	E9A7 : E9;
	E9A8 : E9;
	E9A9 : E9;
	E9AA : E9;
	E9AB : E9;
	E9AC : E9;
	E9AD : E9;
	E9AE : E9;
	E9AF : E9;
	E9B0 : E9;
	E9B1 : E9;
	E9B2 : E9;
	E9B3 : E9;
	E9B4 : E9;
	E9B5 : E9;
	E9B6 : E9;
	E9B7 : E9;
	E9B8 : E9;
	E9B9 : E9;
	E9BA : E9;
	E9BB : E9;
	E9BC : E9;
	E9BD : E9;
	E9BE : E9;
	E9BF : E9;
	E9C0 : E9;
	E9C1 : E9;
	E9C2 : E9;
	E9C3 : E9;
	E9C4 : E9;
	E9C5 : E9;
	E9C6 : E9;
	E9C7 : E9;
	E9C8 : EA;
	E9C9 : EA;
	E9CA : EA;
	E9CB : EA;
	E9CC : EA;
	E9CD : EA;
	E9CE : EA;
	E9CF : EA;
	E9D0 : EA;
	E9D1 : EA;
	E9D2 : EA;
	E9D3 : EA;
	E9D4 : EA;
	E9D5 : EB;
	E9D6 : EB;
	E9D7 : EB;
	E9D8 : EB;
	E9D9 : EB;
	E9DA : EC;
	E9DB : EC;
	E9DC : EC;
	E9DD : EC;
	E9DE : EC;
	E9DF : ED;
	E9E0 : ED;
	E9E1 : EE;
	E9E2 : EE;
	E9E3 : EE;
	E9E4 : EF;
	E9E5 : F0;
	E9E6 : F0;
	E9E7 : F0;
	E9E8 : F0;
	E9E9 : F1;
	E9EA : F2;
	E9EB : F2;
	E9EC : F2;
	E9ED : F3;
	E9EE : F4;
	E9EF : F4;
	E9F0 : F4;
	E9F1 : F6;
	E9F2 : F6;
	E9F3 : F8;
	E9F4 : F8;
	E9F5 : F9;
	E9F6 : F9;
	E9F7 : FA;
	E9F8 : FA;
	E9F9 : FB;
	E9FA : FC;
	E9FB : FD;
	E9FC : FE;
	E9FD : FE;
	E9FE : FE;
	E9FF : 7F;
	EA00 : EA;
	EA01 : EA;
	EA02 : EA;
	EA03 : EA;
	EA04 : EA;
	EA05 : EA;
	EA06 : EA;
	EA07 : EA;
	EA08 : EA;
	EA09 : EA;
	EA0A : EA;
	EA0B : EA;
	EA0C : EA;
	EA0D : EA;
	EA0E : EA;
	EA0F : EA;
	EA10 : EA;
	EA11 : EA;
	EA12 : EA;
	EA13 : EA;
	EA14 : EA;
	EA15 : EA;
	EA16 : EA;
	EA17 : EA;
	EA18 : EA;
	EA19 : EA;
	EA1A : EA;
	EA1B : EA;
	EA1C : EA;
	EA1D : EA;
	EA1E : EA;
	EA1F : EA;
	EA20 : EA;
	EA21 : EA;
	EA22 : EA;
	EA23 : EA;
	EA24 : EA;
	EA25 : EA;
	EA26 : EA;
	EA27 : EA;
	EA28 : EA;
	EA29 : EA;
	EA2A : EA;
	EA2B : EA;
	EA2C : EA;
	EA2D : EA;
	EA2E : EA;
	EA2F : EA;
	EA30 : EA;
	EA31 : EA;
	EA32 : EA;
	EA33 : EA;
	EA34 : EA;
	EA35 : EA;
	EA36 : EA;
	EA37 : EA;
	EA38 : EA;
	EA39 : EA;
	EA3A : EA;
	EA3B : EA;
	EA3C : EA;
	EA3D : EA;
	EA3E : EA;
	EA3F : EA;
	EA40 : EA;
	EA41 : EA;
	EA42 : EA;
	EA43 : EA;
	EA44 : EA;
	EA45 : EA;
	EA46 : EA;
	EA47 : EA;
	EA48 : EA;
	EA49 : E9;
	EA4A : E9;
	EA4B : E9;
	EA4C : E9;
	EA4D : E9;
	EA4E : E9;
	EA4F : E9;
	EA50 : E9;
	EA51 : E9;
	EA52 : E9;
	EA53 : E9;
	EA54 : E8;
	EA55 : E8;
	EA56 : E8;
	EA57 : E8;
	EA58 : E8;
	EA59 : E8;
	EA5A : E7;
	EA5B : E6;
	EA5C : E6;
	EA5D : E6;
	EA5E : E5;
	EA5F : E4;
	EA60 : E4;
	EA61 : E3;
	EA62 : E2;
	EA63 : E1;
	EA64 : E0;
	EA65 : DE;
	EA66 : DC;
	EA67 : DA;
	EA68 : D8;
	EA69 : D0;
	EA6A : 00;
	EA6B : 50;
	EA6C : 58;
	EA6D : 5C;
	EA6E : 60;
	EA6F : 62;
	EA70 : 64;
	EA71 : 68;
	EA72 : 6A;
	EA73 : 6C;
	EA74 : 6E;
	EA75 : 70;
	EA76 : 71;
	EA77 : 72;
	EA78 : 73;
	EA79 : 75;
	EA7A : 77;
	EA7B : 78;
	EA7C : 7A;
	EA7D : 7A;
	EA7E : 7C;
	EA7F : 7F;
	EA80 : EA;
	EA81 : EA;
	EA82 : EA;
	EA83 : EA;
	EA84 : EA;
	EA85 : EA;
	EA86 : EA;
	EA87 : EA;
	EA88 : EA;
	EA89 : EA;
	EA8A : EA;
	EA8B : EA;
	EA8C : EA;
	EA8D : EA;
	EA8E : EA;
	EA8F : EA;
	EA90 : EA;
	EA91 : EA;
	EA92 : EA;
	EA93 : EA;
	EA94 : EA;
	EA95 : EA;
	EA96 : EA;
	EA97 : EA;
	EA98 : EA;
	EA99 : EA;
	EA9A : EA;
	EA9B : EA;
	EA9C : EA;
	EA9D : EA;
	EA9E : EA;
	EA9F : EA;
	EAA0 : EA;
	EAA1 : EA;
	EAA2 : EA;
	EAA3 : EA;
	EAA4 : EA;
	EAA5 : EA;
	EAA6 : EA;
	EAA7 : EA;
	EAA8 : EA;
	EAA9 : EA;
	EAAA : EA;
	EAAB : EA;
	EAAC : EA;
	EAAD : EA;
	EAAE : EA;
	EAAF : EA;
	EAB0 : EA;
	EAB1 : EA;
	EAB2 : EA;
	EAB3 : EA;
	EAB4 : EA;
	EAB5 : EA;
	EAB6 : EA;
	EAB7 : EA;
	EAB8 : EA;
	EAB9 : EA;
	EABA : EA;
	EABB : EA;
	EABC : EA;
	EABD : EA;
	EABE : EA;
	EABF : EA;
	EAC0 : EA;
	EAC1 : EA;
	EAC2 : EA;
	EAC3 : EA;
	EAC4 : EA;
	EAC5 : EA;
	EAC6 : EA;
	EAC7 : EA;
	EAC8 : EA;
	EAC9 : EB;
	EACA : EB;
	EACB : EB;
	EACC : EB;
	EACD : EB;
	EACE : EB;
	EACF : EB;
	EAD0 : EB;
	EAD1 : EB;
	EAD2 : EB;
	EAD3 : EB;
	EAD4 : EC;
	EAD5 : EC;
	EAD6 : EC;
	EAD7 : EC;
	EAD8 : EC;
	EAD9 : EC;
	EADA : EC;
	EADB : ED;
	EADC : ED;
	EADD : ED;
	EADE : EE;
	EADF : EE;
	EAE0 : EE;
	EAE1 : EE;
	EAE2 : EF;
	EAE3 : F0;
	EAE4 : F0;
	EAE5 : F0;
	EAE6 : F0;
	EAE7 : F1;
	EAE8 : F1;
	EAE9 : F2;
	EAEA : F2;
	EAEB : F2;
	EAEC : F3;
	EAED : F4;
	EAEE : F4;
	EAEF : F4;
	EAF0 : F5;
	EAF1 : F6;
	EAF2 : F7;
	EAF3 : F8;
	EAF4 : F8;
	EAF5 : F9;
	EAF6 : FA;
	EAF7 : FA;
	EAF8 : FA;
	EAF9 : FC;
	EAFA : FC;
	EAFB : FE;
	EAFC : FE;
	EAFD : FE;
	EAFE : FE;
	EAFF : 7F;
	EB00 : EB;
	EB01 : EB;
	EB02 : EB;
	EB03 : EB;
	EB04 : EB;
	EB05 : EB;
	EB06 : EB;
	EB07 : EB;
	EB08 : EB;
	EB09 : EB;
	EB0A : EB;
	EB0B : EB;
	EB0C : EB;
	EB0D : EB;
	EB0E : EB;
	EB0F : EB;
	EB10 : EB;
	EB11 : EB;
	EB12 : EB;
	EB13 : EB;
	EB14 : EB;
	EB15 : EB;
	EB16 : EB;
	EB17 : EB;
	EB18 : EB;
	EB19 : EB;
	EB1A : EB;
	EB1B : EB;
	EB1C : EB;
	EB1D : EB;
	EB1E : EB;
	EB1F : EB;
	EB20 : EB;
	EB21 : EB;
	EB22 : EB;
	EB23 : EB;
	EB24 : EB;
	EB25 : EB;
	EB26 : EB;
	EB27 : EB;
	EB28 : EB;
	EB29 : EB;
	EB2A : EB;
	EB2B : EB;
	EB2C : EB;
	EB2D : EB;
	EB2E : EB;
	EB2F : EB;
	EB30 : EB;
	EB31 : EB;
	EB32 : EB;
	EB33 : EB;
	EB34 : EB;
	EB35 : EB;
	EB36 : EB;
	EB37 : EB;
	EB38 : EB;
	EB39 : EB;
	EB3A : EB;
	EB3B : EB;
	EB3C : EB;
	EB3D : EB;
	EB3E : EB;
	EB3F : EB;
	EB40 : EB;
	EB41 : EB;
	EB42 : EB;
	EB43 : EB;
	EB44 : EB;
	EB45 : EB;
	EB46 : EB;
	EB47 : EB;
	EB48 : EA;
	EB49 : EA;
	EB4A : EA;
	EB4B : EA;
	EB4C : EA;
	EB4D : EA;
	EB4E : EA;
	EB4F : EA;
	EB50 : EA;
	EB51 : EA;
	EB52 : EA;
	EB53 : EA;
	EB54 : EA;
	EB55 : E9;
	EB56 : E9;
	EB57 : E9;
	EB58 : E9;
	EB59 : E9;
	EB5A : E8;
	EB5B : E8;
	EB5C : E8;
	EB5D : E8;
	EB5E : E7;
	EB5F : E6;
	EB60 : E6;
	EB61 : E5;
	EB62 : E4;
	EB63 : E3;
	EB64 : E2;
	EB65 : E1;
	EB66 : E0;
	EB67 : DE;
	EB68 : DC;
	EB69 : D8;
	EB6A : D0;
	EB6B : 00;
	EB6C : 50;
	EB6D : 58;
	EB6E : 5C;
	EB6F : 60;
	EB70 : 62;
	EB71 : 66;
	EB72 : 69;
	EB73 : 6B;
	EB74 : 6D;
	EB75 : 6F;
	EB76 : 70;
	EB77 : 72;
	EB78 : 72;
	EB79 : 74;
	EB7A : 76;
	EB7B : 78;
	EB7C : 79;
	EB7D : 7A;
	EB7E : 7B;
	EB7F : 7F;
	EB80 : EB;
	EB81 : EB;
	EB82 : EB;
	EB83 : EB;
	EB84 : EB;
	EB85 : EB;
	EB86 : EB;
	EB87 : EB;
	EB88 : EB;
	EB89 : EB;
	EB8A : EB;
	EB8B : EB;
	EB8C : EB;
	EB8D : EB;
	EB8E : EB;
	EB8F : EB;
	EB90 : EB;
	EB91 : EB;
	EB92 : EB;
	EB93 : EB;
	EB94 : EB;
	EB95 : EB;
	EB96 : EB;
	EB97 : EB;
	EB98 : EB;
	EB99 : EB;
	EB9A : EB;
	EB9B : EB;
	EB9C : EB;
	EB9D : EB;
	EB9E : EB;
	EB9F : EB;
	EBA0 : EB;
	EBA1 : EB;
	EBA2 : EB;
	EBA3 : EB;
	EBA4 : EB;
	EBA5 : EB;
	EBA6 : EB;
	EBA7 : EB;
	EBA8 : EB;
	EBA9 : EB;
	EBAA : EB;
	EBAB : EB;
	EBAC : EB;
	EBAD : EB;
	EBAE : EB;
	EBAF : EB;
	EBB0 : EB;
	EBB1 : EB;
	EBB2 : EB;
	EBB3 : EB;
	EBB4 : EB;
	EBB5 : EB;
	EBB6 : EB;
	EBB7 : EB;
	EBB8 : EB;
	EBB9 : EB;
	EBBA : EB;
	EBBB : EB;
	EBBC : EB;
	EBBD : EB;
	EBBE : EB;
	EBBF : EB;
	EBC0 : EB;
	EBC1 : EB;
	EBC2 : EB;
	EBC3 : EB;
	EBC4 : EB;
	EBC5 : EB;
	EBC6 : EB;
	EBC7 : EB;
	EBC8 : EC;
	EBC9 : EC;
	EBCA : EC;
	EBCB : EC;
	EBCC : EC;
	EBCD : EC;
	EBCE : EC;
	EBCF : EC;
	EBD0 : EC;
	EBD1 : EC;
	EBD2 : EC;
	EBD3 : EC;
	EBD4 : EC;
	EBD5 : ED;
	EBD6 : ED;
	EBD7 : ED;
	EBD8 : ED;
	EBD9 : ED;
	EBDA : EE;
	EBDB : EE;
	EBDC : EE;
	EBDD : EE;
	EBDE : EE;
	EBDF : EF;
	EBE0 : EF;
	EBE1 : F0;
	EBE2 : F0;
	EBE3 : F0;
	EBE4 : F0;
	EBE5 : F1;
	EBE6 : F1;
	EBE7 : F1;
	EBE8 : F2;
	EBE9 : F2;
	EBEA : F2;
	EBEB : F3;
	EBEC : F4;
	EBED : F4;
	EBEE : F4;
	EBEF : F5;
	EBF0 : F6;
	EBF1 : F6;
	EBF2 : F8;
	EBF3 : F8;
	EBF4 : F9;
	EBF5 : F9;
	EBF6 : FA;
	EBF7 : FA;
	EBF8 : FB;
	EBF9 : FC;
	EBFA : FD;
	EBFB : FE;
	EBFC : FE;
	EBFD : FE;
	EBFE : FE;
	EBFF : 7F;
	EC00 : EC;
	EC01 : EC;
	EC02 : EC;
	EC03 : EC;
	EC04 : EC;
	EC05 : EC;
	EC06 : EC;
	EC07 : EC;
	EC08 : EC;
	EC09 : EC;
	EC0A : EC;
	EC0B : EC;
	EC0C : EC;
	EC0D : EC;
	EC0E : EC;
	EC0F : EC;
	EC10 : EC;
	EC11 : EC;
	EC12 : EC;
	EC13 : EC;
	EC14 : EC;
	EC15 : EC;
	EC16 : EC;
	EC17 : EC;
	EC18 : EC;
	EC19 : EC;
	EC1A : EC;
	EC1B : EC;
	EC1C : EC;
	EC1D : EC;
	EC1E : EC;
	EC1F : EC;
	EC20 : EC;
	EC21 : EC;
	EC22 : EC;
	EC23 : EC;
	EC24 : EC;
	EC25 : EC;
	EC26 : EC;
	EC27 : EC;
	EC28 : EC;
	EC29 : EC;
	EC2A : EC;
	EC2B : EC;
	EC2C : EC;
	EC2D : EC;
	EC2E : EC;
	EC2F : EC;
	EC30 : EC;
	EC31 : EC;
	EC32 : EC;
	EC33 : EC;
	EC34 : EC;
	EC35 : EC;
	EC36 : EC;
	EC37 : EC;
	EC38 : EC;
	EC39 : EC;
	EC3A : EC;
	EC3B : EC;
	EC3C : EC;
	EC3D : EC;
	EC3E : EC;
	EC3F : EC;
	EC40 : EC;
	EC41 : EC;
	EC42 : EC;
	EC43 : EC;
	EC44 : EC;
	EC45 : EC;
	EC46 : EC;
	EC47 : EC;
	EC48 : EC;
	EC49 : EB;
	EC4A : EB;
	EC4B : EB;
	EC4C : EB;
	EC4D : EB;
	EC4E : EB;
	EC4F : EB;
	EC50 : EB;
	EC51 : EB;
	EC52 : EB;
	EC53 : EB;
	EC54 : EA;
	EC55 : EA;
	EC56 : EA;
	EC57 : EA;
	EC58 : EA;
	EC59 : EA;
	EC5A : EA;
	EC5B : E9;
	EC5C : E9;
	EC5D : E9;
	EC5E : E8;
	EC5F : E8;
	EC60 : E8;
	EC61 : E7;
	EC62 : E6;
	EC63 : E5;
	EC64 : E4;
	EC65 : E3;
	EC66 : E2;
	EC67 : E1;
	EC68 : E0;
	EC69 : DC;
	EC6A : D8;
	EC6B : D0;
	EC6C : 00;
	EC6D : 50;
	EC6E : 58;
	EC6F : 5C;
	EC70 : 60;
	EC71 : 64;
	EC72 : 68;
	EC73 : 6A;
	EC74 : 6C;
	EC75 : 6E;
	EC76 : 70;
	EC77 : 71;
	EC78 : 72;
	EC79 : 74;
	EC7A : 76;
	EC7B : 78;
	EC7C : 79;
	EC7D : 7A;
	EC7E : 7B;
	EC7F : 7F;
	EC80 : EC;
	EC81 : EC;
	EC82 : EC;
	EC83 : EC;
	EC84 : EC;
	EC85 : EC;
	EC86 : EC;
	EC87 : EC;
	EC88 : EC;
	EC89 : EC;
	EC8A : EC;
	EC8B : EC;
	EC8C : EC;
	EC8D : EC;
	EC8E : EC;
	EC8F : EC;
	EC90 : EC;
	EC91 : EC;
	EC92 : EC;
	EC93 : EC;
	EC94 : EC;
	EC95 : EC;
	EC96 : EC;
	EC97 : EC;
	EC98 : EC;
	EC99 : EC;
	EC9A : EC;
	EC9B : EC;
	EC9C : EC;
	EC9D : EC;
	EC9E : EC;
	EC9F : EC;
	ECA0 : EC;
	ECA1 : EC;
	ECA2 : EC;
	ECA3 : EC;
	ECA4 : EC;
	ECA5 : EC;
	ECA6 : EC;
	ECA7 : EC;
	ECA8 : EC;
	ECA9 : EC;
	ECAA : EC;
	ECAB : EC;
	ECAC : EC;
	ECAD : EC;
	ECAE : EC;
	ECAF : EC;
	ECB0 : EC;
	ECB1 : EC;
	ECB2 : EC;
	ECB3 : EC;
	ECB4 : EC;
	ECB5 : EC;
	ECB6 : EC;
	ECB7 : EC;
	ECB8 : EC;
	ECB9 : EC;
	ECBA : EC;
	ECBB : EC;
	ECBC : EC;
	ECBD : EC;
	ECBE : EC;
	ECBF : EC;
	ECC0 : EC;
	ECC1 : EC;
	ECC2 : EC;
	ECC3 : EC;
	ECC4 : EC;
	ECC5 : EC;
	ECC6 : EC;
	ECC7 : EC;
	ECC8 : EC;
	ECC9 : ED;
	ECCA : ED;
	ECCB : ED;
	ECCC : ED;
	ECCD : ED;
	ECCE : ED;
	ECCF : ED;
	ECD0 : ED;
	ECD1 : ED;
	ECD2 : ED;
	ECD3 : ED;
	ECD4 : EE;
	ECD5 : EE;
	ECD6 : EE;
	ECD7 : EE;
	ECD8 : EE;
	ECD9 : EE;
	ECDA : EE;
	ECDB : EF;
	ECDC : EF;
	ECDD : EF;
	ECDE : F0;
	ECDF : F0;
	ECE0 : F0;
	ECE1 : F0;
	ECE2 : F0;
	ECE3 : F1;
	ECE4 : F1;
	ECE5 : F1;
	ECE6 : F2;
	ECE7 : F2;
	ECE8 : F2;
	ECE9 : F2;
	ECEA : F3;
	ECEB : F4;
	ECEC : F4;
	ECED : F4;
	ECEE : F5;
	ECEF : F6;
	ECF0 : F6;
	ECF1 : F7;
	ECF2 : F8;
	ECF3 : F8;
	ECF4 : F9;
	ECF5 : FA;
	ECF6 : FA;
	ECF7 : FA;
	ECF8 : FB;
	ECF9 : FC;
	ECFA : FD;
	ECFB : FE;
	ECFC : FE;
	ECFD : FE;
	ECFE : FE;
	ECFF : 7F;
	ED00 : ED;
	ED01 : ED;
	ED02 : ED;
	ED03 : ED;
	ED04 : ED;
	ED05 : ED;
	ED06 : ED;
	ED07 : ED;
	ED08 : ED;
	ED09 : ED;
	ED0A : ED;
	ED0B : ED;
	ED0C : ED;
	ED0D : ED;
	ED0E : ED;
	ED0F : ED;
	ED10 : ED;
	ED11 : ED;
	ED12 : ED;
	ED13 : ED;
	ED14 : ED;
	ED15 : ED;
	ED16 : ED;
	ED17 : ED;
	ED18 : ED;
	ED19 : ED;
	ED1A : ED;
	ED1B : ED;
	ED1C : ED;
	ED1D : ED;
	ED1E : ED;
	ED1F : ED;
	ED20 : ED;
	ED21 : ED;
	ED22 : ED;
	ED23 : ED;
	ED24 : ED;
	ED25 : ED;
	ED26 : ED;
	ED27 : ED;
	ED28 : ED;
	ED29 : ED;
	ED2A : ED;
	ED2B : ED;
	ED2C : ED;
	ED2D : ED;
	ED2E : ED;
	ED2F : ED;
	ED30 : ED;
	ED31 : ED;
	ED32 : ED;
	ED33 : ED;
	ED34 : ED;
	ED35 : ED;
	ED36 : ED;
	ED37 : ED;
	ED38 : ED;
	ED39 : ED;
	ED3A : ED;
	ED3B : ED;
	ED3C : ED;
	ED3D : ED;
	ED3E : ED;
	ED3F : ED;
	ED40 : ED;
	ED41 : ED;
	ED42 : ED;
	ED43 : ED;
	ED44 : ED;
	ED45 : ED;
	ED46 : ED;
	ED47 : ED;
	ED48 : EC;
	ED49 : EC;
	ED4A : EC;
	ED4B : EC;
	ED4C : EC;
	ED4D : EC;
	ED4E : EC;
	ED4F : EC;
	ED50 : EC;
	ED51 : EC;
	ED52 : EC;
	ED53 : EC;
	ED54 : EC;
	ED55 : EB;
	ED56 : EB;
	ED57 : EB;
	ED58 : EB;
	ED59 : EB;
	ED5A : EA;
	ED5B : EA;
	ED5C : EA;
	ED5D : EA;
	ED5E : EA;
	ED5F : E9;
	ED60 : E9;
	ED61 : E8;
	ED62 : E8;
	ED63 : E7;
	ED64 : E6;
	ED65 : E5;
	ED66 : E4;
	ED67 : E3;
	ED68 : E2;
	ED69 : E0;
	ED6A : DC;
	ED6B : D8;
	ED6C : D0;
	ED6D : 00;
	ED6E : 50;
	ED6F : 58;
	ED70 : 5C;
	ED71 : 62;
	ED72 : 66;
	ED73 : 69;
	ED74 : 6B;
	ED75 : 6D;
	ED76 : 6F;
	ED77 : 70;
	ED78 : 72;
	ED79 : 74;
	ED7A : 76;
	ED7B : 78;
	ED7C : 79;
	ED7D : 7A;
	ED7E : 7B;
	ED7F : 7F;
	ED80 : ED;
	ED81 : ED;
	ED82 : ED;
	ED83 : ED;
	ED84 : ED;
	ED85 : ED;
	ED86 : ED;
	ED87 : ED;
	ED88 : ED;
	ED89 : ED;
	ED8A : ED;
	ED8B : ED;
	ED8C : ED;
	ED8D : ED;
	ED8E : ED;
	ED8F : ED;
	ED90 : ED;
	ED91 : ED;
	ED92 : ED;
	ED93 : ED;
	ED94 : ED;
	ED95 : ED;
	ED96 : ED;
	ED97 : ED;
	ED98 : ED;
	ED99 : ED;
	ED9A : ED;
	ED9B : ED;
	ED9C : ED;
	ED9D : ED;
	ED9E : ED;
	ED9F : ED;
	EDA0 : ED;
	EDA1 : ED;
	EDA2 : ED;
	EDA3 : ED;
	EDA4 : ED;
	EDA5 : ED;
	EDA6 : ED;
	EDA7 : ED;
	EDA8 : ED;
	EDA9 : ED;
	EDAA : ED;
	EDAB : ED;
	EDAC : ED;
	EDAD : ED;
	EDAE : ED;
	EDAF : ED;
	EDB0 : ED;
	EDB1 : ED;
	EDB2 : ED;
	EDB3 : ED;
	EDB4 : ED;
	EDB5 : ED;
	EDB6 : ED;
	EDB7 : ED;
	EDB8 : ED;
	EDB9 : ED;
	EDBA : ED;
	EDBB : ED;
	EDBC : ED;
	EDBD : ED;
	EDBE : ED;
	EDBF : ED;
	EDC0 : ED;
	EDC1 : ED;
	EDC2 : ED;
	EDC3 : ED;
	EDC4 : ED;
	EDC5 : ED;
	EDC6 : ED;
	EDC7 : ED;
	EDC8 : EE;
	EDC9 : EE;
	EDCA : EE;
	EDCB : EE;
	EDCC : EE;
	EDCD : EE;
	EDCE : EE;
	EDCF : EE;
	EDD0 : EE;
	EDD1 : EE;
	EDD2 : EE;
	EDD3 : EE;
	EDD4 : EE;
	EDD5 : EF;
	EDD6 : EF;
	EDD7 : EF;
	EDD8 : EF;
	EDD9 : EF;
	EDDA : F0;
	EDDB : F0;
	EDDC : F0;
	EDDD : F0;
	EDDE : F0;
	EDDF : F0;
	EDE0 : F0;
	EDE1 : F1;
	EDE2 : F1;
	EDE3 : F1;
	EDE4 : F2;
	EDE5 : F2;
	EDE6 : F2;
	EDE7 : F2;
	EDE8 : F2;
	EDE9 : F3;
	EDEA : F4;
	EDEB : F4;
	EDEC : F4;
	EDED : F5;
	EDEE : F6;
	EDEF : F6;
	EDF0 : F6;
	EDF1 : F8;
	EDF2 : F8;
	EDF3 : F9;
	EDF4 : F9;
	EDF5 : FA;
	EDF6 : FA;
	EDF7 : FB;
	EDF8 : FB;
	EDF9 : FC;
	EDFA : FD;
	EDFB : FE;
	EDFC : FE;
	EDFD : FE;
	EDFE : FE;
	EDFF : 7F;
	EE00 : EE;
	EE01 : EE;
	EE02 : EE;
	EE03 : EE;
	EE04 : EE;
	EE05 : EE;
	EE06 : EE;
	EE07 : EE;
	EE08 : EE;
	EE09 : EE;
	EE0A : EE;
	EE0B : EE;
	EE0C : EE;
	EE0D : EE;
	EE0E : EE;
	EE0F : EE;
	EE10 : EE;
	EE11 : EE;
	EE12 : EE;
	EE13 : EE;
	EE14 : EE;
	EE15 : EE;
	EE16 : EE;
	EE17 : EE;
	EE18 : EE;
	EE19 : EE;
	EE1A : EE;
	EE1B : EE;
	EE1C : EE;
	EE1D : EE;
	EE1E : EE;
	EE1F : EE;
	EE20 : EE;
	EE21 : EE;
	EE22 : EE;
	EE23 : EE;
	EE24 : EE;
	EE25 : EE;
	EE26 : EE;
	EE27 : EE;
	EE28 : EE;
	EE29 : EE;
	EE2A : EE;
	EE2B : EE;
	EE2C : EE;
	EE2D : EE;
	EE2E : EE;
	EE2F : EE;
	EE30 : EE;
	EE31 : EE;
	EE32 : EE;
	EE33 : EE;
	EE34 : EE;
	EE35 : EE;
	EE36 : EE;
	EE37 : EE;
	EE38 : EE;
	EE39 : EE;
	EE3A : EE;
	EE3B : EE;
	EE3C : EE;
	EE3D : EE;
	EE3E : EE;
	EE3F : EE;
	EE40 : EE;
	EE41 : EE;
	EE42 : EE;
	EE43 : EE;
	EE44 : EE;
	EE45 : EE;
	EE46 : EE;
	EE47 : EE;
	EE48 : EE;
	EE49 : ED;
	EE4A : ED;
	EE4B : ED;
	EE4C : ED;
	EE4D : ED;
	EE4E : ED;
	EE4F : ED;
	EE50 : ED;
	EE51 : ED;
	EE52 : ED;
	EE53 : ED;
	EE54 : EC;
	EE55 : EC;
	EE56 : EC;
	EE57 : EC;
	EE58 : EC;
	EE59 : EC;
	EE5A : EC;
	EE5B : EB;
	EE5C : EB;
	EE5D : EB;
	EE5E : EA;
	EE5F : EA;
	EE60 : EA;
	EE61 : EA;
	EE62 : E9;
	EE63 : E8;
	EE64 : E8;
	EE65 : E7;
	EE66 : E6;
	EE67 : E5;
	EE68 : E4;
	EE69 : E2;
	EE6A : E0;
	EE6B : DC;
	EE6C : D8;
	EE6D : D0;
	EE6E : 00;
	EE6F : 50;
	EE70 : 58;
	EE71 : 60;
	EE72 : 64;
	EE73 : 68;
	EE74 : 6A;
	EE75 : 6C;
	EE76 : 6E;
	EE77 : 70;
	EE78 : 71;
	EE79 : 73;
	EE7A : 75;
	EE7B : 77;
	EE7C : 78;
	EE7D : 7A;
	EE7E : 7A;
	EE7F : 7F;
	EE80 : EE;
	EE81 : EE;
	EE82 : EE;
	EE83 : EE;
	EE84 : EE;
	EE85 : EE;
	EE86 : EE;
	EE87 : EE;
	EE88 : EE;
	EE89 : EE;
	EE8A : EE;
	EE8B : EE;
	EE8C : EE;
	EE8D : EE;
	EE8E : EE;
	EE8F : EE;
	EE90 : EE;
	EE91 : EE;
	EE92 : EE;
	EE93 : EE;
	EE94 : EE;
	EE95 : EE;
	EE96 : EE;
	EE97 : EE;
	EE98 : EE;
	EE99 : EE;
	EE9A : EE;
	EE9B : EE;
	EE9C : EE;
	EE9D : EE;
	EE9E : EE;
	EE9F : EE;
	EEA0 : EE;
	EEA1 : EE;
	EEA2 : EE;
	EEA3 : EE;
	EEA4 : EE;
	EEA5 : EE;
	EEA6 : EE;
	EEA7 : EE;
	EEA8 : EE;
	EEA9 : EE;
	EEAA : EE;
	EEAB : EE;
	EEAC : EE;
	EEAD : EE;
	EEAE : EE;
	EEAF : EE;
	EEB0 : EE;
	EEB1 : EE;
	EEB2 : EE;
	EEB3 : EE;
	EEB4 : EE;
	EEB5 : EE;
	EEB6 : EE;
	EEB7 : EE;
	EEB8 : EE;
	EEB9 : EE;
	EEBA : EE;
	EEBB : EE;
	EEBC : EE;
	EEBD : EE;
	EEBE : EE;
	EEBF : EE;
	EEC0 : EE;
	EEC1 : EE;
	EEC2 : EE;
	EEC3 : EE;
	EEC4 : EE;
	EEC5 : EE;
	EEC6 : EE;
	EEC7 : EE;
	EEC8 : EE;
	EEC9 : EF;
	EECA : EF;
	EECB : EF;
	EECC : EF;
	EECD : EF;
	EECE : EF;
	EECF : EF;
	EED0 : EF;
	EED1 : EF;
	EED2 : EF;
	EED3 : EF;
	EED4 : F0;
	EED5 : F0;
	EED6 : F0;
	EED7 : F0;
	EED8 : F0;
	EED9 : F0;
	EEDA : F0;
	EEDB : F0;
	EEDC : F0;
	EEDD : F1;
	EEDE : F1;
	EEDF : F1;
	EEE0 : F1;
	EEE1 : F1;
	EEE2 : F2;
	EEE3 : F2;
	EEE4 : F2;
	EEE5 : F2;
	EEE6 : F2;
	EEE7 : F3;
	EEE8 : F3;
	EEE9 : F4;
	EEEA : F4;
	EEEB : F4;
	EEEC : F5;
	EEED : F6;
	EEEE : F6;
	EEEF : F6;
	EEF0 : F7;
	EEF1 : F8;
	EEF2 : F8;
	EEF3 : F9;
	EEF4 : FA;
	EEF5 : FA;
	EEF6 : FA;
	EEF7 : FB;
	EEF8 : FC;
	EEF9 : FC;
	EEFA : FE;
	EEFB : FE;
	EEFC : FE;
	EEFD : FE;
	EEFE : FE;
	EEFF : 7F;
	EF00 : EF;
	EF01 : EF;
	EF02 : EF;
	EF03 : EF;
	EF04 : EF;
	EF05 : EF;
	EF06 : EF;
	EF07 : EF;
	EF08 : EF;
	EF09 : EF;
	EF0A : EF;
	EF0B : EF;
	EF0C : EF;
	EF0D : EF;
	EF0E : EF;
	EF0F : EF;
	EF10 : EF;
	EF11 : EF;
	EF12 : EF;
	EF13 : EF;
	EF14 : EF;
	EF15 : EF;
	EF16 : EF;
	EF17 : EF;
	EF18 : EF;
	EF19 : EF;
	EF1A : EF;
	EF1B : EF;
	EF1C : EF;
	EF1D : EF;
	EF1E : EF;
	EF1F : EF;
	EF20 : EF;
	EF21 : EF;
	EF22 : EF;
	EF23 : EF;
	EF24 : EF;
	EF25 : EF;
	EF26 : EF;
	EF27 : EF;
	EF28 : EF;
	EF29 : EF;
	EF2A : EF;
	EF2B : EF;
	EF2C : EF;
	EF2D : EF;
	EF2E : EF;
	EF2F : EF;
	EF30 : EF;
	EF31 : EF;
	EF32 : EF;
	EF33 : EF;
	EF34 : EF;
	EF35 : EF;
	EF36 : EF;
	EF37 : EF;
	EF38 : EF;
	EF39 : EF;
	EF3A : EF;
	EF3B : EF;
	EF3C : EF;
	EF3D : EF;
	EF3E : EF;
	EF3F : EF;
	EF40 : EF;
	EF41 : EF;
	EF42 : EF;
	EF43 : EF;
	EF44 : EF;
	EF45 : EF;
	EF46 : EF;
	EF47 : EF;
	EF48 : EE;
	EF49 : EE;
	EF4A : EE;
	EF4B : EE;
	EF4C : EE;
	EF4D : EE;
	EF4E : EE;
	EF4F : EE;
	EF50 : EE;
	EF51 : EE;
	EF52 : EE;
	EF53 : EE;
	EF54 : EE;
	EF55 : ED;
	EF56 : ED;
	EF57 : ED;
	EF58 : ED;
	EF59 : ED;
	EF5A : EC;
	EF5B : EC;
	EF5C : EC;
	EF5D : EC;
	EF5E : EC;
	EF5F : EB;
	EF60 : EB;
	EF61 : EA;
	EF62 : EA;
	EF63 : EA;
	EF64 : E9;
	EF65 : E8;
	EF66 : E8;
	EF67 : E7;
	EF68 : E6;
	EF69 : E4;
	EF6A : E2;
	EF6B : E0;
	EF6C : DC;
	EF6D : D8;
	EF6E : D0;
	EF6F : 00;
	EF70 : 50;
	EF71 : 5C;
	EF72 : 62;
	EF73 : 66;
	EF74 : 69;
	EF75 : 6B;
	EF76 : 6D;
	EF77 : 6F;
	EF78 : 70;
	EF79 : 72;
	EF7A : 74;
	EF7B : 76;
	EF7C : 78;
	EF7D : 79;
	EF7E : 7A;
	EF7F : 7F;
	EF80 : EF;
	EF81 : EF;
	EF82 : EF;
	EF83 : EF;
	EF84 : EF;
	EF85 : EF;
	EF86 : EF;
	EF87 : EF;
	EF88 : EF;
	EF89 : EF;
	EF8A : EF;
	EF8B : EF;
	EF8C : EF;
	EF8D : EF;
	EF8E : EF;
	EF8F : EF;
	EF90 : EF;
	EF91 : EF;
	EF92 : EF;
	EF93 : EF;
	EF94 : EF;
	EF95 : EF;
	EF96 : EF;
	EF97 : EF;
	EF98 : EF;
	EF99 : EF;
	EF9A : EF;
	EF9B : EF;
	EF9C : EF;
	EF9D : EF;
	EF9E : EF;
	EF9F : EF;
	EFA0 : EF;
	EFA1 : EF;
	EFA2 : EF;
	EFA3 : EF;
	EFA4 : EF;
	EFA5 : EF;
	EFA6 : EF;
	EFA7 : EF;
	EFA8 : EF;
	EFA9 : EF;
	EFAA : EF;
	EFAB : EF;
	EFAC : EF;
	EFAD : EF;
	EFAE : EF;
	EFAF : EF;
	EFB0 : EF;
	EFB1 : EF;
	EFB2 : EF;
	EFB3 : EF;
	EFB4 : EF;
	EFB5 : EF;
	EFB6 : EF;
	EFB7 : EF;
	EFB8 : EF;
	EFB9 : EF;
	EFBA : EF;
	EFBB : EF;
	EFBC : EF;
	EFBD : EF;
	EFBE : EF;
	EFBF : EF;
	EFC0 : EF;
	EFC1 : EF;
	EFC2 : EF;
	EFC3 : EF;
	EFC4 : EF;
	EFC5 : EF;
	EFC6 : EF;
	EFC7 : EF;
	EFC8 : F0;
	EFC9 : F0;
	EFCA : F0;
	EFCB : F0;
	EFCC : F0;
	EFCD : F0;
	EFCE : F0;
	EFCF : F0;
	EFD0 : F0;
	EFD1 : F0;
	EFD2 : F0;
	EFD3 : F0;
	EFD4 : F0;
	EFD5 : F0;
	EFD6 : F0;
	EFD7 : F0;
	EFD8 : F0;
	EFD9 : F1;
	EFDA : F1;
	EFDB : F1;
	EFDC : F1;
	EFDD : F1;
	EFDE : F1;
	EFDF : F1;
	EFE0 : F2;
	EFE1 : F2;
	EFE2 : F2;
	EFE3 : F2;
	EFE4 : F2;
	EFE5 : F3;
	EFE6 : F3;
	EFE7 : F3;
	EFE8 : F4;
	EFE9 : F4;
	EFEA : F4;
	EFEB : F5;
	EFEC : F6;
	EFED : F6;
	EFEE : F6;
	EFEF : F7;
	EFF0 : F8;
	EFF1 : F8;
	EFF2 : F9;
	EFF3 : F9;
	EFF4 : FA;
	EFF5 : FA;
	EFF6 : FB;
	EFF7 : FB;
	EFF8 : FC;
	EFF9 : FD;
	EFFA : FE;
	EFFB : FE;
	EFFC : FE;
	EFFD : FE;
	EFFE : FE;
	EFFF : 7F;
	F000 : F0;
	F001 : F0;
	F002 : F0;
	F003 : F0;
	F004 : F0;
	F005 : F0;
	F006 : F0;
	F007 : F0;
	F008 : F0;
	F009 : F0;
	F00A : F0;
	F00B : F0;
	F00C : F0;
	F00D : F0;
	F00E : F0;
	F00F : F0;
	F010 : F0;
	F011 : F0;
	F012 : F0;
	F013 : F0;
	F014 : F0;
	F015 : F0;
	F016 : F0;
	F017 : F0;
	F018 : F0;
	F019 : F0;
	F01A : F0;
	F01B : F0;
	F01C : F0;
	F01D : F0;
	F01E : F0;
	F01F : F0;
	F020 : F0;
	F021 : F0;
	F022 : F0;
	F023 : F0;
	F024 : F0;
	F025 : F0;
	F026 : F0;
	F027 : F0;
	F028 : F0;
	F029 : F0;
	F02A : F0;
	F02B : F0;
	F02C : F0;
	F02D : F0;
	F02E : F0;
	F02F : F0;
	F030 : F0;
	F031 : F0;
	F032 : F0;
	F033 : F0;
	F034 : F0;
	F035 : F0;
	F036 : F0;
	F037 : F0;
	F038 : F0;
	F039 : F0;
	F03A : F0;
	F03B : F0;
	F03C : F0;
	F03D : F0;
	F03E : F0;
	F03F : F0;
	F040 : F0;
	F041 : F0;
	F042 : F0;
	F043 : F0;
	F044 : F0;
	F045 : F0;
	F046 : F0;
	F047 : F0;
	F048 : F0;
	F049 : EF;
	F04A : EF;
	F04B : EF;
	F04C : EF;
	F04D : EF;
	F04E : EF;
	F04F : EF;
	F050 : EF;
	F051 : EF;
	F052 : EF;
	F053 : EF;
	F054 : EE;
	F055 : EE;
	F056 : EE;
	F057 : EE;
	F058 : EE;
	F059 : EE;
	F05A : EE;
	F05B : ED;
	F05C : ED;
	F05D : ED;
	F05E : EC;
	F05F : EC;
	F060 : EC;
	F061 : EC;
	F062 : EB;
	F063 : EA;
	F064 : EA;
	F065 : EA;
	F066 : E9;
	F067 : E8;
	F068 : E8;
	F069 : E6;
	F06A : E4;
	F06B : E2;
	F06C : E0;
	F06D : DC;
	F06E : D8;
	F06F : D0;
	F070 : 00;
	F071 : 58;
	F072 : 60;
	F073 : 64;
	F074 : 68;
	F075 : 6A;
	F076 : 6C;
	F077 : 6E;
	F078 : 70;
	F079 : 72;
	F07A : 74;
	F07B : 76;
	F07C : 78;
	F07D : 79;
	F07E : 7A;
	F07F : 7F;
	F080 : F0;
	F081 : F0;
	F082 : F0;
	F083 : F0;
	F084 : F0;
	F085 : F0;
	F086 : F0;
	F087 : F0;
	F088 : F0;
	F089 : F0;
	F08A : F0;
	F08B : F0;
	F08C : F0;
	F08D : F0;
	F08E : F0;
	F08F : F0;
	F090 : F0;
	F091 : F0;
	F092 : F0;
	F093 : F0;
	F094 : F0;
	F095 : F0;
	F096 : F0;
	F097 : F0;
	F098 : F0;
	F099 : F0;
	F09A : F0;
	F09B : F0;
	F09C : F0;
	F09D : F0;
	F09E : F0;
	F09F : F0;
	F0A0 : F0;
	F0A1 : F0;
	F0A2 : F0;
	F0A3 : F0;
	F0A4 : F0;
	F0A5 : F0;
	F0A6 : F0;
	F0A7 : F0;
	F0A8 : F0;
	F0A9 : F0;
	F0AA : F0;
	F0AB : F0;
	F0AC : F0;
	F0AD : F0;
	F0AE : F0;
	F0AF : F0;
	F0B0 : F0;
	F0B1 : F0;
	F0B2 : F0;
	F0B3 : F0;
	F0B4 : F0;
	F0B5 : F0;
	F0B6 : F0;
	F0B7 : F0;
	F0B8 : F0;
	F0B9 : F0;
	F0BA : F0;
	F0BB : F0;
	F0BC : F0;
	F0BD : F0;
	F0BE : F0;
	F0BF : F0;
	F0C0 : F0;
	F0C1 : F0;
	F0C2 : F0;
	F0C3 : F0;
	F0C4 : F0;
	F0C5 : F0;
	F0C6 : F0;
	F0C7 : F0;
	F0C8 : F0;
	F0C9 : F0;
	F0CA : F0;
	F0CB : F0;
	F0CC : F0;
	F0CD : F0;
	F0CE : F0;
	F0CF : F0;
	F0D0 : F0;
	F0D1 : F1;
	F0D2 : F1;
	F0D3 : F1;
	F0D4 : F1;
	F0D5 : F1;
	F0D6 : F1;
	F0D7 : F1;
	F0D8 : F1;
	F0D9 : F1;
	F0DA : F1;
	F0DB : F1;
	F0DC : F2;
	F0DD : F2;
	F0DE : F2;
	F0DF : F2;
	F0E0 : F2;
	F0E1 : F2;
	F0E2 : F2;
	F0E3 : F3;
	F0E4 : F3;
	F0E5 : F3;
	F0E6 : F4;
	F0E7 : F4;
	F0E8 : F4;
	F0E9 : F4;
	F0EA : F5;
	F0EB : F6;
	F0EC : F6;
	F0ED : F6;
	F0EE : F7;
	F0EF : F8;
	F0F0 : F8;
	F0F1 : F8;
	F0F2 : F9;
	F0F3 : FA;
	F0F4 : FA;
	F0F5 : FA;
	F0F6 : FB;
	F0F7 : FC;
	F0F8 : FC;
	F0F9 : FD;
	F0FA : FE;
	F0FB : FE;
	F0FC : FE;
	F0FD : FE;
	F0FE : FE;
	F0FF : 7F;
	F100 : F1;
	F101 : F1;
	F102 : F1;
	F103 : F1;
	F104 : F1;
	F105 : F1;
	F106 : F1;
	F107 : F1;
	F108 : F1;
	F109 : F1;
	F10A : F1;
	F10B : F1;
	F10C : F1;
	F10D : F1;
	F10E : F1;
	F10F : F1;
	F110 : F1;
	F111 : F1;
	F112 : F1;
	F113 : F1;
	F114 : F1;
	F115 : F1;
	F116 : F1;
	F117 : F1;
	F118 : F1;
	F119 : F1;
	F11A : F1;
	F11B : F1;
	F11C : F1;
	F11D : F1;
	F11E : F1;
	F11F : F1;
	F120 : F1;
	F121 : F1;
	F122 : F1;
	F123 : F1;
	F124 : F1;
	F125 : F1;
	F126 : F1;
	F127 : F1;
	F128 : F1;
	F129 : F1;
	F12A : F1;
	F12B : F1;
	F12C : F1;
	F12D : F1;
	F12E : F1;
	F12F : F1;
	F130 : F1;
	F131 : F1;
	F132 : F1;
	F133 : F1;
	F134 : F1;
	F135 : F1;
	F136 : F1;
	F137 : F1;
	F138 : F1;
	F139 : F1;
	F13A : F1;
	F13B : F1;
	F13C : F1;
	F13D : F1;
	F13E : F1;
	F13F : F1;
	F140 : F1;
	F141 : F1;
	F142 : F1;
	F143 : F1;
	F144 : F1;
	F145 : F1;
	F146 : F1;
	F147 : F1;
	F148 : F1;
	F149 : F1;
	F14A : F1;
	F14B : F1;
	F14C : F1;
	F14D : F1;
	F14E : F1;
	F14F : F1;
	F150 : F0;
	F151 : F0;
	F152 : F0;
	F153 : F0;
	F154 : F0;
	F155 : F0;
	F156 : F0;
	F157 : F0;
	F158 : F0;
	F159 : F0;
	F15A : F0;
	F15B : EF;
	F15C : EF;
	F15D : EF;
	F15E : EE;
	F15F : EE;
	F160 : EE;
	F161 : EE;
	F162 : ED;
	F163 : EC;
	F164 : EC;
	F165 : EC;
	F166 : EB;
	F167 : EA;
	F168 : EA;
	F169 : E9;
	F16A : E8;
	F16B : E6;
	F16C : E4;
	F16D : E2;
	F16E : E0;
	F16F : DC;
	F170 : D8;
	F171 : 00;
	F172 : 58;
	F173 : 60;
	F174 : 64;
	F175 : 68;
	F176 : 6A;
	F177 : 6C;
	F178 : 6E;
	F179 : 71;
	F17A : 73;
	F17B : 75;
	F17C : 77;
	F17D : 78;
	F17E : 7A;
	F17F : 7F;
	F180 : F1;
	F181 : F1;
	F182 : F1;
	F183 : F1;
	F184 : F1;
	F185 : F1;
	F186 : F1;
	F187 : F1;
	F188 : F1;
	F189 : F1;
	F18A : F1;
	F18B : F1;
	F18C : F1;
	F18D : F1;
	F18E : F1;
	F18F : F1;
	F190 : F1;
	F191 : F1;
	F192 : F1;
	F193 : F1;
	F194 : F1;
	F195 : F1;
	F196 : F1;
	F197 : F1;
	F198 : F1;
	F199 : F1;
	F19A : F1;
	F19B : F1;
	F19C : F1;
	F19D : F1;
	F19E : F1;
	F19F : F1;
	F1A0 : F1;
	F1A1 : F1;
	F1A2 : F1;
	F1A3 : F1;
	F1A4 : F1;
	F1A5 : F1;
	F1A6 : F1;
	F1A7 : F1;
	F1A8 : F1;
	F1A9 : F1;
	F1AA : F1;
	F1AB : F1;
	F1AC : F1;
	F1AD : F1;
	F1AE : F1;
	F1AF : F1;
	F1B0 : F1;
	F1B1 : F1;
	F1B2 : F1;
	F1B3 : F1;
	F1B4 : F1;
	F1B5 : F1;
	F1B6 : F1;
	F1B7 : F1;
	F1B8 : F1;
	F1B9 : F1;
	F1BA : F1;
	F1BB : F1;
	F1BC : F1;
	F1BD : F1;
	F1BE : F1;
	F1BF : F1;
	F1C0 : F1;
	F1C1 : F1;
	F1C2 : F1;
	F1C3 : F1;
	F1C4 : F1;
	F1C5 : F1;
	F1C6 : F1;
	F1C7 : F1;
	F1C8 : F1;
	F1C9 : F1;
	F1CA : F1;
	F1CB : F1;
	F1CC : F1;
	F1CD : F1;
	F1CE : F1;
	F1CF : F1;
	F1D0 : F2;
	F1D1 : F2;
	F1D2 : F2;
	F1D3 : F2;
	F1D4 : F2;
	F1D5 : F2;
	F1D6 : F2;
	F1D7 : F2;
	F1D8 : F2;
	F1D9 : F2;
	F1DA : F2;
	F1DB : F2;
	F1DC : F2;
	F1DD : F3;
	F1DE : F3;
	F1DF : F3;
	F1E0 : F3;
	F1E1 : F3;
	F1E2 : F4;
	F1E3 : F4;
	F1E4 : F4;
	F1E5 : F4;
	F1E6 : F4;
	F1E7 : F5;
	F1E8 : F5;
	F1E9 : F6;
	F1EA : F6;
	F1EB : F6;
	F1EC : F7;
	F1ED : F8;
	F1EE : F8;
	F1EF : F8;
	F1F0 : F8;
	F1F1 : F9;
	F1F2 : FA;
	F1F3 : FA;
	F1F4 : FA;
	F1F5 : FB;
	F1F6 : FC;
	F1F7 : FC;
	F1F8 : FC;
	F1F9 : FE;
	F1FA : FE;
	F1FB : FE;
	F1FC : FE;
	F1FD : FE;
	F1FE : FE;
	F1FF : 7F;
	F200 : F2;
	F201 : F2;
	F202 : F2;
	F203 : F2;
	F204 : F2;
	F205 : F2;
	F206 : F2;
	F207 : F2;
	F208 : F2;
	F209 : F2;
	F20A : F2;
	F20B : F2;
	F20C : F2;
	F20D : F2;
	F20E : F2;
	F20F : F2;
	F210 : F2;
	F211 : F2;
	F212 : F2;
	F213 : F2;
	F214 : F2;
	F215 : F2;
	F216 : F2;
	F217 : F2;
	F218 : F2;
	F219 : F2;
	F21A : F2;
	F21B : F2;
	F21C : F2;
	F21D : F2;
	F21E : F2;
	F21F : F2;
	F220 : F2;
	F221 : F2;
	F222 : F2;
	F223 : F2;
	F224 : F2;
	F225 : F2;
	F226 : F2;
	F227 : F2;
	F228 : F2;
	F229 : F2;
	F22A : F2;
	F22B : F2;
	F22C : F2;
	F22D : F2;
	F22E : F2;
	F22F : F2;
	F230 : F2;
	F231 : F2;
	F232 : F2;
	F233 : F2;
	F234 : F2;
	F235 : F2;
	F236 : F2;
	F237 : F2;
	F238 : F2;
	F239 : F2;
	F23A : F2;
	F23B : F2;
	F23C : F2;
	F23D : F2;
	F23E : F2;
	F23F : F2;
	F240 : F2;
	F241 : F2;
	F242 : F2;
	F243 : F2;
	F244 : F2;
	F245 : F2;
	F246 : F2;
	F247 : F2;
	F248 : F2;
	F249 : F2;
	F24A : F2;
	F24B : F2;
	F24C : F2;
	F24D : F2;
	F24E : F2;
	F24F : F2;
	F250 : F2;
	F251 : F1;
	F252 : F1;
	F253 : F1;
	F254 : F1;
	F255 : F1;
	F256 : F1;
	F257 : F1;
	F258 : F1;
	F259 : F1;
	F25A : F1;
	F25B : F1;
	F25C : F0;
	F25D : F0;
	F25E : F0;
	F25F : F0;
	F260 : F0;
	F261 : F0;
	F262 : EF;
	F263 : EE;
	F264 : EE;
	F265 : EE;
	F266 : ED;
	F267 : EC;
	F268 : EC;
	F269 : EB;
	F26A : EA;
	F26B : E9;
	F26C : E8;
	F26D : E6;
	F26E : E4;
	F26F : E2;
	F270 : E0;
	F271 : D8;
	F272 : 00;
	F273 : 58;
	F274 : 60;
	F275 : 64;
	F276 : 68;
	F277 : 6A;
	F278 : 6C;
	F279 : 70;
	F27A : 72;
	F27B : 74;
	F27C : 76;
	F27D : 78;
	F27E : 79;
	F27F : 7F;
	F280 : F2;
	F281 : F2;
	F282 : F2;
	F283 : F2;
	F284 : F2;
	F285 : F2;
	F286 : F2;
	F287 : F2;
	F288 : F2;
	F289 : F2;
	F28A : F2;
	F28B : F2;
	F28C : F2;
	F28D : F2;
	F28E : F2;
	F28F : F2;
	F290 : F2;
	F291 : F2;
	F292 : F2;
	F293 : F2;
	F294 : F2;
	F295 : F2;
	F296 : F2;
	F297 : F2;
	F298 : F2;
	F299 : F2;
	F29A : F2;
	F29B : F2;
	F29C : F2;
	F29D : F2;
	F29E : F2;
	F29F : F2;
	F2A0 : F2;
	F2A1 : F2;
	F2A2 : F2;
	F2A3 : F2;
	F2A4 : F2;
	F2A5 : F2;
	F2A6 : F2;
	F2A7 : F2;
	F2A8 : F2;
	F2A9 : F2;
	F2AA : F2;
	F2AB : F2;
	F2AC : F2;
	F2AD : F2;
	F2AE : F2;
	F2AF : F2;
	F2B0 : F2;
	F2B1 : F2;
	F2B2 : F2;
	F2B3 : F2;
	F2B4 : F2;
	F2B5 : F2;
	F2B6 : F2;
	F2B7 : F2;
	F2B8 : F2;
	F2B9 : F2;
	F2BA : F2;
	F2BB : F2;
	F2BC : F2;
	F2BD : F2;
	F2BE : F2;
	F2BF : F2;
	F2C0 : F2;
	F2C1 : F2;
	F2C2 : F2;
	F2C3 : F2;
	F2C4 : F2;
	F2C5 : F2;
	F2C6 : F2;
	F2C7 : F2;
	F2C8 : F2;
	F2C9 : F2;
	F2CA : F2;
	F2CB : F2;
	F2CC : F2;
	F2CD : F2;
	F2CE : F2;
	F2CF : F2;
	F2D0 : F2;
	F2D1 : F3;
	F2D2 : F3;
	F2D3 : F3;
	F2D4 : F3;
	F2D5 : F3;
	F2D6 : F3;
	F2D7 : F3;
	F2D8 : F3;
	F2D9 : F3;
	F2DA : F3;
	F2DB : F3;
	F2DC : F4;
	F2DD : F4;
	F2DE : F4;
	F2DF : F4;
	F2E0 : F4;
	F2E1 : F4;
	F2E2 : F4;
	F2E3 : F5;
	F2E4 : F5;
	F2E5 : F5;
	F2E6 : F6;
	F2E7 : F6;
	F2E8 : F6;
	F2E9 : F6;
	F2EA : F7;
	F2EB : F8;
	F2EC : F8;
	F2ED : F8;
	F2EE : F8;
	F2EF : F9;
	F2F0 : F9;
	F2F1 : FA;
	F2F2 : FA;
	F2F3 : FA;
	F2F4 : FB;
	F2F5 : FC;
	F2F6 : FC;
	F2F7 : FC;
	F2F8 : FD;
	F2F9 : FE;
	F2FA : FE;
	F2FB : FE;
	F2FC : FE;
	F2FD : FE;
	F2FE : FE;
	F2FF : 7F;
	F300 : F3;
	F301 : F3;
	F302 : F3;
	F303 : F3;
	F304 : F3;
	F305 : F3;
	F306 : F3;
	F307 : F3;
	F308 : F3;
	F309 : F3;
	F30A : F3;
	F30B : F3;
	F30C : F3;
	F30D : F3;
	F30E : F3;
	F30F : F3;
	F310 : F3;
	F311 : F3;
	F312 : F3;
	F313 : F3;
	F314 : F3;
	F315 : F3;
	F316 : F3;
	F317 : F3;
	F318 : F3;
	F319 : F3;
	F31A : F3;
	F31B : F3;
	F31C : F3;
	F31D : F3;
	F31E : F3;
	F31F : F3;
	F320 : F3;
	F321 : F3;
	F322 : F3;
	F323 : F3;
	F324 : F3;
	F325 : F3;
	F326 : F3;
	F327 : F3;
	F328 : F3;
	F329 : F3;
	F32A : F3;
	F32B : F3;
	F32C : F3;
	F32D : F3;
	F32E : F3;
	F32F : F3;
	F330 : F3;
	F331 : F3;
	F332 : F3;
	F333 : F3;
	F334 : F3;
	F335 : F3;
	F336 : F3;
	F337 : F3;
	F338 : F3;
	F339 : F3;
	F33A : F3;
	F33B : F3;
	F33C : F3;
	F33D : F3;
	F33E : F3;
	F33F : F3;
	F340 : F3;
	F341 : F3;
	F342 : F3;
	F343 : F3;
	F344 : F3;
	F345 : F3;
	F346 : F3;
	F347 : F3;
	F348 : F3;
	F349 : F3;
	F34A : F3;
	F34B : F3;
	F34C : F3;
	F34D : F3;
	F34E : F3;
	F34F : F3;
	F350 : F2;
	F351 : F2;
	F352 : F2;
	F353 : F2;
	F354 : F2;
	F355 : F2;
	F356 : F2;
	F357 : F2;
	F358 : F2;
	F359 : F2;
	F35A : F2;
	F35B : F2;
	F35C : F2;
	F35D : F1;
	F35E : F1;
	F35F : F1;
	F360 : F1;
	F361 : F1;
	F362 : F0;
	F363 : F0;
	F364 : F0;
	F365 : F0;
	F366 : EF;
	F367 : EE;
	F368 : EE;
	F369 : ED;
	F36A : EC;
	F36B : EB;
	F36C : EA;
	F36D : E9;
	F36E : E8;
	F36F : E6;
	F370 : E4;
	F371 : E0;
	F372 : D8;
	F373 : 00;
	F374 : 58;
	F375 : 60;
	F376 : 64;
	F377 : 68;
	F378 : 6A;
	F379 : 6E;
	F37A : 71;
	F37B : 73;
	F37C : 75;
	F37D : 77;
	F37E : 78;
	F37F : 7F;
	F380 : F3;
	F381 : F3;
	F382 : F3;
	F383 : F3;
	F384 : F3;
	F385 : F3;
	F386 : F3;
	F387 : F3;
	F388 : F3;
	F389 : F3;
	F38A : F3;
	F38B : F3;
	F38C : F3;
	F38D : F3;
	F38E : F3;
	F38F : F3;
	F390 : F3;
	F391 : F3;
	F392 : F3;
	F393 : F3;
	F394 : F3;
	F395 : F3;
	F396 : F3;
	F397 : F3;
	F398 : F3;
	F399 : F3;
	F39A : F3;
	F39B : F3;
	F39C : F3;
	F39D : F3;
	F39E : F3;
	F39F : F3;
	F3A0 : F3;
	F3A1 : F3;
	F3A2 : F3;
	F3A3 : F3;
	F3A4 : F3;
	F3A5 : F3;
	F3A6 : F3;
	F3A7 : F3;
	F3A8 : F3;
	F3A9 : F3;
	F3AA : F3;
	F3AB : F3;
	F3AC : F3;
	F3AD : F3;
	F3AE : F3;
	F3AF : F3;
	F3B0 : F3;
	F3B1 : F3;
	F3B2 : F3;
	F3B3 : F3;
	F3B4 : F3;
	F3B5 : F3;
	F3B6 : F3;
	F3B7 : F3;
	F3B8 : F3;
	F3B9 : F3;
	F3BA : F3;
	F3BB : F3;
	F3BC : F3;
	F3BD : F3;
	F3BE : F3;
	F3BF : F3;
	F3C0 : F3;
	F3C1 : F3;
	F3C2 : F3;
	F3C3 : F3;
	F3C4 : F3;
	F3C5 : F3;
	F3C6 : F3;
	F3C7 : F3;
	F3C8 : F3;
	F3C9 : F3;
	F3CA : F3;
	F3CB : F3;
	F3CC : F3;
	F3CD : F3;
	F3CE : F3;
	F3CF : F3;
	F3D0 : F4;
	F3D1 : F4;
	F3D2 : F4;
	F3D3 : F4;
	F3D4 : F4;
	F3D5 : F4;
	F3D6 : F4;
	F3D7 : F4;
	F3D8 : F4;
	F3D9 : F4;
	F3DA : F4;
	F3DB : F4;
	F3DC : F4;
	F3DD : F5;
	F3DE : F5;
	F3DF : F5;
	F3E0 : F5;
	F3E1 : F5;
	F3E2 : F6;
	F3E3 : F6;
	F3E4 : F6;
	F3E5 : F6;
	F3E6 : F6;
	F3E7 : F7;
	F3E8 : F7;
	F3E9 : F8;
	F3EA : F8;
	F3EB : F8;
	F3EC : F8;
	F3ED : F9;
	F3EE : F9;
	F3EF : F9;
	F3F0 : FA;
	F3F1 : FA;
	F3F2 : FA;
	F3F3 : FB;
	F3F4 : FC;
	F3F5 : FC;
	F3F6 : FC;
	F3F7 : FD;
	F3F8 : FE;
	F3F9 : FE;
	F3FA : FE;
	F3FB : FE;
	F3FC : FE;
	F3FD : FE;
	F3FE : FE;
	F3FF : 7F;
	F400 : F4;
	F401 : F4;
	F402 : F4;
	F403 : F4;
	F404 : F4;
	F405 : F4;
	F406 : F4;
	F407 : F4;
	F408 : F4;
	F409 : F4;
	F40A : F4;
	F40B : F4;
	F40C : F4;
	F40D : F4;
	F40E : F4;
	F40F : F4;
	F410 : F4;
	F411 : F4;
	F412 : F4;
	F413 : F4;
	F414 : F4;
	F415 : F4;
	F416 : F4;
	F417 : F4;
	F418 : F4;
	F419 : F4;
	F41A : F4;
	F41B : F4;
	F41C : F4;
	F41D : F4;
	F41E : F4;
	F41F : F4;
	F420 : F4;
	F421 : F4;
	F422 : F4;
	F423 : F4;
	F424 : F4;
	F425 : F4;
	F426 : F4;
	F427 : F4;
	F428 : F4;
	F429 : F4;
	F42A : F4;
	F42B : F4;
	F42C : F4;
	F42D : F4;
	F42E : F4;
	F42F : F4;
	F430 : F4;
	F431 : F4;
	F432 : F4;
	F433 : F4;
	F434 : F4;
	F435 : F4;
	F436 : F4;
	F437 : F4;
	F438 : F4;
	F439 : F4;
	F43A : F4;
	F43B : F4;
	F43C : F4;
	F43D : F4;
	F43E : F4;
	F43F : F4;
	F440 : F4;
	F441 : F4;
	F442 : F4;
	F443 : F4;
	F444 : F4;
	F445 : F4;
	F446 : F4;
	F447 : F4;
	F448 : F4;
	F449 : F4;
	F44A : F4;
	F44B : F4;
	F44C : F4;
	F44D : F4;
	F44E : F4;
	F44F : F4;
	F450 : F4;
	F451 : F3;
	F452 : F3;
	F453 : F3;
	F454 : F3;
	F455 : F3;
	F456 : F3;
	F457 : F3;
	F458 : F3;
	F459 : F3;
	F45A : F3;
	F45B : F3;
	F45C : F2;
	F45D : F2;
	F45E : F2;
	F45F : F2;
	F460 : F2;
	F461 : F2;
	F462 : F2;
	F463 : F1;
	F464 : F1;
	F465 : F1;
	F466 : F0;
	F467 : F0;
	F468 : F0;
	F469 : EF;
	F46A : EE;
	F46B : ED;
	F46C : EC;
	F46D : EB;
	F46E : EA;
	F46F : E9;
	F470 : E8;
	F471 : E4;
	F472 : E0;
	F473 : D8;
	F474 : 00;
	F475 : 58;
	F476 : 60;
	F477 : 64;
	F478 : 68;
	F479 : 6C;
	F47A : 70;
	F47B : 72;
	F47C : 74;
	F47D : 76;
	F47E : 78;
	F47F : 7F;
	F480 : F4;
	F481 : F4;
	F482 : F4;
	F483 : F4;
	F484 : F4;
	F485 : F4;
	F486 : F4;
	F487 : F4;
	F488 : F4;
	F489 : F4;
	F48A : F4;
	F48B : F4;
	F48C : F4;
	F48D : F4;
	F48E : F4;
	F48F : F4;
	F490 : F4;
	F491 : F4;
	F492 : F4;
	F493 : F4;
	F494 : F4;
	F495 : F4;
	F496 : F4;
	F497 : F4;
	F498 : F4;
	F499 : F4;
	F49A : F4;
	F49B : F4;
	F49C : F4;
	F49D : F4;
	F49E : F4;
	F49F : F4;
	F4A0 : F4;
	F4A1 : F4;
	F4A2 : F4;
	F4A3 : F4;
	F4A4 : F4;
	F4A5 : F4;
	F4A6 : F4;
	F4A7 : F4;
	F4A8 : F4;
	F4A9 : F4;
	F4AA : F4;
	F4AB : F4;
	F4AC : F4;
	F4AD : F4;
	F4AE : F4;
	F4AF : F4;
	F4B0 : F4;
	F4B1 : F4;
	F4B2 : F4;
	F4B3 : F4;
	F4B4 : F4;
	F4B5 : F4;
	F4B6 : F4;
	F4B7 : F4;
	F4B8 : F4;
	F4B9 : F4;
	F4BA : F4;
	F4BB : F4;
	F4BC : F4;
	F4BD : F4;
	F4BE : F4;
	F4BF : F4;
	F4C0 : F4;
	F4C1 : F4;
	F4C2 : F4;
	F4C3 : F4;
	F4C4 : F4;
	F4C5 : F4;
	F4C6 : F4;
	F4C7 : F4;
	F4C8 : F4;
	F4C9 : F4;
	F4CA : F4;
	F4CB : F4;
	F4CC : F4;
	F4CD : F4;
	F4CE : F4;
	F4CF : F4;
	F4D0 : F4;
	F4D1 : F5;
	F4D2 : F5;
	F4D3 : F5;
	F4D4 : F5;
	F4D5 : F5;
	F4D6 : F5;
	F4D7 : F5;
	F4D8 : F5;
	F4D9 : F5;
	F4DA : F5;
	F4DB : F5;
	F4DC : F6;
	F4DD : F6;
	F4DE : F6;
	F4DF : F6;
	F4E0 : F6;
	F4E1 : F6;
	F4E2 : F6;
	F4E3 : F7;
	F4E4 : F7;
	F4E5 : F7;
	F4E6 : F8;
	F4E7 : F8;
	F4E8 : F8;
	F4E9 : F8;
	F4EA : F8;
	F4EB : F9;
	F4EC : F9;
	F4ED : F9;
	F4EE : FA;
	F4EF : FA;
	F4F0 : FA;
	F4F1 : FA;
	F4F2 : FB;
	F4F3 : FC;
	F4F4 : FC;
	F4F5 : FC;
	F4F6 : FD;
	F4F7 : FE;
	F4F8 : FE;
	F4F9 : FE;
	F4FA : FE;
	F4FB : FE;
	F4FC : FE;
	F4FD : FE;
	F4FE : FE;
	F4FF : 7F;
	F500 : F5;
	F501 : F5;
	F502 : F5;
	F503 : F5;
	F504 : F5;
	F505 : F5;
	F506 : F5;
	F507 : F5;
	F508 : F5;
	F509 : F5;
	F50A : F5;
	F50B : F5;
	F50C : F5;
	F50D : F5;
	F50E : F5;
	F50F : F5;
	F510 : F5;
	F511 : F5;
	F512 : F5;
	F513 : F5;
	F514 : F5;
	F515 : F5;
	F516 : F5;
	F517 : F5;
	F518 : F5;
	F519 : F5;
	F51A : F5;
	F51B : F5;
	F51C : F5;
	F51D : F5;
	F51E : F5;
	F51F : F5;
	F520 : F5;
	F521 : F5;
	F522 : F5;
	F523 : F5;
	F524 : F5;
	F525 : F5;
	F526 : F5;
	F527 : F5;
	F528 : F5;
	F529 : F5;
	F52A : F5;
	F52B : F5;
	F52C : F5;
	F52D : F5;
	F52E : F5;
	F52F : F5;
	F530 : F5;
	F531 : F5;
	F532 : F5;
	F533 : F5;
	F534 : F5;
	F535 : F5;
	F536 : F5;
	F537 : F5;
	F538 : F5;
	F539 : F5;
	F53A : F5;
	F53B : F5;
	F53C : F5;
	F53D : F5;
	F53E : F5;
	F53F : F5;
	F540 : F5;
	F541 : F5;
	F542 : F5;
	F543 : F5;
	F544 : F5;
	F545 : F5;
	F546 : F5;
	F547 : F5;
	F548 : F5;
	F549 : F5;
	F54A : F5;
	F54B : F5;
	F54C : F5;
	F54D : F5;
	F54E : F5;
	F54F : F5;
	F550 : F4;
	F551 : F4;
	F552 : F4;
	F553 : F4;
	F554 : F4;
	F555 : F4;
	F556 : F4;
	F557 : F4;
	F558 : F4;
	F559 : F4;
	F55A : F4;
	F55B : F4;
	F55C : F4;
	F55D : F3;
	F55E : F3;
	F55F : F3;
	F560 : F3;
	F561 : F3;
	F562 : F2;
	F563 : F2;
	F564 : F2;
	F565 : F2;
	F566 : F2;
	F567 : F1;
	F568 : F1;
	F569 : F0;
	F56A : F0;
	F56B : EF;
	F56C : EE;
	F56D : ED;
	F56E : EC;
	F56F : EB;
	F570 : EA;
	F571 : E8;
	F572 : E4;
	F573 : E0;
	F574 : D8;
	F575 : 00;
	F576 : 58;
	F577 : 60;
	F578 : 64;
	F579 : 6A;
	F57A : 6E;
	F57B : 71;
	F57C : 73;
	F57D : 75;
	F57E : 77;
	F57F : 7F;
	F580 : F5;
	F581 : F5;
	F582 : F5;
	F583 : F5;
	F584 : F5;
	F585 : F5;
	F586 : F5;
	F587 : F5;
	F588 : F5;
	F589 : F5;
	F58A : F5;
	F58B : F5;
	F58C : F5;
	F58D : F5;
	F58E : F5;
	F58F : F5;
	F590 : F5;
	F591 : F5;
	F592 : F5;
	F593 : F5;
	F594 : F5;
	F595 : F5;
	F596 : F5;
	F597 : F5;
	F598 : F5;
	F599 : F5;
	F59A : F5;
	F59B : F5;
	F59C : F5;
	F59D : F5;
	F59E : F5;
	F59F : F5;
	F5A0 : F5;
	F5A1 : F5;
	F5A2 : F5;
	F5A3 : F5;
	F5A4 : F5;
	F5A5 : F5;
	F5A6 : F5;
	F5A7 : F5;
	F5A8 : F5;
	F5A9 : F5;
	F5AA : F5;
	F5AB : F5;
	F5AC : F5;
	F5AD : F5;
	F5AE : F5;
	F5AF : F5;
	F5B0 : F5;
	F5B1 : F5;
	F5B2 : F5;
	F5B3 : F5;
	F5B4 : F5;
	F5B5 : F5;
	F5B6 : F5;
	F5B7 : F5;
	F5B8 : F5;
	F5B9 : F5;
	F5BA : F5;
	F5BB : F5;
	F5BC : F5;
	F5BD : F5;
	F5BE : F5;
	F5BF : F5;
	F5C0 : F5;
	F5C1 : F5;
	F5C2 : F5;
	F5C3 : F5;
	F5C4 : F5;
	F5C5 : F5;
	F5C6 : F5;
	F5C7 : F5;
	F5C8 : F5;
	F5C9 : F5;
	F5CA : F5;
	F5CB : F5;
	F5CC : F5;
	F5CD : F5;
	F5CE : F5;
	F5CF : F5;
	F5D0 : F6;
	F5D1 : F6;
	F5D2 : F6;
	F5D3 : F6;
	F5D4 : F6;
	F5D5 : F6;
	F5D6 : F6;
	F5D7 : F6;
	F5D8 : F6;
	F5D9 : F6;
	F5DA : F6;
	F5DB : F6;
	F5DC : F6;
	F5DD : F7;
	F5DE : F7;
	F5DF : F7;
	F5E0 : F7;
	F5E1 : F7;
	F5E2 : F8;
	F5E3 : F8;
	F5E4 : F8;
	F5E5 : F8;
	F5E6 : F8;
	F5E7 : F8;
	F5E8 : F8;
	F5E9 : F9;
	F5EA : F9;
	F5EB : F9;
	F5EC : FA;
	F5ED : FA;
	F5EE : FA;
	F5EF : FA;
	F5F0 : FA;
	F5F1 : FB;
	F5F2 : FC;
	F5F3 : FC;
	F5F4 : FC;
	F5F5 : FD;
	F5F6 : FE;
	F5F7 : FE;
	F5F8 : FE;
	F5F9 : FE;
	F5FA : FE;
	F5FB : FE;
	F5FC : FE;
	F5FD : FE;
	F5FE : FE;
	F5FF : 7F;
	F600 : F6;
	F601 : F6;
	F602 : F6;
	F603 : F6;
	F604 : F6;
	F605 : F6;
	F606 : F6;
	F607 : F6;
	F608 : F6;
	F609 : F6;
	F60A : F6;
	F60B : F6;
	F60C : F6;
	F60D : F6;
	F60E : F6;
	F60F : F6;
	F610 : F6;
	F611 : F6;
	F612 : F6;
	F613 : F6;
	F614 : F6;
	F615 : F6;
	F616 : F6;
	F617 : F6;
	F618 : F6;
	F619 : F6;
	F61A : F6;
	F61B : F6;
	F61C : F6;
	F61D : F6;
	F61E : F6;
	F61F : F6;
	F620 : F6;
	F621 : F6;
	F622 : F6;
	F623 : F6;
	F624 : F6;
	F625 : F6;
	F626 : F6;
	F627 : F6;
	F628 : F6;
	F629 : F6;
	F62A : F6;
	F62B : F6;
	F62C : F6;
	F62D : F6;
	F62E : F6;
	F62F : F6;
	F630 : F6;
	F631 : F6;
	F632 : F6;
	F633 : F6;
	F634 : F6;
	F635 : F6;
	F636 : F6;
	F637 : F6;
	F638 : F6;
	F639 : F6;
	F63A : F6;
	F63B : F6;
	F63C : F6;
	F63D : F6;
	F63E : F6;
	F63F : F6;
	F640 : F6;
	F641 : F6;
	F642 : F6;
	F643 : F6;
	F644 : F6;
	F645 : F6;
	F646 : F6;
	F647 : F6;
	F648 : F6;
	F649 : F6;
	F64A : F6;
	F64B : F6;
	F64C : F6;
	F64D : F6;
	F64E : F6;
	F64F : F6;
	F650 : F6;
	F651 : F5;
	F652 : F5;
	F653 : F5;
	F654 : F5;
	F655 : F5;
	F656 : F5;
	F657 : F5;
	F658 : F5;
	F659 : F5;
	F65A : F5;
	F65B : F5;
	F65C : F4;
	F65D : F4;
	F65E : F4;
	F65F : F4;
	F660 : F4;
	F661 : F4;
	F662 : F4;
	F663 : F3;
	F664 : F3;
	F665 : F3;
	F666 : F2;
	F667 : F2;
	F668 : F2;
	F669 : F2;
	F66A : F1;
	F66B : F0;
	F66C : F0;
	F66D : EF;
	F66E : EE;
	F66F : ED;
	F670 : EC;
	F671 : EA;
	F672 : E8;
	F673 : E4;
	F674 : E0;
	F675 : D8;
	F676 : 00;
	F677 : 58;
	F678 : 60;
	F679 : 68;
	F67A : 6C;
	F67B : 70;
	F67C : 72;
	F67D : 74;
	F67E : 76;
	F67F : 7F;
	F680 : F6;
	F681 : F6;
	F682 : F6;
	F683 : F6;
	F684 : F6;
	F685 : F6;
	F686 : F6;
	F687 : F6;
	F688 : F6;
	F689 : F6;
	F68A : F6;
	F68B : F6;
	F68C : F6;
	F68D : F6;
	F68E : F6;
	F68F : F6;
	F690 : F6;
	F691 : F6;
	F692 : F6;
	F693 : F6;
	F694 : F6;
	F695 : F6;
	F696 : F6;
	F697 : F6;
	F698 : F6;
	F699 : F6;
	F69A : F6;
	F69B : F6;
	F69C : F6;
	F69D : F6;
	F69E : F6;
	F69F : F6;
	F6A0 : F6;
	F6A1 : F6;
	F6A2 : F6;
	F6A3 : F6;
	F6A4 : F6;
	F6A5 : F6;
	F6A6 : F6;
	F6A7 : F6;
	F6A8 : F6;
	F6A9 : F6;
	F6AA : F6;
	F6AB : F6;
	F6AC : F6;
	F6AD : F6;
	F6AE : F6;
	F6AF : F6;
	F6B0 : F6;
	F6B1 : F6;
	F6B2 : F6;
	F6B3 : F6;
	F6B4 : F6;
	F6B5 : F6;
	F6B6 : F6;
	F6B7 : F6;
	F6B8 : F6;
	F6B9 : F6;
	F6BA : F6;
	F6BB : F6;
	F6BC : F6;
	F6BD : F6;
	F6BE : F6;
	F6BF : F6;
	F6C0 : F6;
	F6C1 : F6;
	F6C2 : F6;
	F6C3 : F6;
	F6C4 : F6;
	F6C5 : F6;
	F6C6 : F6;
	F6C7 : F6;
	F6C8 : F6;
	F6C9 : F6;
	F6CA : F6;
	F6CB : F6;
	F6CC : F6;
	F6CD : F6;
	F6CE : F6;
	F6CF : F6;
	F6D0 : F6;
	F6D1 : F7;
	F6D2 : F7;
	F6D3 : F7;
	F6D4 : F7;
	F6D5 : F7;
	F6D6 : F7;
	F6D7 : F7;
	F6D8 : F7;
	F6D9 : F7;
	F6DA : F7;
	F6DB : F7;
	F6DC : F8;
	F6DD : F8;
	F6DE : F8;
	F6DF : F8;
	F6E0 : F8;
	F6E1 : F8;
	F6E2 : F8;
	F6E3 : F8;
	F6E4 : F8;
	F6E5 : F9;
	F6E6 : F9;
	F6E7 : F9;
	F6E8 : F9;
	F6E9 : F9;
	F6EA : FA;
	F6EB : FA;
	F6EC : FA;
	F6ED : FA;
	F6EE : FA;
	F6EF : FB;
	F6F0 : FB;
	F6F1 : FC;
	F6F2 : FC;
	F6F3 : FC;
	F6F4 : FD;
	F6F5 : FE;
	F6F6 : FE;
	F6F7 : FE;
	F6F8 : FE;
	F6F9 : FE;
	F6FA : FE;
	F6FB : FE;
	F6FC : FE;
	F6FD : FE;
	F6FE : FE;
	F6FF : 7F;
	F700 : F7;
	F701 : F7;
	F702 : F7;
	F703 : F7;
	F704 : F7;
	F705 : F7;
	F706 : F7;
	F707 : F7;
	F708 : F7;
	F709 : F7;
	F70A : F7;
	F70B : F7;
	F70C : F7;
	F70D : F7;
	F70E : F7;
	F70F : F7;
	F710 : F7;
	F711 : F7;
	F712 : F7;
	F713 : F7;
	F714 : F7;
	F715 : F7;
	F716 : F7;
	F717 : F7;
	F718 : F7;
	F719 : F7;
	F71A : F7;
	F71B : F7;
	F71C : F7;
	F71D : F7;
	F71E : F7;
	F71F : F7;
	F720 : F7;
	F721 : F7;
	F722 : F7;
	F723 : F7;
	F724 : F7;
	F725 : F7;
	F726 : F7;
	F727 : F7;
	F728 : F7;
	F729 : F7;
	F72A : F7;
	F72B : F7;
	F72C : F7;
	F72D : F7;
	F72E : F7;
	F72F : F7;
	F730 : F7;
	F731 : F7;
	F732 : F7;
	F733 : F7;
	F734 : F7;
	F735 : F7;
	F736 : F7;
	F737 : F7;
	F738 : F7;
	F739 : F7;
	F73A : F7;
	F73B : F7;
	F73C : F7;
	F73D : F7;
	F73E : F7;
	F73F : F7;
	F740 : F7;
	F741 : F7;
	F742 : F7;
	F743 : F7;
	F744 : F7;
	F745 : F7;
	F746 : F7;
	F747 : F7;
	F748 : F7;
	F749 : F7;
	F74A : F7;
	F74B : F7;
	F74C : F7;
	F74D : F7;
	F74E : F7;
	F74F : F7;
	F750 : F6;
	F751 : F6;
	F752 : F6;
	F753 : F6;
	F754 : F6;
	F755 : F6;
	F756 : F6;
	F757 : F6;
	F758 : F6;
	F759 : F6;
	F75A : F6;
	F75B : F6;
	F75C : F6;
	F75D : F5;
	F75E : F5;
	F75F : F5;
	F760 : F5;
	F761 : F5;
	F762 : F4;
	F763 : F4;
	F764 : F4;
	F765 : F4;
	F766 : F4;
	F767 : F3;
	F768 : F3;
	F769 : F2;
	F76A : F2;
	F76B : F2;
	F76C : F1;
	F76D : F0;
	F76E : F0;
	F76F : EF;
	F770 : EE;
	F771 : EC;
	F772 : EA;
	F773 : E8;
	F774 : E4;
	F775 : E0;
	F776 : D8;
	F777 : 00;
	F778 : 58;
	F779 : 64;
	F77A : 6A;
	F77B : 6E;
	F77C : 71;
	F77D : 73;
	F77E : 75;
	F77F : 7F;
	F780 : F7;
	F781 : F7;
	F782 : F7;
	F783 : F7;
	F784 : F7;
	F785 : F7;
	F786 : F7;
	F787 : F7;
	F788 : F7;
	F789 : F7;
	F78A : F7;
	F78B : F7;
	F78C : F7;
	F78D : F7;
	F78E : F7;
	F78F : F7;
	F790 : F7;
	F791 : F7;
	F792 : F7;
	F793 : F7;
	F794 : F7;
	F795 : F7;
	F796 : F7;
	F797 : F7;
	F798 : F7;
	F799 : F7;
	F79A : F7;
	F79B : F7;
	F79C : F7;
	F79D : F7;
	F79E : F7;
	F79F : F7;
	F7A0 : F7;
	F7A1 : F7;
	F7A2 : F7;
	F7A3 : F7;
	F7A4 : F7;
	F7A5 : F7;
	F7A6 : F7;
	F7A7 : F7;
	F7A8 : F7;
	F7A9 : F7;
	F7AA : F7;
	F7AB : F7;
	F7AC : F7;
	F7AD : F7;
	F7AE : F7;
	F7AF : F7;
	F7B0 : F7;
	F7B1 : F7;
	F7B2 : F7;
	F7B3 : F7;
	F7B4 : F7;
	F7B5 : F7;
	F7B6 : F7;
	F7B7 : F7;
	F7B8 : F7;
	F7B9 : F7;
	F7BA : F7;
	F7BB : F7;
	F7BC : F7;
	F7BD : F7;
	F7BE : F7;
	F7BF : F7;
	F7C0 : F7;
	F7C1 : F7;
	F7C2 : F7;
	F7C3 : F7;
	F7C4 : F7;
	F7C5 : F7;
	F7C6 : F7;
	F7C7 : F7;
	F7C8 : F7;
	F7C9 : F7;
	F7CA : F7;
	F7CB : F7;
	F7CC : F7;
	F7CD : F7;
	F7CE : F7;
	F7CF : F7;
	F7D0 : F8;
	F7D1 : F8;
	F7D2 : F8;
	F7D3 : F8;
	F7D4 : F8;
	F7D5 : F8;
	F7D6 : F8;
	F7D7 : F8;
	F7D8 : F8;
	F7D9 : F8;
	F7DA : F8;
	F7DB : F8;
	F7DC : F8;
	F7DD : F8;
	F7DE : F8;
	F7DF : F8;
	F7E0 : F8;
	F7E1 : F9;
	F7E2 : F9;
	F7E3 : F9;
	F7E4 : F9;
	F7E5 : F9;
	F7E6 : F9;
	F7E7 : F9;
	F7E8 : FA;
	F7E9 : FA;
	F7EA : FA;
	F7EB : FA;
	F7EC : FA;
	F7ED : FB;
	F7EE : FB;
	F7EF : FB;
	F7F0 : FC;
	F7F1 : FC;
	F7F2 : FC;
	F7F3 : FD;
	F7F4 : FE;
	F7F5 : FE;
	F7F6 : FE;
	F7F7 : FE;
	F7F8 : FE;
	F7F9 : FE;
	F7FA : FE;
	F7FB : FE;
	F7FC : FE;
	F7FD : FE;
	F7FE : FE;
	F7FF : 7F;
	F800 : F8;
	F801 : F8;
	F802 : F8;
	F803 : F8;
	F804 : F8;
	F805 : F8;
	F806 : F8;
	F807 : F8;
	F808 : F8;
	F809 : F8;
	F80A : F8;
	F80B : F8;
	F80C : F8;
	F80D : F8;
	F80E : F8;
	F80F : F8;
	F810 : F8;
	F811 : F8;
	F812 : F8;
	F813 : F8;
	F814 : F8;
	F815 : F8;
	F816 : F8;
	F817 : F8;
	F818 : F8;
	F819 : F8;
	F81A : F8;
	F81B : F8;
	F81C : F8;
	F81D : F8;
	F81E : F8;
	F81F : F8;
	F820 : F8;
	F821 : F8;
	F822 : F8;
	F823 : F8;
	F824 : F8;
	F825 : F8;
	F826 : F8;
	F827 : F8;
	F828 : F8;
	F829 : F8;
	F82A : F8;
	F82B : F8;
	F82C : F8;
	F82D : F8;
	F82E : F8;
	F82F : F8;
	F830 : F8;
	F831 : F8;
	F832 : F8;
	F833 : F8;
	F834 : F8;
	F835 : F8;
	F836 : F8;
	F837 : F8;
	F838 : F8;
	F839 : F8;
	F83A : F8;
	F83B : F8;
	F83C : F8;
	F83D : F8;
	F83E : F8;
	F83F : F8;
	F840 : F8;
	F841 : F8;
	F842 : F8;
	F843 : F8;
	F844 : F8;
	F845 : F8;
	F846 : F8;
	F847 : F8;
	F848 : F8;
	F849 : F8;
	F84A : F8;
	F84B : F8;
	F84C : F8;
	F84D : F8;
	F84E : F8;
	F84F : F8;
	F850 : F8;
	F851 : F7;
	F852 : F7;
	F853 : F7;
	F854 : F7;
	F855 : F7;
	F856 : F7;
	F857 : F7;
	F858 : F7;
	F859 : F7;
	F85A : F7;
	F85B : F7;
	F85C : F6;
	F85D : F6;
	F85E : F6;
	F85F : F6;
	F860 : F6;
	F861 : F6;
	F862 : F6;
	F863 : F5;
	F864 : F5;
	F865 : F5;
	F866 : F4;
	F867 : F4;
	F868 : F4;
	F869 : F4;
	F86A : F3;
	F86B : F2;
	F86C : F2;
	F86D : F2;
	F86E : F1;
	F86F : F0;
	F870 : F0;
	F871 : EE;
	F872 : EC;
	F873 : EA;
	F874 : E8;
	F875 : E4;
	F876 : E0;
	F877 : D8;
	F878 : 00;
	F879 : 60;
	F87A : 68;
	F87B : 6C;
	F87C : 70;
	F87D : 72;
	F87E : 74;
	F87F : 7F;
	F880 : F8;
	F881 : F8;
	F882 : F8;
	F883 : F8;
	F884 : F8;
	F885 : F8;
	F886 : F8;
	F887 : F8;
	F888 : F8;
	F889 : F8;
	F88A : F8;
	F88B : F8;
	F88C : F8;
	F88D : F8;
	F88E : F8;
	F88F : F8;
	F890 : F8;
	F891 : F8;
	F892 : F8;
	F893 : F8;
	F894 : F8;
	F895 : F8;
	F896 : F8;
	F897 : F8;
	F898 : F8;
	F899 : F8;
	F89A : F8;
	F89B : F8;
	F89C : F8;
	F89D : F8;
	F89E : F8;
	F89F : F8;
	F8A0 : F8;
	F8A1 : F8;
	F8A2 : F8;
	F8A3 : F8;
	F8A4 : F8;
	F8A5 : F8;
	F8A6 : F8;
	F8A7 : F8;
	F8A8 : F8;
	F8A9 : F8;
	F8AA : F8;
	F8AB : F8;
	F8AC : F8;
	F8AD : F8;
	F8AE : F8;
	F8AF : F8;
	F8B0 : F8;
	F8B1 : F8;
	F8B2 : F8;
	F8B3 : F8;
	F8B4 : F8;
	F8B5 : F8;
	F8B6 : F8;
	F8B7 : F8;
	F8B8 : F8;
	F8B9 : F8;
	F8BA : F8;
	F8BB : F8;
	F8BC : F8;
	F8BD : F8;
	F8BE : F8;
	F8BF : F8;
	F8C0 : F8;
	F8C1 : F8;
	F8C2 : F8;
	F8C3 : F8;
	F8C4 : F8;
	F8C5 : F8;
	F8C6 : F8;
	F8C7 : F8;
	F8C8 : F8;
	F8C9 : F8;
	F8CA : F8;
	F8CB : F8;
	F8CC : F8;
	F8CD : F8;
	F8CE : F8;
	F8CF : F8;
	F8D0 : F8;
	F8D1 : F8;
	F8D2 : F8;
	F8D3 : F8;
	F8D4 : F8;
	F8D5 : F8;
	F8D6 : F8;
	F8D7 : F8;
	F8D8 : F8;
	F8D9 : F9;
	F8DA : F9;
	F8DB : F9;
	F8DC : F9;
	F8DD : F9;
	F8DE : F9;
	F8DF : F9;
	F8E0 : F9;
	F8E1 : F9;
	F8E2 : F9;
	F8E3 : F9;
	F8E4 : FA;
	F8E5 : FA;
	F8E6 : FA;
	F8E7 : FA;
	F8E8 : FA;
	F8E9 : FA;
	F8EA : FA;
	F8EB : FB;
	F8EC : FB;
	F8ED : FB;
	F8EE : FC;
	F8EF : FC;
	F8F0 : FC;
	F8F1 : FC;
	F8F2 : FD;
	F8F3 : FE;
	F8F4 : FE;
	F8F5 : FE;
	F8F6 : FE;
	F8F7 : FE;
	F8F8 : FE;
	F8F9 : FE;
	F8FA : FE;
	F8FB : FE;
	F8FC : FE;
	F8FD : FE;
	F8FE : FE;
	F8FF : 7F;
	F900 : F9;
	F901 : F9;
	F902 : F9;
	F903 : F9;
	F904 : F9;
	F905 : F9;
	F906 : F9;
	F907 : F9;
	F908 : F9;
	F909 : F9;
	F90A : F9;
	F90B : F9;
	F90C : F9;
	F90D : F9;
	F90E : F9;
	F90F : F9;
	F910 : F9;
	F911 : F9;
	F912 : F9;
	F913 : F9;
	F914 : F9;
	F915 : F9;
	F916 : F9;
	F917 : F9;
	F918 : F9;
	F919 : F9;
	F91A : F9;
	F91B : F9;
	F91C : F9;
	F91D : F9;
	F91E : F9;
	F91F : F9;
	F920 : F9;
	F921 : F9;
	F922 : F9;
	F923 : F9;
	F924 : F9;
	F925 : F9;
	F926 : F9;
	F927 : F9;
	F928 : F9;
	F929 : F9;
	F92A : F9;
	F92B : F9;
	F92C : F9;
	F92D : F9;
	F92E : F9;
	F92F : F9;
	F930 : F9;
	F931 : F9;
	F932 : F9;
	F933 : F9;
	F934 : F9;
	F935 : F9;
	F936 : F9;
	F937 : F9;
	F938 : F9;
	F939 : F9;
	F93A : F9;
	F93B : F9;
	F93C : F9;
	F93D : F9;
	F93E : F9;
	F93F : F9;
	F940 : F9;
	F941 : F9;
	F942 : F9;
	F943 : F9;
	F944 : F9;
	F945 : F9;
	F946 : F9;
	F947 : F9;
	F948 : F9;
	F949 : F9;
	F94A : F9;
	F94B : F9;
	F94C : F9;
	F94D : F9;
	F94E : F9;
	F94F : F9;
	F950 : F9;
	F951 : F9;
	F952 : F9;
	F953 : F9;
	F954 : F9;
	F955 : F9;
	F956 : F9;
	F957 : F9;
	F958 : F8;
	F959 : F8;
	F95A : F8;
	F95B : F8;
	F95C : F8;
	F95D : F8;
	F95E : F8;
	F95F : F8;
	F960 : F8;
	F961 : F8;
	F962 : F8;
	F963 : F7;
	F964 : F7;
	F965 : F7;
	F966 : F6;
	F967 : F6;
	F968 : F6;
	F969 : F6;
	F96A : F5;
	F96B : F4;
	F96C : F4;
	F96D : F4;
	F96E : F3;
	F96F : F2;
	F970 : F2;
	F971 : F1;
	F972 : F0;
	F973 : EE;
	F974 : EC;
	F975 : EA;
	F976 : E8;
	F977 : E4;
	F978 : E0;
	F979 : 00;
	F97A : 60;
	F97B : 68;
	F97C : 6C;
	F97D : 70;
	F97E : 72;
	F97F : 7F;
	F980 : F9;
	F981 : F9;
	F982 : F9;
	F983 : F9;
	F984 : F9;
	F985 : F9;
	F986 : F9;
	F987 : F9;
	F988 : F9;
	F989 : F9;
	F98A : F9;
	F98B : F9;
	F98C : F9;
	F98D : F9;
	F98E : F9;
	F98F : F9;
	F990 : F9;
	F991 : F9;
	F992 : F9;
	F993 : F9;
	F994 : F9;
	F995 : F9;
	F996 : F9;
	F997 : F9;
	F998 : F9;
	F999 : F9;
	F99A : F9;
	F99B : F9;
	F99C : F9;
	F99D : F9;
	F99E : F9;
	F99F : F9;
	F9A0 : F9;
	F9A1 : F9;
	F9A2 : F9;
	F9A3 : F9;
	F9A4 : F9;
	F9A5 : F9;
	F9A6 : F9;
	F9A7 : F9;
	F9A8 : F9;
	F9A9 : F9;
	F9AA : F9;
	F9AB : F9;
	F9AC : F9;
	F9AD : F9;
	F9AE : F9;
	F9AF : F9;
	F9B0 : F9;
	F9B1 : F9;
	F9B2 : F9;
	F9B3 : F9;
	F9B4 : F9;
	F9B5 : F9;
	F9B6 : F9;
	F9B7 : F9;
	F9B8 : F9;
	F9B9 : F9;
	F9BA : F9;
	F9BB : F9;
	F9BC : F9;
	F9BD : F9;
	F9BE : F9;
	F9BF : F9;
	F9C0 : F9;
	F9C1 : F9;
	F9C2 : F9;
	F9C3 : F9;
	F9C4 : F9;
	F9C5 : F9;
	F9C6 : F9;
	F9C7 : F9;
	F9C8 : F9;
	F9C9 : F9;
	F9CA : F9;
	F9CB : F9;
	F9CC : F9;
	F9CD : F9;
	F9CE : F9;
	F9CF : F9;
	F9D0 : F9;
	F9D1 : F9;
	F9D2 : F9;
	F9D3 : F9;
	F9D4 : F9;
	F9D5 : F9;
	F9D6 : F9;
	F9D7 : F9;
	F9D8 : FA;
	F9D9 : FA;
	F9DA : FA;
	F9DB : FA;
	F9DC : FA;
	F9DD : FA;
	F9DE : FA;
	F9DF : FA;
	F9E0 : FA;
	F9E1 : FA;
	F9E2 : FA;
	F9E3 : FA;
	F9E4 : FA;
	F9E5 : FB;
	F9E6 : FB;
	F9E7 : FB;
	F9E8 : FB;
	F9E9 : FB;
	F9EA : FC;
	F9EB : FC;
	F9EC : FC;
	F9ED : FC;
	F9EE : FC;
	F9EF : FD;
	F9F0 : FD;
	F9F1 : FE;
	F9F2 : FE;
	F9F3 : FE;
	F9F4 : FE;
	F9F5 : FE;
	F9F6 : FE;
	F9F7 : FE;
	F9F8 : FE;
	F9F9 : FE;
	F9FA : FE;
	F9FB : FE;
	F9FC : FE;
	F9FD : FE;
	F9FE : FE;
	F9FF : 7F;
	FA00 : FA;
	FA01 : FA;
	FA02 : FA;
	FA03 : FA;
	FA04 : FA;
	FA05 : FA;
	FA06 : FA;
	FA07 : FA;
	FA08 : FA;
	FA09 : FA;
	FA0A : FA;
	FA0B : FA;
	FA0C : FA;
	FA0D : FA;
	FA0E : FA;
	FA0F : FA;
	FA10 : FA;
	FA11 : FA;
	FA12 : FA;
	FA13 : FA;
	FA14 : FA;
	FA15 : FA;
	FA16 : FA;
	FA17 : FA;
	FA18 : FA;
	FA19 : FA;
	FA1A : FA;
	FA1B : FA;
	FA1C : FA;
	FA1D : FA;
	FA1E : FA;
	FA1F : FA;
	FA20 : FA;
	FA21 : FA;
	FA22 : FA;
	FA23 : FA;
	FA24 : FA;
	FA25 : FA;
	FA26 : FA;
	FA27 : FA;
	FA28 : FA;
	FA29 : FA;
	FA2A : FA;
	FA2B : FA;
	FA2C : FA;
	FA2D : FA;
	FA2E : FA;
	FA2F : FA;
	FA30 : FA;
	FA31 : FA;
	FA32 : FA;
	FA33 : FA;
	FA34 : FA;
	FA35 : FA;
	FA36 : FA;
	FA37 : FA;
	FA38 : FA;
	FA39 : FA;
	FA3A : FA;
	FA3B : FA;
	FA3C : FA;
	FA3D : FA;
	FA3E : FA;
	FA3F : FA;
	FA40 : FA;
	FA41 : FA;
	FA42 : FA;
	FA43 : FA;
	FA44 : FA;
	FA45 : FA;
	FA46 : FA;
	FA47 : FA;
	FA48 : FA;
	FA49 : FA;
	FA4A : FA;
	FA4B : FA;
	FA4C : FA;
	FA4D : FA;
	FA4E : FA;
	FA4F : FA;
	FA50 : FA;
	FA51 : FA;
	FA52 : FA;
	FA53 : FA;
	FA54 : FA;
	FA55 : FA;
	FA56 : FA;
	FA57 : FA;
	FA58 : FA;
	FA59 : F9;
	FA5A : F9;
	FA5B : F9;
	FA5C : F9;
	FA5D : F9;
	FA5E : F9;
	FA5F : F9;
	FA60 : F9;
	FA61 : F9;
	FA62 : F9;
	FA63 : F9;
	FA64 : F8;
	FA65 : F8;
	FA66 : F8;
	FA67 : F8;
	FA68 : F8;
	FA69 : F8;
	FA6A : F7;
	FA6B : F6;
	FA6C : F6;
	FA6D : F6;
	FA6E : F5;
	FA6F : F4;
	FA70 : F4;
	FA71 : F3;
	FA72 : F2;
	FA73 : F1;
	FA74 : F0;
	FA75 : EE;
	FA76 : EC;
	FA77 : EA;
	FA78 : E8;
	FA79 : E0;
	FA7A : 00;
	FA7B : 60;
	FA7C : 68;
	FA7D : 6C;
	FA7E : 70;
	FA7F : 7F;
	FA80 : FA;
	FA81 : FA;
	FA82 : FA;
	FA83 : FA;
	FA84 : FA;
	FA85 : FA;
	FA86 : FA;
	FA87 : FA;
	FA88 : FA;
	FA89 : FA;
	FA8A : FA;
	FA8B : FA;
	FA8C : FA;
	FA8D : FA;
	FA8E : FA;
	FA8F : FA;
	FA90 : FA;
	FA91 : FA;
	FA92 : FA;
	FA93 : FA;
	FA94 : FA;
	FA95 : FA;
	FA96 : FA;
	FA97 : FA;
	FA98 : FA;
	FA99 : FA;
	FA9A : FA;
	FA9B : FA;
	FA9C : FA;
	FA9D : FA;
	FA9E : FA;
	FA9F : FA;
	FAA0 : FA;
	FAA1 : FA;
	FAA2 : FA;
	FAA3 : FA;
	FAA4 : FA;
	FAA5 : FA;
	FAA6 : FA;
	FAA7 : FA;
	FAA8 : FA;
	FAA9 : FA;
	FAAA : FA;
	FAAB : FA;
	FAAC : FA;
	FAAD : FA;
	FAAE : FA;
	FAAF : FA;
	FAB0 : FA;
	FAB1 : FA;
	FAB2 : FA;
	FAB3 : FA;
	FAB4 : FA;
	FAB5 : FA;
	FAB6 : FA;
	FAB7 : FA;
	FAB8 : FA;
	FAB9 : FA;
	FABA : FA;
	FABB : FA;
	FABC : FA;
	FABD : FA;
	FABE : FA;
	FABF : FA;
	FAC0 : FA;
	FAC1 : FA;
	FAC2 : FA;
	FAC3 : FA;
	FAC4 : FA;
	FAC5 : FA;
	FAC6 : FA;
	FAC7 : FA;
	FAC8 : FA;
	FAC9 : FA;
	FACA : FA;
	FACB : FA;
	FACC : FA;
	FACD : FA;
	FACE : FA;
	FACF : FA;
	FAD0 : FA;
	FAD1 : FA;
	FAD2 : FA;
	FAD3 : FA;
	FAD4 : FA;
	FAD5 : FA;
	FAD6 : FA;
	FAD7 : FA;
	FAD8 : FA;
	FAD9 : FB;
	FADA : FB;
	FADB : FB;
	FADC : FB;
	FADD : FB;
	FADE : FB;
	FADF : FB;
	FAE0 : FB;
	FAE1 : FB;
	FAE2 : FB;
	FAE3 : FB;
	FAE4 : FC;
	FAE5 : FC;
	FAE6 : FC;
	FAE7 : FC;
	FAE8 : FC;
	FAE9 : FC;
	FAEA : FC;
	FAEB : FD;
	FAEC : FD;
	FAED : FD;
	FAEE : FE;
	FAEF : FE;
	FAF0 : FE;
	FAF1 : FE;
	FAF2 : FE;
	FAF3 : FE;
	FAF4 : FE;
	FAF5 : FE;
	FAF6 : FE;
	FAF7 : FE;
	FAF8 : FE;
	FAF9 : FE;
	FAFA : FE;
	FAFB : FE;
	FAFC : FE;
	FAFD : FE;
	FAFE : FE;
	FAFF : 7F;
	FB00 : FB;
	FB01 : FB;
	FB02 : FB;
	FB03 : FB;
	FB04 : FB;
	FB05 : FB;
	FB06 : FB;
	FB07 : FB;
	FB08 : FB;
	FB09 : FB;
	FB0A : FB;
	FB0B : FB;
	FB0C : FB;
	FB0D : FB;
	FB0E : FB;
	FB0F : FB;
	FB10 : FB;
	FB11 : FB;
	FB12 : FB;
	FB13 : FB;
	FB14 : FB;
	FB15 : FB;
	FB16 : FB;
	FB17 : FB;
	FB18 : FB;
	FB19 : FB;
	FB1A : FB;
	FB1B : FB;
	FB1C : FB;
	FB1D : FB;
	FB1E : FB;
	FB1F : FB;
	FB20 : FB;
	FB21 : FB;
	FB22 : FB;
	FB23 : FB;
	FB24 : FB;
	FB25 : FB;
	FB26 : FB;
	FB27 : FB;
	FB28 : FB;
	FB29 : FB;
	FB2A : FB;
	FB2B : FB;
	FB2C : FB;
	FB2D : FB;
	FB2E : FB;
	FB2F : FB;
	FB30 : FB;
	FB31 : FB;
	FB32 : FB;
	FB33 : FB;
	FB34 : FB;
	FB35 : FB;
	FB36 : FB;
	FB37 : FB;
	FB38 : FB;
	FB39 : FB;
	FB3A : FB;
	FB3B : FB;
	FB3C : FB;
	FB3D : FB;
	FB3E : FB;
	FB3F : FB;
	FB40 : FB;
	FB41 : FB;
	FB42 : FB;
	FB43 : FB;
	FB44 : FB;
	FB45 : FB;
	FB46 : FB;
	FB47 : FB;
	FB48 : FB;
	FB49 : FB;
	FB4A : FB;
	FB4B : FB;
	FB4C : FB;
	FB4D : FB;
	FB4E : FB;
	FB4F : FB;
	FB50 : FB;
	FB51 : FB;
	FB52 : FB;
	FB53 : FB;
	FB54 : FB;
	FB55 : FB;
	FB56 : FB;
	FB57 : FB;
	FB58 : FA;
	FB59 : FA;
	FB5A : FA;
	FB5B : FA;
	FB5C : FA;
	FB5D : FA;
	FB5E : FA;
	FB5F : FA;
	FB60 : FA;
	FB61 : FA;
	FB62 : FA;
	FB63 : FA;
	FB64 : FA;
	FB65 : F9;
	FB66 : F9;
	FB67 : F9;
	FB68 : F9;
	FB69 : F9;
	FB6A : F8;
	FB6B : F8;
	FB6C : F8;
	FB6D : F8;
	FB6E : F7;
	FB6F : F6;
	FB70 : F6;
	FB71 : F5;
	FB72 : F4;
	FB73 : F3;
	FB74 : F2;
	FB75 : F1;
	FB76 : F0;
	FB77 : EE;
	FB78 : EC;
	FB79 : E8;
	FB7A : E0;
	FB7B : 00;
	FB7C : 60;
	FB7D : 68;
	FB7E : 6C;
	FB7F : 7F;
	FB80 : FB;
	FB81 : FB;
	FB82 : FB;
	FB83 : FB;
	FB84 : FB;
	FB85 : FB;
	FB86 : FB;
	FB87 : FB;
	FB88 : FB;
	FB89 : FB;
	FB8A : FB;
	FB8B : FB;
	FB8C : FB;
	FB8D : FB;
	FB8E : FB;
	FB8F : FB;
	FB90 : FB;
	FB91 : FB;
	FB92 : FB;
	FB93 : FB;
	FB94 : FB;
	FB95 : FB;
	FB96 : FB;
	FB97 : FB;
	FB98 : FB;
	FB99 : FB;
	FB9A : FB;
	FB9B : FB;
	FB9C : FB;
	FB9D : FB;
	FB9E : FB;
	FB9F : FB;
	FBA0 : FB;
	FBA1 : FB;
	FBA2 : FB;
	FBA3 : FB;
	FBA4 : FB;
	FBA5 : FB;
	FBA6 : FB;
	FBA7 : FB;
	FBA8 : FB;
	FBA9 : FB;
	FBAA : FB;
	FBAB : FB;
	FBAC : FB;
	FBAD : FB;
	FBAE : FB;
	FBAF : FB;
	FBB0 : FB;
	FBB1 : FB;
	FBB2 : FB;
	FBB3 : FB;
	FBB4 : FB;
	FBB5 : FB;
	FBB6 : FB;
	FBB7 : FB;
	FBB8 : FB;
	FBB9 : FB;
	FBBA : FB;
	FBBB : FB;
	FBBC : FB;
	FBBD : FB;
	FBBE : FB;
	FBBF : FB;
	FBC0 : FB;
	FBC1 : FB;
	FBC2 : FB;
	FBC3 : FB;
	FBC4 : FB;
	FBC5 : FB;
	FBC6 : FB;
	FBC7 : FB;
	FBC8 : FB;
	FBC9 : FB;
	FBCA : FB;
	FBCB : FB;
	FBCC : FB;
	FBCD : FB;
	FBCE : FB;
	FBCF : FB;
	FBD0 : FB;
	FBD1 : FB;
	FBD2 : FB;
	FBD3 : FB;
	FBD4 : FB;
	FBD5 : FB;
	FBD6 : FB;
	FBD7 : FB;
	FBD8 : FC;
	FBD9 : FC;
	FBDA : FC;
	FBDB : FC;
	FBDC : FC;
	FBDD : FC;
	FBDE : FC;
	FBDF : FC;
	FBE0 : FC;
	FBE1 : FC;
	FBE2 : FC;
	FBE3 : FC;
	FBE4 : FC;
	FBE5 : FD;
	FBE6 : FD;
	FBE7 : FD;
	FBE8 : FD;
	FBE9 : FD;
	FBEA : FE;
	FBEB : FE;
	FBEC : FE;
	FBED : FE;
	FBEE : FE;
	FBEF : FE;
	FBF0 : FE;
	FBF1 : FE;
	FBF2 : FE;
	FBF3 : FE;
	FBF4 : FE;
	FBF5 : FE;
	FBF6 : FE;
	FBF7 : FE;
	FBF8 : FE;
	FBF9 : FE;
	FBFA : FE;
	FBFB : FE;
	FBFC : FE;
	FBFD : FE;
	FBFE : FE;
	FBFF : 7F;
	FC00 : FC;
	FC01 : FC;
	FC02 : FC;
	FC03 : FC;
	FC04 : FC;
	FC05 : FC;
	FC06 : FC;
	FC07 : FC;
	FC08 : FC;
	FC09 : FC;
	FC0A : FC;
	FC0B : FC;
	FC0C : FC;
	FC0D : FC;
	FC0E : FC;
	FC0F : FC;
	FC10 : FC;
	FC11 : FC;
	FC12 : FC;
	FC13 : FC;
	FC14 : FC;
	FC15 : FC;
	FC16 : FC;
	FC17 : FC;
	FC18 : FC;
	FC19 : FC;
	FC1A : FC;
	FC1B : FC;
	FC1C : FC;
	FC1D : FC;
	FC1E : FC;
	FC1F : FC;
	FC20 : FC;
	FC21 : FC;
	FC22 : FC;
	FC23 : FC;
	FC24 : FC;
	FC25 : FC;
	FC26 : FC;
	FC27 : FC;
	FC28 : FC;
	FC29 : FC;
	FC2A : FC;
	FC2B : FC;
	FC2C : FC;
	FC2D : FC;
	FC2E : FC;
	FC2F : FC;
	FC30 : FC;
	FC31 : FC;
	FC32 : FC;
	FC33 : FC;
	FC34 : FC;
	FC35 : FC;
	FC36 : FC;
	FC37 : FC;
	FC38 : FC;
	FC39 : FC;
	FC3A : FC;
	FC3B : FC;
	FC3C : FC;
	FC3D : FC;
	FC3E : FC;
	FC3F : FC;
	FC40 : FC;
	FC41 : FC;
	FC42 : FC;
	FC43 : FC;
	FC44 : FC;
	FC45 : FC;
	FC46 : FC;
	FC47 : FC;
	FC48 : FC;
	FC49 : FC;
	FC4A : FC;
	FC4B : FC;
	FC4C : FC;
	FC4D : FC;
	FC4E : FC;
	FC4F : FC;
	FC50 : FC;
	FC51 : FC;
	FC52 : FC;
	FC53 : FC;
	FC54 : FC;
	FC55 : FC;
	FC56 : FC;
	FC57 : FC;
	FC58 : FC;
	FC59 : FB;
	FC5A : FB;
	FC5B : FB;
	FC5C : FB;
	FC5D : FB;
	FC5E : FB;
	FC5F : FB;
	FC60 : FB;
	FC61 : FB;
	FC62 : FB;
	FC63 : FB;
	FC64 : FA;
	FC65 : FA;
	FC66 : FA;
	FC67 : FA;
	FC68 : FA;
	FC69 : FA;
	FC6A : FA;
	FC6B : F9;
	FC6C : F9;
	FC6D : F9;
	FC6E : F8;
	FC6F : F8;
	FC70 : F8;
	FC71 : F7;
	FC72 : F6;
	FC73 : F5;
	FC74 : F4;
	FC75 : F3;
	FC76 : F2;
	FC77 : F1;
	FC78 : F0;
	FC79 : EC;
	FC7A : E8;
	FC7B : E0;
	FC7C : 00;
	FC7D : 60;
	FC7E : 68;
	FC7F : 7F;
	FC80 : FC;
	FC81 : FC;
	FC82 : FC;
	FC83 : FC;
	FC84 : FC;
	FC85 : FC;
	FC86 : FC;
	FC87 : FC;
	FC88 : FC;
	FC89 : FC;
	FC8A : FC;
	FC8B : FC;
	FC8C : FC;
	FC8D : FC;
	FC8E : FC;
	FC8F : FC;
	FC90 : FC;
	FC91 : FC;
	FC92 : FC;
	FC93 : FC;
	FC94 : FC;
	FC95 : FC;
	FC96 : FC;
	FC97 : FC;
	FC98 : FC;
	FC99 : FC;
	FC9A : FC;
	FC9B : FC;
	FC9C : FC;
	FC9D : FC;
	FC9E : FC;
	FC9F : FC;
	FCA0 : FC;
	FCA1 : FC;
	FCA2 : FC;
	FCA3 : FC;
	FCA4 : FC;
	FCA5 : FC;
	FCA6 : FC;
	FCA7 : FC;
	FCA8 : FC;
	FCA9 : FC;
	FCAA : FC;
	FCAB : FC;
	FCAC : FC;
	FCAD : FC;
	FCAE : FC;
	FCAF : FC;
	FCB0 : FC;
	FCB1 : FC;
	FCB2 : FC;
	FCB3 : FC;
	FCB4 : FC;
	FCB5 : FC;
	FCB6 : FC;
	FCB7 : FC;
	FCB8 : FC;
	FCB9 : FC;
	FCBA : FC;
	FCBB : FC;
	FCBC : FC;
	FCBD : FC;
	FCBE : FC;
	FCBF : FC;
	FCC0 : FC;
	FCC1 : FC;
	FCC2 : FC;
	FCC3 : FC;
	FCC4 : FC;
	FCC5 : FC;
	FCC6 : FC;
	FCC7 : FC;
	FCC8 : FC;
	FCC9 : FC;
	FCCA : FC;
	FCCB : FC;
	FCCC : FC;
	FCCD : FC;
	FCCE : FC;
	FCCF : FC;
	FCD0 : FC;
	FCD1 : FC;
	FCD2 : FC;
	FCD3 : FC;
	FCD4 : FC;
	FCD5 : FC;
	FCD6 : FC;
	FCD7 : FC;
	FCD8 : FC;
	FCD9 : FD;
	FCDA : FD;
	FCDB : FD;
	FCDC : FD;
	FCDD : FD;
	FCDE : FD;
	FCDF : FD;
	FCE0 : FD;
	FCE1 : FD;
	FCE2 : FD;
	FCE3 : FD;
	FCE4 : FE;
	FCE5 : FE;
	FCE6 : FE;
	FCE7 : FE;
	FCE8 : FE;
	FCE9 : FE;
	FCEA : FE;
	FCEB : FE;
	FCEC : FE;
	FCED : FE;
	FCEE : FE;
	FCEF : FE;
	FCF0 : FE;
	FCF1 : FE;
	FCF2 : FE;
	FCF3 : FE;
	FCF4 : FE;
	FCF5 : FE;
	FCF6 : FE;
	FCF7 : FE;
	FCF8 : FE;
	FCF9 : FE;
	FCFA : FE;
	FCFB : FE;
	FCFC : FE;
	FCFD : FE;
	FCFE : FE;
	FCFF : 7F;
	FD00 : FD;
	FD01 : FD;
	FD02 : FD;
	FD03 : FD;
	FD04 : FD;
	FD05 : FD;
	FD06 : FD;
	FD07 : FD;
	FD08 : FD;
	FD09 : FD;
	FD0A : FD;
	FD0B : FD;
	FD0C : FD;
	FD0D : FD;
	FD0E : FD;
	FD0F : FD;
	FD10 : FD;
	FD11 : FD;
	FD12 : FD;
	FD13 : FD;
	FD14 : FD;
	FD15 : FD;
	FD16 : FD;
	FD17 : FD;
	FD18 : FD;
	FD19 : FD;
	FD1A : FD;
	FD1B : FD;
	FD1C : FD;
	FD1D : FD;
	FD1E : FD;
	FD1F : FD;
	FD20 : FD;
	FD21 : FD;
	FD22 : FD;
	FD23 : FD;
	FD24 : FD;
	FD25 : FD;
	FD26 : FD;
	FD27 : FD;
	FD28 : FD;
	FD29 : FD;
	FD2A : FD;
	FD2B : FD;
	FD2C : FD;
	FD2D : FD;
	FD2E : FD;
	FD2F : FD;
	FD30 : FD;
	FD31 : FD;
	FD32 : FD;
	FD33 : FD;
	FD34 : FD;
	FD35 : FD;
	FD36 : FD;
	FD37 : FD;
	FD38 : FD;
	FD39 : FD;
	FD3A : FD;
	FD3B : FD;
	FD3C : FD;
	FD3D : FD;
	FD3E : FD;
	FD3F : FD;
	FD40 : FD;
	FD41 : FD;
	FD42 : FD;
	FD43 : FD;
	FD44 : FD;
	FD45 : FD;
	FD46 : FD;
	FD47 : FD;
	FD48 : FD;
	FD49 : FD;
	FD4A : FD;
	FD4B : FD;
	FD4C : FD;
	FD4D : FD;
	FD4E : FD;
	FD4F : FD;
	FD50 : FD;
	FD51 : FD;
	FD52 : FD;
	FD53 : FD;
	FD54 : FD;
	FD55 : FD;
	FD56 : FD;
	FD57 : FD;
	FD58 : FC;
	FD59 : FC;
	FD5A : FC;
	FD5B : FC;
	FD5C : FC;
	FD5D : FC;
	FD5E : FC;
	FD5F : FC;
	FD60 : FC;
	FD61 : FC;
	FD62 : FC;
	FD63 : FC;
	FD64 : FC;
	FD65 : FB;
	FD66 : FB;
	FD67 : FB;
	FD68 : FB;
	FD69 : FB;
	FD6A : FA;
	FD6B : FA;
	FD6C : FA;
	FD6D : FA;
	FD6E : FA;
	FD6F : F9;
	FD70 : F9;
	FD71 : F8;
	FD72 : F8;
	FD73 : F7;
	FD74 : F6;
	FD75 : F5;
	FD76 : F4;
	FD77 : F3;
	FD78 : F2;
	FD79 : F0;
	FD7A : EC;
	FD7B : E8;
	FD7C : E0;
	FD7D : 00;
	FD7E : 60;
	FD7F : 7F;
	FD80 : FD;
	FD81 : FD;
	FD82 : FD;
	FD83 : FD;
	FD84 : FD;
	FD85 : FD;
	FD86 : FD;
	FD87 : FD;
	FD88 : FD;
	FD89 : FD;
	FD8A : FD;
	FD8B : FD;
	FD8C : FD;
	FD8D : FD;
	FD8E : FD;
	FD8F : FD;
	FD90 : FD;
	FD91 : FD;
	FD92 : FD;
	FD93 : FD;
	FD94 : FD;
	FD95 : FD;
	FD96 : FD;
	FD97 : FD;
	FD98 : FD;
	FD99 : FD;
	FD9A : FD;
	FD9B : FD;
	FD9C : FD;
	FD9D : FD;
	FD9E : FD;
	FD9F : FD;
	FDA0 : FD;
	FDA1 : FD;
	FDA2 : FD;
	FDA3 : FD;
	FDA4 : FD;
	FDA5 : FD;
	FDA6 : FD;
	FDA7 : FD;
	FDA8 : FD;
	FDA9 : FD;
	FDAA : FD;
	FDAB : FD;
	FDAC : FD;
	FDAD : FD;
	FDAE : FD;
	FDAF : FD;
	FDB0 : FD;
	FDB1 : FD;
	FDB2 : FD;
	FDB3 : FD;
	FDB4 : FD;
	FDB5 : FD;
	FDB6 : FD;
	FDB7 : FD;
	FDB8 : FD;
	FDB9 : FD;
	FDBA : FD;
	FDBB : FD;
	FDBC : FD;
	FDBD : FD;
	FDBE : FD;
	FDBF : FD;
	FDC0 : FD;
	FDC1 : FD;
	FDC2 : FD;
	FDC3 : FD;
	FDC4 : FD;
	FDC5 : FD;
	FDC6 : FD;
	FDC7 : FD;
	FDC8 : FD;
	FDC9 : FD;
	FDCA : FD;
	FDCB : FD;
	FDCC : FD;
	FDCD : FD;
	FDCE : FD;
	FDCF : FD;
	FDD0 : FD;
	FDD1 : FD;
	FDD2 : FD;
	FDD3 : FD;
	FDD4 : FD;
	FDD5 : FD;
	FDD6 : FD;
	FDD7 : FD;
	FDD8 : FE;
	FDD9 : FE;
	FDDA : FE;
	FDDB : FE;
	FDDC : FE;
	FDDD : FE;
	FDDE : FE;
	FDDF : FE;
	FDE0 : FE;
	FDE1 : FE;
	FDE2 : FE;
	FDE3 : FE;
	FDE4 : FE;
	FDE5 : FE;
	FDE6 : FE;
	FDE7 : FE;
	FDE8 : FE;
	FDE9 : FE;
	FDEA : FE;
	FDEB : FE;
	FDEC : FE;
	FDED : FE;
	FDEE : FE;
	FDEF : FE;
	FDF0 : FE;
	FDF1 : FE;
	FDF2 : FE;
	FDF3 : FE;
	FDF4 : FE;
	FDF5 : FE;
	FDF6 : FE;
	FDF7 : FE;
	FDF8 : FE;
	FDF9 : FE;
	FDFA : FE;
	FDFB : FE;
	FDFC : FE;
	FDFD : FE;
	FDFE : FE;
	FDFF : 7F;
	FE00 : FE;
	FE01 : FE;
	FE02 : FE;
	FE03 : FE;
	FE04 : FE;
	FE05 : FE;
	FE06 : FE;
	FE07 : FE;
	FE08 : FE;
	FE09 : FE;
	FE0A : FE;
	FE0B : FE;
	FE0C : FE;
	FE0D : FE;
	FE0E : FE;
	FE0F : FE;
	FE10 : FE;
	FE11 : FE;
	FE12 : FE;
	FE13 : FE;
	FE14 : FE;
	FE15 : FE;
	FE16 : FE;
	FE17 : FE;
	FE18 : FE;
	FE19 : FE;
	FE1A : FE;
	FE1B : FE;
	FE1C : FE;
	FE1D : FE;
	FE1E : FE;
	FE1F : FE;
	FE20 : FE;
	FE21 : FE;
	FE22 : FE;
	FE23 : FE;
	FE24 : FE;
	FE25 : FE;
	FE26 : FE;
	FE27 : FE;
	FE28 : FE;
	FE29 : FE;
	FE2A : FE;
	FE2B : FE;
	FE2C : FE;
	FE2D : FE;
	FE2E : FE;
	FE2F : FE;
	FE30 : FE;
	FE31 : FE;
	FE32 : FE;
	FE33 : FE;
	FE34 : FE;
	FE35 : FE;
	FE36 : FE;
	FE37 : FE;
	FE38 : FE;
	FE39 : FE;
	FE3A : FE;
	FE3B : FE;
	FE3C : FE;
	FE3D : FE;
	FE3E : FE;
	FE3F : FE;
	FE40 : FE;
	FE41 : FE;
	FE42 : FE;
	FE43 : FE;
	FE44 : FE;
	FE45 : FE;
	FE46 : FE;
	FE47 : FE;
	FE48 : FE;
	FE49 : FE;
	FE4A : FE;
	FE4B : FE;
	FE4C : FE;
	FE4D : FE;
	FE4E : FE;
	FE4F : FE;
	FE50 : FE;
	FE51 : FE;
	FE52 : FE;
	FE53 : FE;
	FE54 : FE;
	FE55 : FE;
	FE56 : FE;
	FE57 : FE;
	FE58 : FE;
	FE59 : FD;
	FE5A : FD;
	FE5B : FD;
	FE5C : FD;
	FE5D : FD;
	FE5E : FD;
	FE5F : FD;
	FE60 : FD;
	FE61 : FD;
	FE62 : FD;
	FE63 : FD;
	FE64 : FC;
	FE65 : FC;
	FE66 : FC;
	FE67 : FC;
	FE68 : FC;
	FE69 : FC;
	FE6A : FC;
	FE6B : FB;
	FE6C : FB;
	FE6D : FB;
	FE6E : FA;
	FE6F : FA;
	FE70 : FA;
	FE71 : FA;
	FE72 : F9;
	FE73 : F8;
	FE74 : F8;
	FE75 : F7;
	FE76 : F6;
	FE77 : F5;
	FE78 : F4;
	FE79 : F2;
	FE7A : F0;
	FE7B : EC;
	FE7C : E8;
	FE7D : E0;
	FE7E : 00;
	FE7F : 7F;
	FE80 : FE;
	FE81 : FE;
	FE82 : FE;
	FE83 : FE;
	FE84 : FE;
	FE85 : FE;
	FE86 : FE;
	FE87 : FE;
	FE88 : FE;
	FE89 : FE;
	FE8A : FE;
	FE8B : FE;
	FE8C : FE;
	FE8D : FE;
	FE8E : FE;
	FE8F : FE;
	FE90 : FE;
	FE91 : FE;
	FE92 : FE;
	FE93 : FE;
	FE94 : FE;
	FE95 : FE;
	FE96 : FE;
	FE97 : FE;
	FE98 : FE;
	FE99 : FE;
	FE9A : FE;
	FE9B : FE;
	FE9C : FE;
	FE9D : FE;
	FE9E : FE;
	FE9F : FE;
	FEA0 : FE;
	FEA1 : FE;
	FEA2 : FE;
	FEA3 : FE;
	FEA4 : FE;
	FEA5 : FE;
	FEA6 : FE;
	FEA7 : FE;
	FEA8 : FE;
	FEA9 : FE;
	FEAA : FE;
	FEAB : FE;
	FEAC : FE;
	FEAD : FE;
	FEAE : FE;
	FEAF : FE;
	FEB0 : FE;
	FEB1 : FE;
	FEB2 : FE;
	FEB3 : FE;
	FEB4 : FE;
	FEB5 : FE;
	FEB6 : FE;
	FEB7 : FE;
	FEB8 : FE;
	FEB9 : FE;
	FEBA : FE;
	FEBB : FE;
	FEBC : FE;
	FEBD : FE;
	FEBE : FE;
	FEBF : FE;
	FEC0 : FE;
	FEC1 : FE;
	FEC2 : FE;
	FEC3 : FE;
	FEC4 : FE;
	FEC5 : FE;
	FEC6 : FE;
	FEC7 : FE;
	FEC8 : FE;
	FEC9 : FE;
	FECA : FE;
	FECB : FE;
	FECC : FE;
	FECD : FE;
	FECE : FE;
	FECF : FE;
	FED0 : FE;
	FED1 : FE;
	FED2 : FE;
	FED3 : FE;
	FED4 : FE;
	FED5 : FE;
	FED6 : FE;
	FED7 : FE;
	FED8 : FE;
	FED9 : FE;
	FEDA : FE;
	FEDB : FE;
	FEDC : FE;
	FEDD : FE;
	FEDE : FE;
	FEDF : FE;
	FEE0 : FE;
	FEE1 : FE;
	FEE2 : FE;
	FEE3 : FE;
	FEE4 : FE;
	FEE5 : FE;
	FEE6 : FE;
	FEE7 : FE;
	FEE8 : FE;
	FEE9 : FE;
	FEEA : FE;
	FEEB : FE;
	FEEC : FE;
	FEED : FE;
	FEEE : FE;
	FEEF : FE;
	FEF0 : FE;
	FEF1 : FE;
	FEF2 : FE;
	FEF3 : FE;
	FEF4 : FE;
	FEF5 : FE;
	FEF6 : FE;
	FEF7 : FE;
	FEF8 : FE;
	FEF9 : FE;
	FEFA : FE;
	FEFB : FE;
	FEFC : FE;
	FEFD : FE;
	FEFE : FE;
	FEFF : 7F;
	FF00 : 7F;
	FF01 : 7F;
	FF02 : 7F;
	FF03 : 7F;
	FF04 : 7F;
	FF05 : 7F;
	FF06 : 7F;
	FF07 : 7F;
	FF08 : 7F;
	FF09 : 7F;
	FF0A : 7F;
	FF0B : 7F;
	FF0C : 7F;
	FF0D : 7F;
	FF0E : 7F;
	FF0F : 7F;
	FF10 : 7F;
	FF11 : 7F;
	FF12 : 7F;
	FF13 : 7F;
	FF14 : 7F;
	FF15 : 7F;
	FF16 : 7F;
	FF17 : 7F;
	FF18 : 7F;
	FF19 : 7F;
	FF1A : 7F;
	FF1B : 7F;
	FF1C : 7F;
	FF1D : 7F;
	FF1E : 7F;
	FF1F : 7F;
	FF20 : 7F;
	FF21 : 7F;
	FF22 : 7F;
	FF23 : 7F;
	FF24 : 7F;
	FF25 : 7F;
	FF26 : 7F;
	FF27 : 7F;
	FF28 : 7F;
	FF29 : 7F;
	FF2A : 7F;
	FF2B : 7F;
	FF2C : 7F;
	FF2D : 7F;
	FF2E : 7F;
	FF2F : 7F;
	FF30 : 7F;
	FF31 : 7F;
	FF32 : 7F;
	FF33 : 7F;
	FF34 : 7F;
	FF35 : 7F;
	FF36 : 7F;
	FF37 : 7F;
	FF38 : 7F;
	FF39 : 7F;
	FF3A : 7F;
	FF3B : 7F;
	FF3C : 7F;
	FF3D : 7F;
	FF3E : 7F;
	FF3F : 7F;
	FF40 : 7F;
	FF41 : 7F;
	FF42 : 7F;
	FF43 : 7F;
	FF44 : 7F;
	FF45 : 7F;
	FF46 : 7F;
	FF47 : 7F;
	FF48 : 7F;
	FF49 : 7F;
	FF4A : 7F;
	FF4B : 7F;
	FF4C : 7F;
	FF4D : 7F;
	FF4E : 7F;
	FF4F : 7F;
	FF50 : 7F;
	FF51 : 7F;
	FF52 : 7F;
	FF53 : 7F;
	FF54 : 7F;
	FF55 : 7F;
	FF56 : 7F;
	FF57 : 7F;
	FF58 : 7F;
	FF59 : 7F;
	FF5A : 7F;
	FF5B : 7F;
	FF5C : 7F;
	FF5D : 7F;
	FF5E : 7F;
	FF5F : 7F;
	FF60 : 7F;
	FF61 : 7F;
	FF62 : 7F;
	FF63 : 7F;
	FF64 : 7F;
	FF65 : 7F;
	FF66 : 7F;
	FF67 : 7F;
	FF68 : 7F;
	FF69 : 7F;
	FF6A : 7F;
	FF6B : 7F;
	FF6C : 7F;
	FF6D : 7F;
	FF6E : 7F;
	FF6F : 7F;
	FF70 : 7F;
	FF71 : 7F;
	FF72 : 7F;
	FF73 : 7F;
	FF74 : 7F;
	FF75 : 7F;
	FF76 : 7F;
	FF77 : 7F;
	FF78 : 7F;
	FF79 : 7F;
	FF7A : 7F;
	FF7B : 7F;
	FF7C : 7F;
	FF7D : 7F;
	FF7E : 7F;
	FF7F : 7F;
	FF80 : 7F;
	FF81 : 7F;
	FF82 : 7F;
	FF83 : 7F;
	FF84 : 7F;
	FF85 : 7F;
	FF86 : 7F;
	FF87 : 7F;
	FF88 : 7F;
	FF89 : 7F;
	FF8A : 7F;
	FF8B : 7F;
	FF8C : 7F;
	FF8D : 7F;
	FF8E : 7F;
	FF8F : 7F;
	FF90 : 7F;
	FF91 : 7F;
	FF92 : 7F;
	FF93 : 7F;
	FF94 : 7F;
	FF95 : 7F;
	FF96 : 7F;
	FF97 : 7F;
	FF98 : 7F;
	FF99 : 7F;
	FF9A : 7F;
	FF9B : 7F;
	FF9C : 7F;
	FF9D : 7F;
	FF9E : 7F;
	FF9F : 7F;
	FFA0 : 7F;
	FFA1 : 7F;
	FFA2 : 7F;
	FFA3 : 7F;
	FFA4 : 7F;
	FFA5 : 7F;
	FFA6 : 7F;
	FFA7 : 7F;
	FFA8 : 7F;
	FFA9 : 7F;
	FFAA : 7F;
	FFAB : 7F;
	FFAC : 7F;
	FFAD : 7F;
	FFAE : 7F;
	FFAF : 7F;
	FFB0 : 7F;
	FFB1 : 7F;
	FFB2 : 7F;
	FFB3 : 7F;
	FFB4 : 7F;
	FFB5 : 7F;
	FFB6 : 7F;
	FFB7 : 7F;
	FFB8 : 7F;
	FFB9 : 7F;
	FFBA : 7F;
	FFBB : 7F;
	FFBC : 7F;
	FFBD : 7F;
	FFBE : 7F;
	FFBF : 7F;
	FFC0 : 7F;
	FFC1 : 7F;
	FFC2 : 7F;
	FFC3 : 7F;
	FFC4 : 7F;
	FFC5 : 7F;
	FFC6 : 7F;
	FFC7 : 7F;
	FFC8 : 7F;
	FFC9 : 7F;
	FFCA : 7F;
	FFCB : 7F;
	FFCC : 7F;
	FFCD : 7F;
	FFCE : 7F;
	FFCF : 7F;
	FFD0 : 7F;
	FFD1 : 7F;
	FFD2 : 7F;
	FFD3 : 7F;
	FFD4 : 7F;
	FFD5 : 7F;
	FFD6 : 7F;
	FFD7 : 7F;
	FFD8 : 7F;
	FFD9 : 7F;
	FFDA : 7F;
	FFDB : 7F;
	FFDC : 7F;
	FFDD : 7F;
	FFDE : 7F;
	FFDF : 7F;
	FFE0 : 7F;
	FFE1 : 7F;
	FFE2 : 7F;
	FFE3 : 7F;
	FFE4 : 7F;
	FFE5 : 7F;
	FFE6 : 7F;
	FFE7 : 7F;
	FFE8 : 7F;
	FFE9 : 7F;
	FFEA : 7F;
	FFEB : 7F;
	FFEC : 7F;
	FFED : 7F;
	FFEE : 7F;
	FFEF : 7F;
	FFF0 : 7F;
	FFF1 : 7F;
	FFF2 : 7F;
	FFF3 : 7F;
	FFF4 : 7F;
	FFF5 : 7F;
	FFF6 : 7F;
	FFF7 : 7F;
	FFF8 : 7F;
	FFF9 : 7F;
	FFFA : 7F;
	FFFB : 7F;
	FFFC : 7F;
	FFFD : 7F;
	FFFE : 7F;
	FFFF : 7F;
END;
